r_size,coeff,TMR,FMR
3,1.0,0.7893416927899687,0.005015673981191223
3,0.5,0.055590386624869384,0.0
3,0.75,0.3318704284221526,0.0
3,0.875,0.5527690700104493,0.0004179728317659352
3,0.8125,0.4346917450365726,0.0
3,0.84375,0.4952978056426332,0.0
3,0.859375,0.5243469174503658,0.0002089864158829676
3,0.8515625,0.5103448275862069,0.0002089864158829676
3,0.84765625,0.5026123301985371,0.0002089864158829676
3,0.845703125,0.5005224660397074,0.0002089864158829676
3,0.8447265625,0.4975966562173459,0.0
3,0.84521484375,0.4986415882967607,0.0
3,0.845458984375,0.49926854754440964,0.0
3,0.8455810546875,0.5001044932079415,0.0
3,0.84552001953125,0.4998955067920585,0.0
3,0.845550537109375,0.4998955067920585,0.0
3,0.8455657958984375,0.4998955067920585,0.0
3,0.8455734252929688,0.4998955067920585,0.0
3,0.8455772399902344,0.4998955067920585,0.0
3,0.8455791473388672,0.5001044932079415,0.0
3,0.8455781936645508,0.5001044932079415,0.0
3,0.8455777168273926,0.4998955067920585,0.0
3,0.8455779552459717,0.4998955067920585,0.0
3,0.8455780744552612,0.5001044932079415,0.0
3,0.8455780148506165,0.4998955067920585,0.0
3,0.8455780446529388,0.5001044932079415,0.0
3,0.8455780297517776,0.4998955067920585,0.0
3,0.8455780372023582,0.4998955067920585,0.0
3,0.8455780409276485,0.4998955067920585,0.0
3,0.8455780427902937,0.4998955067920585,0.0
3,0.8455780437216163,0.4998955067920585,0.0
3,0.8455780441872776,0.4998955067920585,0.0
3,0.8455780444201082,0.4998955067920585,0.0
3,0.8455780445365235,0.4998955067920585,0.0
3,0.8455780445947312,0.4998955067920585,0.0
3,0.845578044623835,0.4998955067920585,0.0
3,0.8455780446383869,0.4998955067920585,0.0
3,0.8455780446456629,0.4998955067920585,0.0
3,0.8455780446493009,0.4998955067920585,0.0
3,0.8455780446511199,0.4998955067920585,0.0
3,0.8455780446520293,0.4998955067920585,0.0
3,0.8455780446524841,0.4998955067920585,0.0
3,0.8455780446527115,0.4998955067920585,0.0
3,0.8455780446528252,0.4998955067920585,0.0
3,0.845578044652882,0.4998955067920585,0.0
3,0.8455780446529104,0.4998955067920585,0.0
3,0.8455780446529246,0.4998955067920585,0.0
3,0.8455780446529317,0.4998955067920585,0.0
3,0.8455780446529353,0.4998955067920585,0.0
3,0.8455780446529371,0.4998955067920585,0.0
3,0.845578044652938,0.4998955067920585,0.0
3,0.8455780446529384,0.4998955067920585,0.0
3,0.8455780446529386,0.4998955067920585,0.0
3,0.8455780446529387,0.4998955067920585,0.0
3,1.0,0.7893416927899687,0.005015673981191223
3,0.5,0.055590386624869384,0.0
3,0.75,0.3318704284221526,0.0
3,0.875,0.5527690700104493,0.0004179728317659352
3,0.9375,0.6766980146290491,0.003343782654127482
3,0.90625,0.6140020898641588,0.0014629049111807733
3,0.921875,0.6474399164054336,0.0022988505747126436
3,0.9296875,0.664367816091954,0.002716823406478579
3,0.93359375,0.6693834900731452,0.0029258098223615466
3,0.931640625,0.6668756530825496,0.0029258098223615466
3,0.9306640625,0.6660397074190177,0.0029258098223615466
3,0.93115234375,0.6664576802507837,0.0029258098223615466
3,0.931396484375,0.6666666666666666,0.0029258098223615466
3,0.9315185546875,0.6668756530825496,0.0029258098223615466
3,0.93145751953125,0.6666666666666666,0.0029258098223615466
3,0.931488037109375,0.6666666666666666,0.0029258098223615466
3,0.9315032958984375,0.6666666666666666,0.0029258098223615466
3,0.9315109252929688,0.6668756530825496,0.0029258098223615466
3,0.9315071105957031,0.6668756530825496,0.0029258098223615466
3,0.9315052032470703,0.6666666666666666,0.0029258098223615466
3,0.9315061569213867,0.6666666666666666,0.0029258098223615466
3,0.9315066337585449,0.6666666666666666,0.0029258098223615466
3,0.931506872177124,0.6666666666666666,0.0029258098223615466
3,0.9315069913864136,0.6666666666666666,0.0029258098223615466
3,0.9315070509910583,0.6666666666666666,0.0029258098223615466
3,0.9315070807933807,0.6668756530825496,0.0029258098223615466
3,0.9315070658922195,0.6666666666666666,0.0029258098223615466
3,0.9315070733428001,0.6666666666666666,0.0029258098223615466
3,0.9315070770680904,0.6666666666666666,0.0029258098223615466
3,0.9315070789307356,0.6666666666666666,0.0029258098223615466
3,0.9315070798620582,0.6666666666666666,0.0029258098223615466
3,0.9315070803277194,0.6666666666666666,0.0029258098223615466
3,0.9315070805605501,0.6666666666666666,0.0029258098223615466
3,0.9315070806769654,0.6666666666666666,0.0029258098223615466
3,0.9315070807351731,0.6666666666666666,0.0029258098223615466
3,0.9315070807642769,0.6666666666666666,0.0029258098223615466
3,0.9315070807788288,0.6666666666666666,0.0029258098223615466
3,0.9315070807861048,0.6666666666666666,0.0029258098223615466
3,0.9315070807897428,0.6666666666666666,0.0029258098223615466
3,0.9315070807915617,0.6666666666666666,0.0029258098223615466
3,0.9315070807924712,0.6666666666666666,0.0029258098223615466
3,0.931507080792926,0.6666666666666666,0.0029258098223615466
3,0.9315070807931534,0.6666666666666666,0.0029258098223615466
3,0.931507080793267,0.6666666666666666,0.0029258098223615466
3,0.9315070807933239,0.6666666666666666,0.0029258098223615466
3,0.9315070807933523,0.6666666666666666,0.0029258098223615466
3,0.9315070807933665,0.6666666666666666,0.0029258098223615466
3,0.9315070807933736,0.6666666666666666,0.0029258098223615466
3,0.9315070807933772,0.6666666666666666,0.0029258098223615466
3,0.931507080793379,0.6666666666666666,0.0029258098223615466
3,0.9315070807933798,0.6666666666666666,0.0029258098223615466
3,0.9315070807933803,0.6666666666666666,0.0029258098223615466
3,0.9315070807933805,0.6666666666666666,0.0029258098223615466
3,0.9315070807933806,0.6666666666666666,0.0029258098223615466
3,1.0,0.7893416927899687,0.005015673981191223
3,1.5,0.987042842215256,0.13688610240334378
3,1.25,0.9605015673981191,0.03845350052246604
3,1.125,0.9132706374085684,0.014420062695924765
3,1.0625,0.8672936259143156,0.009195402298850575
3,1.03125,0.8336468129571578,0.006687565308254964
3,1.015625,0.8133751306165099,0.006060606060606061
3,1.0078125,0.8029258098223615,0.005433646812957158
3,1.00390625,0.7962382445141066,0.005433646812957158
3,1.005859375,0.799373040752351,0.005433646812957158
3,1.0068359375,0.8010449320794149,0.005433646812957158
3,1.00634765625,0.800208986415883,0.005433646812957158
3,1.006103515625,0.8,0.005433646812957158
3,1.0062255859375,0.8,0.005433646812957158
3,1.00628662109375,0.8,0.005433646812957158
3,1.006317138671875,0.8,0.005433646812957158
3,1.0063323974609375,0.8,0.005433646812957158
3,1.0063400268554688,0.8,0.005433646812957158
3,1.0063438415527344,0.8,0.005433646812957158
3,1.0063457489013672,0.800208986415883,0.005433646812957158
3,1.0063447952270508,0.8,0.005433646812957158
3,1.006345272064209,0.800208986415883,0.005433646812957158
3,1.0063450336456299,0.8,0.005433646812957158
3,1.0063451528549194,0.800208986415883,0.005433646812957158
3,1.0063450932502747,0.8,0.005433646812957158
3,1.006345123052597,0.800208986415883,0.005433646812957158
3,1.0063451081514359,0.800208986415883,0.005433646812957158
3,1.0063451007008553,0.800208986415883,0.005433646812957158
3,1.006345096975565,0.800208986415883,0.005433646812957158
3,1.0063450951129198,0.800208986415883,0.005433646812957158
3,1.0063450941815972,0.800208986415883,0.005433646812957158
3,1.006345093715936,0.800208986415883,0.005433646812957158
3,1.0063450934831053,0.800208986415883,0.005433646812957158
3,1.00634509336669,0.800208986415883,0.005433646812957158
3,1.0063450933084823,0.800208986415883,0.005433646812957158
3,1.0063450932793785,0.800208986415883,0.005433646812957158
3,1.0063450932648266,0.800208986415883,0.005433646812957158
3,1.0063450932575506,0.800208986415883,0.005433646812957158
3,1.0063450932539126,0.800208986415883,0.005433646812957158
3,1.0063450932520936,0.800208986415883,0.005433646812957158
3,1.0063450932511842,0.800208986415883,0.005433646812957158
3,1.0063450932507294,0.800208986415883,0.005433646812957158
3,1.006345093250502,0.800208986415883,0.005433646812957158
3,1.0063450932503883,0.800208986415883,0.005433646812957158
3,1.0063450932503315,0.800208986415883,0.005433646812957158
3,1.006345093250303,0.800208986415883,0.005433646812957158
3,1.0063450932502889,0.800208986415883,0.005433646812957158
3,1.0063450932502818,0.800208986415883,0.005433646812957158
3,1.0063450932502782,0.800208986415883,0.005433646812957158
3,1.0063450932502764,0.800208986415883,0.005433646812957158
3,1.0063450932502755,0.800208986415883,0.005433646812957158
3,1.006345093250275,0.800208986415883,0.005433646812957158
3,1.0063450932502749,0.800208986415883,0.005433646812957158
3,1.0,0.7893416927899687,0.005015673981191223
3,1.5,0.987042842215256,0.13688610240334378
3,1.25,0.9605015673981191,0.03845350052246604
3,1.125,0.9132706374085684,0.014420062695924765
3,1.0625,0.8672936259143156,0.009195402298850575
3,1.03125,0.8336468129571578,0.006687565308254964
3,1.046875,0.8532915360501567,0.007523510971786834
3,1.0546875,0.8624869383490074,0.007941483803552769
3,1.05078125,0.8566353187042842,0.007732497387669801
3,1.052734375,0.8593521421107628,0.007732497387669801
3,1.0517578125,0.8570532915360501,0.007732497387669801
3,1.05224609375,0.8583072100313479,0.007732497387669801
3,1.052001953125,0.857889237199582,0.007732497387669801
3,1.0518798828125,0.8574712643678161,0.007732497387669801
3,1.05181884765625,0.8574712643678161,0.007732497387669801
3,1.051788330078125,0.8572622779519331,0.007732497387669801
3,1.0517730712890625,0.8570532915360501,0.007732497387669801
3,1.0517807006835938,0.8572622779519331,0.007732497387669801
3,1.0517768859863281,0.8570532915360501,0.007732497387669801
3,1.051778793334961,0.8570532915360501,0.007732497387669801
3,1.0517797470092773,0.8570532915360501,0.007732497387669801
3,1.0517802238464355,0.8572622779519331,0.007732497387669801
3,1.0517799854278564,0.8570532915360501,0.007732497387669801
3,1.051780104637146,0.8570532915360501,0.007732497387669801
3,1.0517801642417908,0.8572622779519331,0.007732497387669801
3,1.0517801344394684,0.8570532915360501,0.007732497387669801
3,1.0517801493406296,0.8570532915360501,0.007732497387669801
3,1.0517801567912102,0.8570532915360501,0.007732497387669801
3,1.0517801605165005,0.8570532915360501,0.007732497387669801
3,1.0517801623791456,0.8570532915360501,0.007732497387669801
3,1.0517801633104682,0.8570532915360501,0.007732497387669801
3,1.0517801637761295,0.8570532915360501,0.007732497387669801
3,1.0517801640089601,0.8570532915360501,0.007732497387669801
3,1.0517801641253754,0.8570532915360501,0.007732497387669801
3,1.051780164183583,0.8570532915360501,0.007732497387669801
3,1.051780164212687,0.8570532915360501,0.007732497387669801
3,1.0517801642272389,0.8570532915360501,0.007732497387669801
3,1.0517801642345148,0.8570532915360501,0.007732497387669801
3,1.0517801642381528,0.8570532915360501,0.007732497387669801
3,1.0517801642399718,0.8570532915360501,0.007732497387669801
3,1.0517801642408813,0.8570532915360501,0.007732497387669801
3,1.051780164241336,0.8570532915360501,0.007732497387669801
3,1.0517801642415634,0.8570532915360501,0.007732497387669801
3,1.051780164241677,0.8570532915360501,0.007732497387669801
3,1.051780164241734,0.8570532915360501,0.007732497387669801
3,1.0517801642417623,0.8570532915360501,0.007732497387669801
3,1.0517801642417766,0.8570532915360501,0.007732497387669801
3,1.0517801642417837,0.8570532915360501,0.007732497387669801
3,1.0517801642417872,0.8570532915360501,0.007732497387669801
3,1.051780164241789,0.8570532915360501,0.007732497387669801
3,1.0517801642417899,0.8570532915360501,0.007732497387669801
3,1.0517801642417903,0.8570532915360501,0.007732497387669801
3,1.0517801642417905,0.8570532915360501,0.007732497387669801
3,1.0,0.7893416927899687,0.005015673981191223
3,1.5,0.987042842215256,0.13688610240334378
3,1.25,0.9605015673981191,0.03845350052246604
3,1.125,0.9132706374085684,0.014420062695924765
3,1.0625,0.8672936259143156,0.009195402298850575
3,1.09375,0.8946708463949843,0.011076280041797283
3,1.078125,0.8831765935214211,0.00961337513061651
3,1.0859375,0.8892371995820272,0.010658307210031349
3,1.08203125,0.8867293625914315,0.009822361546499478
3,1.083984375,0.8873563218390804,0.01044932079414838
3,1.0849609375,0.8881922675026124,0.010658307210031349
3,1.08544921875,0.8884012539184953,0.010658307210031349
3,1.085693359375,0.8890282131661442,0.010658307210031349
3,1.0855712890625,0.8888192267502613,0.010658307210031349
3,1.08563232421875,0.8890282131661442,0.010658307210031349
3,1.085601806640625,0.8890282131661442,0.010658307210031349
3,1.0855865478515625,0.8890282131661442,0.010658307210031349
3,1.0855789184570312,0.8888192267502613,0.010658307210031349
3,1.0855827331542969,0.8888192267502613,0.010658307210031349
3,1.0855846405029297,0.8888192267502613,0.010658307210031349
3,1.085585594177246,0.8888192267502613,0.010658307210031349
3,1.0855860710144043,0.8888192267502613,0.010658307210031349
3,1.0855863094329834,0.8890282131661442,0.010658307210031349
3,1.0855861902236938,0.8888192267502613,0.010658307210031349
3,1.0855862498283386,0.8890282131661442,0.010658307210031349
3,1.0855862200260162,0.8888192267502613,0.010658307210031349
3,1.0855862349271774,0.8888192267502613,0.010658307210031349
3,1.085586242377758,0.8888192267502613,0.010658307210031349
3,1.0855862461030483,0.8888192267502613,0.010658307210031349
3,1.0855862479656935,0.8888192267502613,0.010658307210031349
3,1.085586248897016,0.8888192267502613,0.010658307210031349
3,1.0855862493626773,0.8888192267502613,0.010658307210031349
3,1.085586249595508,0.8888192267502613,0.010658307210031349
3,1.0855862497119233,0.8888192267502613,0.010658307210031349
3,1.085586249770131,0.8888192267502613,0.010658307210031349
3,1.0855862497992348,0.8888192267502613,0.010658307210031349
3,1.0855862498137867,0.8888192267502613,0.010658307210031349
3,1.0855862498210627,0.8888192267502613,0.010658307210031349
3,1.0855862498247006,0.8888192267502613,0.010658307210031349
3,1.0855862498265196,0.8888192267502613,0.010658307210031349
3,1.0855862498274291,0.8888192267502613,0.010658307210031349
3,1.0855862498278839,0.8888192267502613,0.010658307210031349
3,1.0855862498281112,0.8888192267502613,0.010658307210031349
3,1.085586249828225,0.8888192267502613,0.010658307210031349
3,1.0855862498282818,0.8888192267502613,0.010658307210031349
3,1.0855862498283102,0.8888192267502613,0.010658307210031349
3,1.0855862498283244,0.8888192267502613,0.010658307210031349
3,1.0855862498283315,0.8888192267502613,0.010658307210031349
3,1.085586249828335,0.8888192267502613,0.010658307210031349
3,1.0855862498283368,0.8888192267502613,0.010658307210031349
3,1.0855862498283377,0.8888192267502613,0.010658307210031349
3,1.0855862498283382,0.8888192267502613,0.010658307210031349
3,1.0855862498283384,0.8888192267502613,0.010658307210031349
3,1.0,0.7893416927899687,0.005015673981191223
3,1.5,0.987042842215256,0.13688610240334378
3,1.25,0.9605015673981191,0.03845350052246604
3,1.125,0.9132706374085684,0.014420062695924765
3,1.0625,0.8672936259143156,0.009195402298850575
3,1.09375,0.8946708463949843,0.011076280041797283
3,1.109375,0.903657262277952,0.012748171368861024
3,1.1171875,0.9090909090909091,0.013584117032392894
3,1.12109375,0.9111807732497388,0.01400208986415883
3,1.119140625,0.909508881922675,0.013584117032392894
3,1.1181640625,0.9090909090909091,0.013584117032392894
3,1.11865234375,0.909508881922675,0.013584117032392894
3,1.118408203125,0.909299895506792,0.013584117032392894
3,1.1182861328125,0.909299895506792,0.013584117032392894
3,1.11822509765625,0.909299895506792,0.013584117032392894
3,1.118194580078125,0.909299895506792,0.013584117032392894
3,1.1181793212890625,0.9090909090909091,0.013584117032392894
3,1.1181869506835938,0.9090909090909091,0.013584117032392894
3,1.1181907653808594,0.909299895506792,0.013584117032392894
3,1.1181888580322266,0.9090909090909091,0.013584117032392894
3,1.118189811706543,0.9090909090909091,0.013584117032392894
3,1.1181902885437012,0.9090909090909091,0.013584117032392894
3,1.1181905269622803,0.9090909090909091,0.013584117032392894
3,1.1181906461715698,0.909299895506792,0.013584117032392894
3,1.118190586566925,0.9090909090909091,0.013584117032392894
3,1.1181906163692474,0.909299895506792,0.013584117032392894
3,1.1181906014680862,0.909299895506792,0.013584117032392894
3,1.1181905940175056,0.909299895506792,0.013584117032392894
3,1.1181905902922153,0.909299895506792,0.013584117032392894
3,1.1181905884295702,0.909299895506792,0.013584117032392894
3,1.1181905874982476,0.909299895506792,0.013584117032392894
3,1.1181905870325863,0.909299895506792,0.013584117032392894
3,1.1181905867997557,0.909299895506792,0.013584117032392894
3,1.1181905866833404,0.909299895506792,0.013584117032392894
3,1.1181905866251327,0.909299895506792,0.013584117032392894
3,1.1181905865960289,0.909299895506792,0.013584117032392894
3,1.118190586581477,0.909299895506792,0.013584117032392894
3,1.118190586574201,0.909299895506792,0.013584117032392894
3,1.118190586570563,0.909299895506792,0.013584117032392894
3,1.118190586568744,0.909299895506792,0.013584117032392894
3,1.1181905865678345,0.909299895506792,0.013584117032392894
3,1.1181905865673798,0.909299895506792,0.013584117032392894
3,1.1181905865671524,0.909299895506792,0.013584117032392894
3,1.1181905865670387,0.909299895506792,0.013584117032392894
3,1.118190586566982,0.909299895506792,0.013584117032392894
3,1.1181905865669535,0.909299895506792,0.013584117032392894
3,1.1181905865669393,0.909299895506792,0.013584117032392894
3,1.1181905865669322,0.909299895506792,0.013584117032392894
3,1.1181905865669286,0.909299895506792,0.013584117032392894
3,1.1181905865669268,0.909299895506792,0.013584117032392894
3,1.118190586566926,0.909299895506792,0.013584117032392894
3,1.1181905865669255,0.909299895506792,0.013584117032392894
3,1.1181905865669253,0.909299895506792,0.013584117032392894
3,1.0,0.7893416927899687,0.005015673981191223
3,1.5,0.987042842215256,0.13688610240334378
3,1.75,0.9939393939393939,0.26812957157784745
3,1.875,0.9958202716823407,0.3341692789968652
3,1.9375,0.9962382445141066,0.3701149425287356
3,1.96875,0.9966562173458725,0.38746081504702196
3,1.984375,0.9968652037617555,0.39582027168234063
3,1.9921875,0.9970741901776384,0.4006269592476489
3,1.99609375,0.9970741901776384,0.40292580982236154
3,1.998046875,0.9970741901776384,0.4050156739811912
3,1.9990234375,0.9970741901776384,0.40564263322884014
3,1.99951171875,0.9970741901776384,0.4058516196447231
3,1.999755859375,0.9970741901776384,0.4058516196447231
3,1.9998779296875,0.9970741901776384,0.406269592476489
3,1.99993896484375,0.9970741901776384,0.406269592476489
3,1.999969482421875,0.9970741901776384,0.406269592476489
3,1.9999847412109375,0.9970741901776384,0.406269592476489
3,1.9999923706054688,0.9970741901776384,0.406269592476489
3,1.9999961853027344,0.9970741901776384,0.406269592476489
3,1.9999980926513672,0.9970741901776384,0.406269592476489
3,1.9999990463256836,0.9970741901776384,0.406269592476489
3,1.9999995231628418,0.9970741901776384,0.406269592476489
3,1.999999761581421,0.9970741901776384,0.406269592476489
3,1.9999998807907104,0.9970741901776384,0.406269592476489
3,1.9999999403953552,0.9970741901776384,0.406269592476489
3,1.9999999701976776,0.9970741901776384,0.406269592476489
3,1.9999999850988388,0.9970741901776384,0.406269592476489
3,1.9999999925494194,0.9970741901776384,0.406269592476489
3,1.9999999962747097,0.9970741901776384,0.406269592476489
3,1.9999999981373549,0.9970741901776384,0.406269592476489
3,1.9999999990686774,0.9970741901776384,0.406269592476489
3,1.9999999995343387,0.9970741901776384,0.406269592476489
3,1.9999999997671694,0.9970741901776384,0.406269592476489
3,1.9999999998835847,0.9970741901776384,0.406269592476489
3,1.9999999999417923,0.9970741901776384,0.406269592476489
3,1.9999999999708962,0.9970741901776384,0.406269592476489
3,1.999999999985448,0.9970741901776384,0.406269592476489
3,1.999999999992724,0.9970741901776384,0.406269592476489
3,1.999999999996362,0.9970741901776384,0.406269592476489
3,1.999999999998181,0.9970741901776384,0.406269592476489
3,1.9999999999990905,0.9970741901776384,0.406269592476489
3,1.9999999999995453,0.9970741901776384,0.406269592476489
3,1.9999999999997726,0.9970741901776384,0.406269592476489
3,1.9999999999998863,0.9970741901776384,0.406269592476489
3,1.9999999999999432,0.9970741901776384,0.406269592476489
3,1.9999999999999716,0.9970741901776384,0.406269592476489
3,1.9999999999999858,0.9970741901776384,0.406269592476489
3,1.999999999999993,0.9970741901776384,0.406269592476489
3,1.9999999999999964,0.9970741901776384,0.406269592476489
3,1.9999999999999982,0.9970741901776384,0.406269592476489
3,1.9999999999999991,0.9970741901776384,0.406269592476489
3,1.9999999999999996,0.9970741901776384,0.406269592476489
3,1.9999999999999998,0.9970741901776384,0.406269592476489
3,2.0,0.9970741901776384,0.406269592476489
4,1.0,0.7876175548589341,0.004858934169278997
4,0.5,0.059404388714733546,0.0
4,0.75,0.35721003134796236,0.0
4,0.875,0.5799373040752351,0.0017241379310344827
4,0.8125,0.4691222570532915,0.0004702194357366771
4,0.84375,0.5266457680250783,0.0012539184952978057
4,0.828125,0.4971786833855799,0.0006269592476489029
4,0.8359375,0.5117554858934169,0.0007836990595611285
4,0.83203125,0.5039184952978056,0.0006269592476489029
4,0.830078125,0.5010971786833855,0.0006269592476489029
4,0.8291015625,0.4992163009404389,0.0006269592476489029
4,0.82958984375,0.4998432601880878,0.0006269592476489029
4,0.829833984375,0.5004702194357367,0.0006269592476489029
4,0.8297119140625,0.5003134796238244,0.0006269592476489029
4,0.82965087890625,0.5001567398119122,0.0006269592476489029
4,0.829620361328125,0.4998432601880878,0.0006269592476489029
4,0.8296356201171875,0.4998432601880878,0.0006269592476489029
4,0.8296432495117188,0.5,0.0006269592476489029
4,0.8296470642089844,0.5,0.0006269592476489029
4,0.8296489715576172,0.5,0.0006269592476489029
4,0.8296499252319336,0.5001567398119122,0.0006269592476489029
4,0.8296494483947754,0.5001567398119122,0.0006269592476489029
4,0.8296492099761963,0.5001567398119122,0.0006269592476489029
4,0.8296490907669067,0.5,0.0006269592476489029
4,0.8296491503715515,0.5001567398119122,0.0006269592476489029
4,0.8296491205692291,0.5,0.0006269592476489029
4,0.8296491354703903,0.5001567398119122,0.0006269592476489029
4,0.8296491280198097,0.5001567398119122,0.0006269592476489029
4,0.8296491242945194,0.5001567398119122,0.0006269592476489029
4,0.8296491224318743,0.5001567398119122,0.0006269592476489029
4,0.8296491215005517,0.5001567398119122,0.0006269592476489029
4,0.8296491210348904,0.5001567398119122,0.0006269592476489029
4,0.8296491208020598,0.5001567398119122,0.0006269592476489029
4,0.8296491206856444,0.5001567398119122,0.0006269592476489029
4,0.8296491206274368,0.5001567398119122,0.0006269592476489029
4,0.829649120598333,0.5001567398119122,0.0006269592476489029
4,0.829649120583781,0.5001567398119122,0.0006269592476489029
4,0.8296491205765051,0.5001567398119122,0.0006269592476489029
4,0.8296491205728671,0.5001567398119122,0.0006269592476489029
4,0.8296491205710481,0.5001567398119122,0.0006269592476489029
4,0.8296491205701386,0.5001567398119122,0.0006269592476489029
4,0.8296491205696839,0.5001567398119122,0.0006269592476489029
4,0.8296491205694565,0.5001567398119122,0.0006269592476489029
4,0.8296491205693428,0.5001567398119122,0.0006269592476489029
4,0.829649120569286,0.5001567398119122,0.0006269592476489029
4,0.8296491205692575,0.5001567398119122,0.0006269592476489029
4,0.8296491205692433,0.5001567398119122,0.0006269592476489029
4,0.8296491205692362,0.5001567398119122,0.0006269592476489029
4,0.8296491205692327,0.5001567398119122,0.0006269592476489029
4,0.8296491205692309,0.5001567398119122,0.0006269592476489029
4,0.82964912056923,0.5001567398119122,0.0006269592476489029
4,0.8296491205692296,0.5001567398119122,0.0006269592476489029
4,0.8296491205692293,0.5001567398119122,0.0006269592476489029
4,0.8296491205692292,0.5001567398119122,0.0006269592476489029
4,1.0,0.7876175548589341,0.004858934169278997
4,0.5,0.059404388714733546,0.0
4,0.75,0.35721003134796236,0.0
4,0.875,0.5799373040752351,0.0017241379310344827
4,0.9375,0.6862068965517242,0.002664576802507837
4,0.90625,0.6315047021943574,0.00219435736677116
4,0.921875,0.6567398119122257,0.00219435736677116
4,0.9296875,0.671473354231975,0.0023510971786833857
4,0.92578125,0.6647335423197492,0.00219435736677116
4,0.927734375,0.6670846394984326,0.0023510971786833857
4,0.9267578125,0.6666144200626959,0.0023510971786833857
4,0.92724609375,0.6669278996865203,0.0023510971786833857
4,0.927001953125,0.6666144200626959,0.0023510971786833857
4,0.9271240234375,0.6667711598746081,0.0023510971786833857
4,0.92706298828125,0.6667711598746081,0.0023510971786833857
4,0.927032470703125,0.6667711598746081,0.0023510971786833857
4,0.9270172119140625,0.6666144200626959,0.0023510971786833857
4,0.9270248413085938,0.6666144200626959,0.0023510971786833857
4,0.9270286560058594,0.6667711598746081,0.0023510971786833857
4,0.9270267486572266,0.6666144200626959,0.0023510971786833857
4,0.927027702331543,0.6666144200626959,0.0023510971786833857
4,0.9270281791687012,0.6667711598746081,0.0023510971786833857
4,0.9270279407501221,0.6667711598746081,0.0023510971786833857
4,0.9270278215408325,0.6666144200626959,0.0023510971786833857
4,0.9270278811454773,0.6666144200626959,0.0023510971786833857
4,0.9270279109477997,0.6667711598746081,0.0023510971786833857
4,0.9270278960466385,0.6666144200626959,0.0023510971786833857
4,0.9270279034972191,0.6666144200626959,0.0023510971786833857
4,0.9270279072225094,0.6666144200626959,0.0023510971786833857
4,0.9270279090851545,0.6666144200626959,0.0023510971786833857
4,0.9270279100164771,0.6666144200626959,0.0023510971786833857
4,0.9270279104821384,0.6666144200626959,0.0023510971786833857
4,0.927027910714969,0.6666144200626959,0.0023510971786833857
4,0.9270279108313844,0.6666144200626959,0.0023510971786833857
4,0.927027910889592,0.6666144200626959,0.0023510971786833857
4,0.9270279109186959,0.6666144200626959,0.0023510971786833857
4,0.9270279109332478,0.6666144200626959,0.0023510971786833857
4,0.9270279109405237,0.6666144200626959,0.0023510971786833857
4,0.9270279109441617,0.6666144200626959,0.0023510971786833857
4,0.9270279109459807,0.6666144200626959,0.0023510971786833857
4,0.9270279109468902,0.6666144200626959,0.0023510971786833857
4,0.9270279109473449,0.6666144200626959,0.0023510971786833857
4,0.9270279109475723,0.6666144200626959,0.0023510971786833857
4,0.927027910947686,0.6666144200626959,0.0023510971786833857
4,0.9270279109477428,0.6666144200626959,0.0023510971786833857
4,0.9270279109477713,0.6666144200626959,0.0023510971786833857
4,0.9270279109477855,0.6666144200626959,0.0023510971786833857
4,0.9270279109477926,0.6666144200626959,0.0023510971786833857
4,0.9270279109477961,0.6666144200626959,0.0023510971786833857
4,0.9270279109477979,0.6666144200626959,0.0023510971786833857
4,0.9270279109477988,0.6666144200626959,0.0023510971786833857
4,0.9270279109477992,0.6666144200626959,0.0023510971786833857
4,0.9270279109477995,0.6666144200626959,0.0023510971786833857
4,0.9270279109477996,0.6666144200626959,0.0023510971786833857
4,1.0,0.7876175548589341,0.004858934169278997
4,1.5,0.986833855799373,0.14247648902821317
4,1.25,0.9592476489028213,0.046865203761755486
4,1.125,0.9136363636363637,0.021473354231974922
4,1.0625,0.8663009404388715,0.010815047021943573
4,1.03125,0.8310344827586207,0.006739811912225706
4,1.015625,0.8103448275862069,0.0059561128526645765
4,1.0078125,0.8003134796238245,0.005015673981191223
4,1.00390625,0.7948275862068965,0.005015673981191223
4,1.005859375,0.79717868338558,0.005015673981191223
4,1.0068359375,0.7984326018808777,0.005015673981191223
4,1.00732421875,0.7992163009404388,0.005015673981191223
4,1.007568359375,0.7996865203761756,0.005015673981191223
4,1.0076904296875,0.7998432601880878,0.005015673981191223
4,1.00775146484375,0.8003134796238245,0.005015673981191223
4,1.007720947265625,0.8,0.005015673981191223
4,1.0077362060546875,0.8001567398119123,0.005015673981191223
4,1.0077285766601562,0.8,0.005015673981191223
4,1.0077323913574219,0.8,0.005015673981191223
4,1.0077342987060547,0.8001567398119123,0.005015673981191223
4,1.0077333450317383,0.8,0.005015673981191223
4,1.0077338218688965,0.8,0.005015673981191223
4,1.0077340602874756,0.8001567398119123,0.005015673981191223
4,1.007733941078186,0.8001567398119123,0.005015673981191223
4,1.0077338814735413,0.8,0.005015673981191223
4,1.0077339112758636,0.8001567398119123,0.005015673981191223
4,1.0077338963747025,0.8001567398119123,0.005015673981191223
4,1.0077338889241219,0.8001567398119123,0.005015673981191223
4,1.0077338851988316,0.8001567398119123,0.005015673981191223
4,1.0077338833361864,0.8001567398119123,0.005015673981191223
4,1.0077338824048638,0.8001567398119123,0.005015673981191223
4,1.0077338819392025,0.8001567398119123,0.005015673981191223
4,1.007733881706372,0.8001567398119123,0.005015673981191223
4,1.0077338815899566,0.8001567398119123,0.005015673981191223
4,1.007733881531749,0.8001567398119123,0.005015673981191223
4,1.007733881502645,0.8001567398119123,0.005015673981191223
4,1.0077338814880932,0.8001567398119123,0.005015673981191223
4,1.0077338814808172,0.8001567398119123,0.005015673981191223
4,1.0077338814771792,0.8001567398119123,0.005015673981191223
4,1.0077338814753602,0.8001567398119123,0.005015673981191223
4,1.0077338814744508,0.8001567398119123,0.005015673981191223
4,1.007733881473996,0.8001567398119123,0.005015673981191223
4,1.0077338814737686,0.8001567398119123,0.005015673981191223
4,1.007733881473655,0.8001567398119123,0.005015673981191223
4,1.007733881473598,0.8001567398119123,0.005015673981191223
4,1.0077338814735697,0.8001567398119123,0.005015673981191223
4,1.0077338814735555,0.8001567398119123,0.005015673981191223
4,1.0077338814735484,0.8001567398119123,0.005015673981191223
4,1.0077338814735448,0.8001567398119123,0.005015673981191223
4,1.007733881473543,0.8001567398119123,0.005015673981191223
4,1.0077338814735421,0.8001567398119123,0.005015673981191223
4,1.0077338814735417,0.8001567398119123,0.005015673981191223
4,1.0077338814735415,0.8001567398119123,0.005015673981191223
4,1.0,0.7876175548589341,0.004858934169278997
4,1.5,0.986833855799373,0.14247648902821317
4,1.25,0.9592476489028213,0.046865203761755486
4,1.125,0.9136363636363637,0.021473354231974922
4,1.0625,0.8663009404388715,0.010815047021943573
4,1.03125,0.8310344827586207,0.006739811912225706
4,1.046875,0.8498432601880878,0.007680250783699059
4,1.0546875,0.8583072100313479,0.009404388714733543
4,1.05078125,0.8543887147335423,0.008150470219435737
4,1.052734375,0.8561128526645768,0.008934169278996866
4,1.0537109375,0.8573667711598746,0.00909090909090909
4,1.05322265625,0.8568965517241379,0.008934169278996866
4,1.053466796875,0.8568965517241379,0.00909090909090909
4,1.0535888671875,0.8572100313479624,0.00909090909090909
4,1.05352783203125,0.8572100313479624,0.00909090909090909
4,1.053497314453125,0.8570532915360501,0.00909090909090909
4,1.0535125732421875,0.8570532915360501,0.00909090909090909
4,1.0535202026367188,0.8570532915360501,0.00909090909090909
4,1.0535240173339844,0.8572100313479624,0.00909090909090909
4,1.0535221099853516,0.8572100313479624,0.00909090909090909
4,1.0535211563110352,0.8572100313479624,0.00909090909090909
4,1.053520679473877,0.8570532915360501,0.00909090909090909
4,1.053520917892456,0.8572100313479624,0.00909090909090909
4,1.0535207986831665,0.8570532915360501,0.00909090909090909
4,1.0535208582878113,0.8572100313479624,0.00909090909090909
4,1.053520828485489,0.8570532915360501,0.00909090909090909
4,1.05352084338665,0.8570532915360501,0.00909090909090909
4,1.0535208508372307,0.8570532915360501,0.00909090909090909
4,1.053520854562521,0.8570532915360501,0.00909090909090909
4,1.0535208564251661,0.8570532915360501,0.00909090909090909
4,1.0535208573564887,0.8570532915360501,0.00909090909090909
4,1.05352085782215,0.8570532915360501,0.00909090909090909
4,1.0535208580549806,0.8570532915360501,0.00909090909090909
4,1.053520858171396,0.8570532915360501,0.00909090909090909
4,1.0535208582296036,0.8570532915360501,0.00909090909090909
4,1.0535208582587074,0.8570532915360501,0.00909090909090909
4,1.0535208582732594,0.8570532915360501,0.00909090909090909
4,1.0535208582805353,0.8570532915360501,0.00909090909090909
4,1.0535208582841733,0.8570532915360501,0.00909090909090909
4,1.0535208582859923,0.8570532915360501,0.00909090909090909
4,1.0535208582869018,0.8570532915360501,0.00909090909090909
4,1.0535208582873565,0.8570532915360501,0.00909090909090909
4,1.053520858287584,0.8570532915360501,0.00909090909090909
4,1.0535208582876976,0.8570532915360501,0.00909090909090909
4,1.0535208582877544,0.8570532915360501,0.00909090909090909
4,1.0535208582877829,0.8570532915360501,0.00909090909090909
4,1.053520858287797,0.8570532915360501,0.00909090909090909
4,1.0535208582878042,0.8570532915360501,0.00909090909090909
4,1.0535208582878077,0.8570532915360501,0.00909090909090909
4,1.0535208582878095,0.8570532915360501,0.00909090909090909
4,1.0535208582878104,0.8570532915360501,0.00909090909090909
4,1.0535208582878108,0.8570532915360501,0.00909090909090909
4,1.053520858287811,0.8570532915360501,0.00909090909090909
4,1.0,0.7876175548589341,0.004858934169278997
4,1.5,0.986833855799373,0.14247648902821317
4,1.25,0.9592476489028213,0.046865203761755486
4,1.125,0.9136363636363637,0.021473354231974922
4,1.0625,0.8663009404388715,0.010815047021943573
4,1.09375,0.8935736677115987,0.016300940438871474
4,1.078125,0.8797805642633229,0.013479623824451411
4,1.0859375,0.8874608150470219,0.014890282131661442
4,1.08984375,0.8907523510971787,0.015830721003134797
4,1.087890625,0.8898119122257053,0.015203761755485894
4,1.0869140625,0.888871473354232,0.015047021943573668
4,1.08740234375,0.8893416927899687,0.015047021943573668
4,1.087158203125,0.8891849529780564,0.015047021943573668
4,1.0870361328125,0.8890282131661442,0.015047021943573668
4,1.08697509765625,0.8890282131661442,0.015047021943573668
4,1.086944580078125,0.888871473354232,0.015047021943573668
4,1.0869598388671875,0.888871473354232,0.015047021943573668
4,1.0869674682617188,0.8890282131661442,0.015047021943573668
4,1.0869636535644531,0.888871473354232,0.015047021943573668
4,1.086965560913086,0.888871473354232,0.015047021943573668
4,1.0869665145874023,0.8890282131661442,0.015047021943573668
4,1.0869660377502441,0.8890282131661442,0.015047021943573668
4,1.086965799331665,0.888871473354232,0.015047021943573668
4,1.0869659185409546,0.8890282131661442,0.015047021943573668
4,1.0869658589363098,0.888871473354232,0.015047021943573668
4,1.0869658887386322,0.8890282131661442,0.015047021943573668
4,1.086965873837471,0.8890282131661442,0.015047021943573668
4,1.0869658663868904,0.8890282131661442,0.015047021943573668
4,1.0869658626616001,0.8890282131661442,0.015047021943573668
4,1.086965860798955,0.8890282131661442,0.015047021943573668
4,1.0869658598676324,0.8890282131661442,0.015047021943573668
4,1.086965859401971,0.8890282131661442,0.015047021943573668
4,1.0869658591691405,0.8890282131661442,0.015047021943573668
4,1.0869658590527251,0.8890282131661442,0.015047021943573668
4,1.0869658589945175,0.8890282131661442,0.015047021943573668
4,1.0869658589654136,0.8890282131661442,0.015047021943573668
4,1.0869658589508617,0.8890282131661442,0.015047021943573668
4,1.0869658589435858,0.8890282131661442,0.015047021943573668
4,1.0869658589399478,0.8890282131661442,0.015047021943573668
4,1.0869658589381288,0.8890282131661442,0.015047021943573668
4,1.0869658589372193,0.8890282131661442,0.015047021943573668
4,1.0869658589367646,0.8890282131661442,0.015047021943573668
4,1.0869658589365372,0.8890282131661442,0.015047021943573668
4,1.0869658589364235,0.8890282131661442,0.015047021943573668
4,1.0869658589363667,0.8890282131661442,0.015047021943573668
4,1.0869658589363382,0.8890282131661442,0.015047021943573668
4,1.086965858936324,0.8890282131661442,0.015047021943573668
4,1.086965858936317,0.8890282131661442,0.015047021943573668
4,1.0869658589363134,0.8890282131661442,0.015047021943573668
4,1.0869658589363116,0.8890282131661442,0.015047021943573668
4,1.0869658589363107,0.8890282131661442,0.015047021943573668
4,1.0869658589363103,0.8890282131661442,0.015047021943573668
4,1.08696585893631,0.8890282131661442,0.015047021943573668
4,1.0,0.7876175548589341,0.004858934169278997
4,1.5,0.986833855799373,0.14247648902821317
4,1.25,0.9592476489028213,0.046865203761755486
4,1.125,0.9136363636363637,0.021473354231974922
4,1.0625,0.8663009404388715,0.010815047021943573
4,1.09375,0.8935736677115987,0.016300940438871474
4,1.109375,0.9040752351097179,0.01818181818181818
4,1.1171875,0.9094043887147335,0.02006269592476489
4,1.11328125,0.9064263322884013,0.018652037617554858
4,1.115234375,0.9078369905956113,0.019278996865203762
4,1.1162109375,0.9084639498432602,0.01974921630094044
4,1.11669921875,0.9092476489028213,0.02006269592476489
4,1.116455078125,0.9089341692789968,0.019905956112852664
4,1.1165771484375,0.9090909090909091,0.02006269592476489
4,1.11663818359375,0.9092476489028213,0.02006269592476489
4,1.116607666015625,0.9090909090909091,0.02006269592476489
4,1.1166229248046875,0.9092476489028213,0.02006269592476489
4,1.1166152954101562,0.9092476489028213,0.02006269592476489
4,1.1166114807128906,0.9090909090909091,0.02006269592476489
4,1.1166133880615234,0.9092476489028213,0.02006269592476489
4,1.116612434387207,0.9092476489028213,0.02006269592476489
4,1.1166119575500488,0.9092476489028213,0.02006269592476489
4,1.1166117191314697,0.9092476489028213,0.02006269592476489
4,1.1166115999221802,0.9092476489028213,0.02006269592476489
4,1.1166115403175354,0.9090909090909091,0.02006269592476489
4,1.1166115701198578,0.9092476489028213,0.02006269592476489
4,1.1166115552186966,0.9092476489028213,0.02006269592476489
4,1.116611547768116,0.9092476489028213,0.02006269592476489
4,1.1166115440428257,0.9092476489028213,0.02006269592476489
4,1.1166115421801805,0.9092476489028213,0.02006269592476489
4,1.116611541248858,0.9092476489028213,0.02006269592476489
4,1.1166115407831967,0.9092476489028213,0.02006269592476489
4,1.116611540550366,0.9092476489028213,0.02006269592476489
4,1.1166115404339507,0.9092476489028213,0.02006269592476489
4,1.116611540375743,0.9092476489028213,0.02006269592476489
4,1.1166115403466392,0.9092476489028213,0.02006269592476489
4,1.1166115403320873,0.9092476489028213,0.02006269592476489
4,1.1166115403248114,0.9092476489028213,0.02006269592476489
4,1.1166115403211734,0.9092476489028213,0.02006269592476489
4,1.1166115403193544,0.9092476489028213,0.02006269592476489
4,1.116611540318445,0.9092476489028213,0.02006269592476489
4,1.1166115403179901,0.9092476489028213,0.02006269592476489
4,1.1166115403177628,0.9092476489028213,0.02006269592476489
4,1.116611540317649,0.9092476489028213,0.02006269592476489
4,1.1166115403175922,0.9092476489028213,0.02006269592476489
4,1.1166115403175638,0.9092476489028213,0.02006269592476489
4,1.1166115403175496,0.9092476489028213,0.02006269592476489
4,1.1166115403175425,0.9092476489028213,0.02006269592476489
4,1.116611540317539,0.9092476489028213,0.02006269592476489
4,1.1166115403175372,0.9092476489028213,0.02006269592476489
4,1.1166115403175363,0.9092476489028213,0.02006269592476489
4,1.1166115403175358,0.9092476489028213,0.02006269592476489
4,1.1166115403175356,0.9092476489028213,0.02006269592476489
4,1.0,0.7876175548589341,0.004858934169278997
4,1.5,0.986833855799373,0.14247648902821317
4,1.75,0.9932601880877743,0.2780564263322884
4,1.875,0.9959247648902821,0.33714733542319747
4,1.9375,0.996551724137931,0.3688087774294671
4,1.96875,0.9967084639498432,0.38620689655172413
4,1.984375,0.9968652037617555,0.39294670846394986
4,1.9921875,0.9968652037617555,0.39827586206896554
4,1.99609375,0.9968652037617555,0.3998432601880878
4,1.998046875,0.9970219435736677,0.40109717868338557
4,1.9990234375,0.9970219435736677,0.40188087774294673
4,1.99951171875,0.9970219435736677,0.40188087774294673
4,1.999755859375,0.9970219435736677,0.40188087774294673
4,1.9998779296875,0.9970219435736677,0.40188087774294673
4,1.99993896484375,0.9970219435736677,0.40188087774294673
4,1.999969482421875,0.9970219435736677,0.40188087774294673
4,1.9999847412109375,0.9970219435736677,0.40188087774294673
4,1.9999923706054688,0.9970219435736677,0.40188087774294673
4,1.9999961853027344,0.9970219435736677,0.40188087774294673
4,1.9999980926513672,0.9970219435736677,0.40188087774294673
4,1.9999990463256836,0.9970219435736677,0.40188087774294673
4,1.9999995231628418,0.9970219435736677,0.40188087774294673
4,1.999999761581421,0.9970219435736677,0.40188087774294673
4,1.9999998807907104,0.9970219435736677,0.40188087774294673
4,1.9999999403953552,0.9970219435736677,0.40188087774294673
4,1.9999999701976776,0.9970219435736677,0.40188087774294673
4,1.9999999850988388,0.9970219435736677,0.40188087774294673
4,1.9999999925494194,0.9970219435736677,0.40188087774294673
4,1.9999999962747097,0.9970219435736677,0.40188087774294673
4,1.9999999981373549,0.9970219435736677,0.40188087774294673
4,1.9999999990686774,0.9970219435736677,0.40188087774294673
4,1.9999999995343387,0.9970219435736677,0.40188087774294673
4,1.9999999997671694,0.9970219435736677,0.40188087774294673
4,1.9999999998835847,0.9970219435736677,0.40188087774294673
4,1.9999999999417923,0.9970219435736677,0.40188087774294673
4,1.9999999999708962,0.9970219435736677,0.40188087774294673
4,1.999999999985448,0.9970219435736677,0.40188087774294673
4,1.999999999992724,0.9970219435736677,0.40188087774294673
4,1.999999999996362,0.9970219435736677,0.40188087774294673
4,1.999999999998181,0.9970219435736677,0.40188087774294673
4,1.9999999999990905,0.9970219435736677,0.40188087774294673
4,1.9999999999995453,0.9970219435736677,0.40188087774294673
4,1.9999999999997726,0.9970219435736677,0.40188087774294673
4,1.9999999999998863,0.9970219435736677,0.40188087774294673
4,1.9999999999999432,0.9970219435736677,0.40188087774294673
4,1.9999999999999716,0.9970219435736677,0.40188087774294673
4,1.9999999999999858,0.9970219435736677,0.40188087774294673
4,1.999999999999993,0.9970219435736677,0.40188087774294673
4,1.9999999999999964,0.9970219435736677,0.40188087774294673
4,1.9999999999999982,0.9970219435736677,0.40188087774294673
4,1.9999999999999991,0.9970219435736677,0.40188087774294673
4,1.9999999999999996,0.9970219435736677,0.40188087774294673
4,1.9999999999999998,0.9970219435736677,0.40188087774294673
4,2.0,0.9970219435736677,0.40188087774294673
5,1.0,0.7790595611285267,0.005015673981191223
5,0.5,0.05579937304075235,0.0
5,0.75,0.3363009404388715,0.0
5,0.875,0.5596238244514107,0.0007523510971786833
5,0.8125,0.4463949843260188,0.00012539184952978057
5,0.84375,0.5020689655172413,0.00025078369905956113
5,0.828125,0.47699059561128526,0.00012539184952978057
5,0.8359375,0.4897805642633229,0.00025078369905956113
5,0.83984375,0.4961755485893417,0.00025078369905956113
5,0.841796875,0.4988087774294671,0.00025078369905956113
5,0.8427734375,0.5006896551724138,0.00025078369905956113
5,0.84228515625,0.4999373040752351,0.00025078369905956113
5,0.842529296875,0.5001880877742947,0.00025078369905956113
5,0.8424072265625,0.4999373040752351,0.00025078369905956113
5,0.84246826171875,0.5000626959247649,0.00025078369905956113
5,0.842437744140625,0.4999373040752351,0.00025078369905956113
5,0.8424530029296875,0.5000626959247649,0.00025078369905956113
5,0.8424453735351562,0.5000626959247649,0.00025078369905956113
5,0.8424415588378906,0.5000626959247649,0.00025078369905956113
5,0.8424396514892578,0.5000626959247649,0.00025078369905956113
5,0.8424386978149414,0.4999373040752351,0.00025078369905956113
5,0.8424391746520996,0.4999373040752351,0.00025078369905956113
5,0.8424394130706787,0.4999373040752351,0.00025078369905956113
5,0.8424395322799683,0.4999373040752351,0.00025078369905956113
5,0.842439591884613,0.4999373040752351,0.00025078369905956113
5,0.8424396216869354,0.5000626959247649,0.00025078369905956113
5,0.8424396067857742,0.4999373040752351,0.00025078369905956113
5,0.8424396142363548,0.4999373040752351,0.00025078369905956113
5,0.8424396179616451,0.4999373040752351,0.00025078369905956113
5,0.8424396198242903,0.4999373040752351,0.00025078369905956113
5,0.8424396207556129,0.4999373040752351,0.00025078369905956113
5,0.8424396212212741,0.4999373040752351,0.00025078369905956113
5,0.8424396214541048,0.4999373040752351,0.00025078369905956113
5,0.8424396215705201,0.4999373040752351,0.00025078369905956113
5,0.8424396216287278,0.4999373040752351,0.00025078369905956113
5,0.8424396216578316,0.4999373040752351,0.00025078369905956113
5,0.8424396216723835,0.4999373040752351,0.00025078369905956113
5,0.8424396216796595,0.4999373040752351,0.00025078369905956113
5,0.8424396216832974,0.4999373040752351,0.00025078369905956113
5,0.8424396216851164,0.4999373040752351,0.00025078369905956113
5,0.8424396216860259,0.4999373040752351,0.00025078369905956113
5,0.8424396216864807,0.4999373040752351,0.00025078369905956113
5,0.842439621686708,0.4999373040752351,0.00025078369905956113
5,0.8424396216868217,0.4999373040752351,0.00025078369905956113
5,0.8424396216868786,0.4999373040752351,0.00025078369905956113
5,0.842439621686907,0.4999373040752351,0.00025078369905956113
5,0.8424396216869212,0.4999373040752351,0.00025078369905956113
5,0.8424396216869283,0.4999373040752351,0.00025078369905956113
5,0.8424396216869319,0.4999373040752351,0.00025078369905956113
5,0.8424396216869336,0.4999373040752351,0.00025078369905956113
5,0.8424396216869345,0.4999373040752351,0.00025078369905956113
5,0.842439621686935,0.4999373040752351,0.00025078369905956113
5,0.8424396216869352,0.4999373040752351,0.00025078369905956113
5,0.8424396216869353,0.4999373040752351,0.00025078369905956113
5,1.0,0.7790595611285267,0.005015673981191223
5,0.5,0.05579937304075235,0.0
5,0.75,0.3363009404388715,0.0
5,0.875,0.5596238244514107,0.0007523510971786833
5,0.9375,0.6778683385579938,0.002884012539184953
5,0.90625,0.6183072100313479,0.0017554858934169279
5,0.921875,0.6472727272727272,0.0021316614420062697
5,0.9296875,0.6620689655172414,0.002758620689655172
5,0.93359375,0.6682131661442007,0.002758620689655172
5,0.931640625,0.6650783699059561,0.002758620689655172
5,0.9326171875,0.6662068965517242,0.002758620689655172
5,0.93310546875,0.6674608150470219,0.002758620689655172
5,0.932861328125,0.666833855799373,0.002758620689655172
5,0.9327392578125,0.6665830721003135,0.002758620689655172
5,0.93280029296875,0.666833855799373,0.002758620689655172
5,0.932769775390625,0.6667084639498433,0.002758620689655172
5,0.9327545166015625,0.6665830721003135,0.002758620689655172
5,0.9327621459960938,0.6667084639498433,0.002758620689655172
5,0.9327583312988281,0.6665830721003135,0.002758620689655172
5,0.9327602386474609,0.6665830721003135,0.002758620689655172
5,0.9327611923217773,0.6667084639498433,0.002758620689655172
5,0.9327607154846191,0.6665830721003135,0.002758620689655172
5,0.9327609539031982,0.6665830721003135,0.002758620689655172
5,0.9327610731124878,0.6665830721003135,0.002758620689655172
5,0.9327611327171326,0.6665830721003135,0.002758620689655172
5,0.932761162519455,0.6667084639498433,0.002758620689655172
5,0.9327611476182938,0.6665830721003135,0.002758620689655172
5,0.9327611550688744,0.6665830721003135,0.002758620689655172
5,0.9327611587941647,0.6665830721003135,0.002758620689655172
5,0.9327611606568098,0.6665830721003135,0.002758620689655172
5,0.9327611615881324,0.6665830721003135,0.002758620689655172
5,0.9327611620537937,0.6665830721003135,0.002758620689655172
5,0.9327611622866243,0.6665830721003135,0.002758620689655172
5,0.9327611624030396,0.6665830721003135,0.002758620689655172
5,0.9327611624612473,0.6665830721003135,0.002758620689655172
5,0.9327611624903511,0.6665830721003135,0.002758620689655172
5,0.932761162504903,0.6665830721003135,0.002758620689655172
5,0.932761162512179,0.6665830721003135,0.002758620689655172
5,0.932761162515817,0.6665830721003135,0.002758620689655172
5,0.932761162517636,0.6665830721003135,0.002758620689655172
5,0.9327611625185455,0.6665830721003135,0.002758620689655172
5,0.9327611625190002,0.6665830721003135,0.002758620689655172
5,0.9327611625192276,0.6665830721003135,0.002758620689655172
5,0.9327611625193413,0.6665830721003135,0.002758620689655172
5,0.9327611625193981,0.6665830721003135,0.002758620689655172
5,0.9327611625194265,0.6665830721003135,0.002758620689655172
5,0.9327611625194407,0.6665830721003135,0.002758620689655172
5,0.9327611625194479,0.6665830721003135,0.002758620689655172
5,0.9327611625194514,0.6665830721003135,0.002758620689655172
5,0.9327611625194532,0.6665830721003135,0.002758620689655172
5,0.9327611625194541,0.6665830721003135,0.002758620689655172
5,0.9327611625194545,0.6665830721003135,0.002758620689655172
5,0.9327611625194547,0.6665830721003135,0.002758620689655172
5,0.9327611625194548,0.6665830721003135,0.002758620689655172
5,1.0,0.7790595611285267,0.005015673981191223
5,1.5,0.985705329153605,0.1271473354231975
5,1.25,0.9551097178683385,0.04025078369905956
5,1.125,0.9085893416927899,0.014545454545454545
5,1.0625,0.8626959247648903,0.008150470219435737
5,1.03125,0.8262068965517242,0.006520376175548589
5,1.015625,0.8035109717868338,0.005768025078369906
5,1.0078125,0.7918495297805642,0.005391849529780565
5,1.01171875,0.7988714733542319,0.005517241379310344
5,1.013671875,0.8011285266457681,0.005642633228840125
5,1.0126953125,0.8005015673981192,0.005517241379310344
5,1.01220703125,0.7996238244514107,0.005517241379310344
5,1.012451171875,0.8002507836990596,0.005517241379310344
5,1.0123291015625,0.8,0.005517241379310344
5,1.01239013671875,0.8001253918495298,0.005517241379310344
5,1.012359619140625,0.8001253918495298,0.005517241379310344
5,1.0123443603515625,0.8,0.005517241379310344
5,1.0123519897460938,0.8,0.005517241379310344
5,1.0123558044433594,0.8001253918495298,0.005517241379310344
5,1.0123538970947266,0.8,0.005517241379310344
5,1.012354850769043,0.8,0.005517241379310344
5,1.0123553276062012,0.8,0.005517241379310344
5,1.0123555660247803,0.8001253918495298,0.005517241379310344
5,1.0123554468154907,0.8,0.005517241379310344
5,1.0123555064201355,0.8001253918495298,0.005517241379310344
5,1.012355476617813,0.8,0.005517241379310344
5,1.0123554915189743,0.8,0.005517241379310344
5,1.012355498969555,0.8,0.005517241379310344
5,1.0123555026948452,0.8,0.005517241379310344
5,1.0123555045574903,0.8,0.005517241379310344
5,1.012355505488813,0.8,0.005517241379310344
5,1.0123555059544742,0.8,0.005517241379310344
5,1.0123555061873049,0.8,0.005517241379310344
5,1.0123555063037202,0.8,0.005517241379310344
5,1.0123555063619278,0.8,0.005517241379310344
5,1.0123555063910317,0.8,0.005517241379310344
5,1.0123555064055836,0.8,0.005517241379310344
5,1.0123555064128595,0.8,0.005517241379310344
5,1.0123555064164975,0.8,0.005517241379310344
5,1.0123555064183165,0.8,0.005517241379310344
5,1.012355506419226,0.8,0.005517241379310344
5,1.0123555064196808,0.8,0.005517241379310344
5,1.0123555064199081,0.8,0.005517241379310344
5,1.0123555064200218,0.8,0.005517241379310344
5,1.0123555064200787,0.8,0.005517241379310344
5,1.012355506420107,0.8,0.005517241379310344
5,1.0123555064201213,0.8,0.005517241379310344
5,1.0123555064201284,0.8,0.005517241379310344
5,1.012355506420132,0.8,0.005517241379310344
5,1.0123555064201337,0.8,0.005517241379310344
5,1.0123555064201346,0.8,0.005517241379310344
5,1.012355506420135,0.8,0.005517241379310344
5,1.0123555064201353,0.8,0.005517241379310344
5,1.0,0.7790595611285267,0.005015673981191223
5,1.5,0.985705329153605,0.1271473354231975
5,1.25,0.9551097178683385,0.04025078369905956
5,1.125,0.9085893416927899,0.014545454545454545
5,1.0625,0.8626959247648903,0.008150470219435737
5,1.03125,0.8262068965517242,0.006520376175548589
5,1.046875,0.8467711598746082,0.007398119122257053
5,1.0546875,0.8552978056426332,0.007899686520376176
5,1.05859375,0.8590595611285267,0.008025078369905956
5,1.056640625,0.8574294670846395,0.008025078369905956
5,1.0556640625,0.8560501567398119,0.007899686520376176
5,1.05615234375,0.8569278996865204,0.008025078369905956
5,1.056396484375,0.8573040752351098,0.008025078369905956
5,1.0562744140625,0.8570532915360501,0.008025078369905956
5,1.05633544921875,0.8571786833855799,0.008025078369905956
5,1.056304931640625,0.8570532915360501,0.008025078369905956
5,1.0563201904296875,0.8571786833855799,0.008025078369905956
5,1.0563125610351562,0.8571786833855799,0.008025078369905956
5,1.0563087463378906,0.8570532915360501,0.008025078369905956
5,1.0563106536865234,0.8570532915360501,0.008025078369905956
5,1.0563116073608398,0.8571786833855799,0.008025078369905956
5,1.0563111305236816,0.8570532915360501,0.008025078369905956
5,1.0563113689422607,0.8570532915360501,0.008025078369905956
5,1.0563114881515503,0.8570532915360501,0.008025078369905956
5,1.056311547756195,0.8571786833855799,0.008025078369905956
5,1.0563115179538727,0.8570532915360501,0.008025078369905956
5,1.0563115328550339,0.8570532915360501,0.008025078369905956
5,1.0563115403056145,0.8570532915360501,0.008025078369905956
5,1.0563115440309048,0.8570532915360501,0.008025078369905956
5,1.05631154589355,0.8570532915360501,0.008025078369905956
5,1.0563115468248725,0.8570532915360501,0.008025078369905956
5,1.0563115472905338,0.8570532915360501,0.008025078369905956
5,1.0563115475233644,0.8570532915360501,0.008025078369905956
5,1.0563115476397797,0.8570532915360501,0.008025078369905956
5,1.0563115476979874,0.8570532915360501,0.008025078369905956
5,1.0563115477270912,0.8570532915360501,0.008025078369905956
5,1.0563115477416432,0.8570532915360501,0.008025078369905956
5,1.056311547748919,0.8570532915360501,0.008025078369905956
5,1.056311547752557,0.8570532915360501,0.008025078369905956
5,1.056311547754376,0.8570532915360501,0.008025078369905956
5,1.0563115477552856,0.8570532915360501,0.008025078369905956
5,1.0563115477557403,0.8570532915360501,0.008025078369905956
5,1.0563115477559677,0.8570532915360501,0.008025078369905956
5,1.0563115477560814,0.8570532915360501,0.008025078369905956
5,1.0563115477561382,0.8570532915360501,0.008025078369905956
5,1.0563115477561666,0.8570532915360501,0.008025078369905956
5,1.0563115477561809,0.8570532915360501,0.008025078369905956
5,1.056311547756188,0.8570532915360501,0.008025078369905956
5,1.0563115477561915,0.8570532915360501,0.008025078369905956
5,1.0563115477561933,0.8570532915360501,0.008025078369905956
5,1.0563115477561942,0.8570532915360501,0.008025078369905956
5,1.0563115477561946,0.8570532915360501,0.008025078369905956
5,1.0563115477561948,0.8570532915360501,0.008025078369905956
5,1.0,0.7790595611285267,0.005015673981191223
5,1.5,0.985705329153605,0.1271473354231975
5,1.25,0.9551097178683385,0.04025078369905956
5,1.125,0.9085893416927899,0.014545454545454545
5,1.0625,0.8626959247648903,0.008150470219435737
5,1.09375,0.8877742946708463,0.010031347962382446
5,1.109375,0.8976802507836991,0.01141065830721003
5,1.1015625,0.8934169278996865,0.010407523510971788
5,1.09765625,0.8906583072100314,0.010156739811912226
5,1.095703125,0.889153605015674,0.010156739811912226
5,1.0947265625,0.8885266457680251,0.010031347962382446
5,1.09521484375,0.8887774294670846,0.010031347962382446
5,1.095458984375,0.8889028213166145,0.010031347962382446
5,1.0953369140625,0.8887774294670846,0.010031347962382446
5,1.09539794921875,0.8887774294670846,0.010031347962382446
5,1.095428466796875,0.8887774294670846,0.010031347962382446
5,1.0954437255859375,0.8887774294670846,0.010031347962382446
5,1.0954513549804688,0.8889028213166145,0.010031347962382446
5,1.0954475402832031,0.8887774294670846,0.010031347962382446
5,1.095449447631836,0.8889028213166145,0.010031347962382446
5,1.0954484939575195,0.8887774294670846,0.010031347962382446
5,1.0954489707946777,0.8889028213166145,0.010031347962382446
5,1.0954487323760986,0.8889028213166145,0.010031347962382446
5,1.095448613166809,0.8887774294670846,0.010031347962382446
5,1.0954486727714539,0.8889028213166145,0.010031347962382446
5,1.0954486429691315,0.8887774294670846,0.010031347962382446
5,1.0954486578702927,0.8887774294670846,0.010031347962382446
5,1.0954486653208733,0.8887774294670846,0.010031347962382446
5,1.0954486690461636,0.8887774294670846,0.010031347962382446
5,1.0954486709088087,0.8887774294670846,0.010031347962382446
5,1.0954486718401313,0.8887774294670846,0.010031347962382446
5,1.0954486723057926,0.8887774294670846,0.010031347962382446
5,1.0954486725386232,0.8887774294670846,0.010031347962382446
5,1.0954486726550385,0.8887774294670846,0.010031347962382446
5,1.0954486727132462,0.8887774294670846,0.010031347962382446
5,1.09544867274235,0.8887774294670846,0.010031347962382446
5,1.095448672756902,0.8887774294670846,0.010031347962382446
5,1.095448672764178,0.8887774294670846,0.010031347962382446
5,1.0954486727678159,0.8887774294670846,0.010031347962382446
5,1.0954486727696349,0.8887774294670846,0.010031347962382446
5,1.0954486727705444,0.8887774294670846,0.010031347962382446
5,1.095448672770999,0.8887774294670846,0.010031347962382446
5,1.0954486727712265,0.8887774294670846,0.010031347962382446
5,1.0954486727713402,0.8887774294670846,0.010031347962382446
5,1.095448672771397,0.8887774294670846,0.010031347962382446
5,1.0954486727714254,0.8887774294670846,0.010031347962382446
5,1.0954486727714396,0.8887774294670846,0.010031347962382446
5,1.0954486727714468,0.8887774294670846,0.010031347962382446
5,1.0954486727714503,0.8887774294670846,0.010031347962382446
5,1.095448672771452,0.8887774294670846,0.010031347962382446
5,1.095448672771453,0.8887774294670846,0.010031347962382446
5,1.0954486727714534,0.8887774294670846,0.010031347962382446
5,1.0954486727714536,0.8887774294670846,0.010031347962382446
5,1.0,0.7790595611285267,0.005015673981191223
5,1.5,0.985705329153605,0.1271473354231975
5,1.25,0.9551097178683385,0.04025078369905956
5,1.125,0.9085893416927899,0.014545454545454545
5,1.1875,0.938307210031348,0.02482758620689655
5,1.15625,0.9260188087774295,0.01993730407523511
5,1.140625,0.9178683385579938,0.01730407523510972
5,1.1328125,0.913730407523511,0.01554858934169279
5,1.12890625,0.9113479623824451,0.014796238244514107
5,1.126953125,0.9099686520376176,0.014545454545454545
5,1.1259765625,0.9093416927899687,0.014545454545454545
5,1.12548828125,0.9092163009404389,0.014545454545454545
5,1.125244140625,0.9089655172413793,0.014545454545454545
5,1.1253662109375,0.9090909090909091,0.014545454545454545
5,1.12542724609375,0.9092163009404389,0.014545454545454545
5,1.125396728515625,0.9090909090909091,0.014545454545454545
5,1.1254119873046875,0.9092163009404389,0.014545454545454545
5,1.1254043579101562,0.9090909090909091,0.014545454545454545
5,1.1254081726074219,0.9092163009404389,0.014545454545454545
5,1.125406265258789,0.9090909090909091,0.014545454545454545
5,1.1254072189331055,0.9090909090909091,0.014545454545454545
5,1.1254076957702637,0.9092163009404389,0.014545454545454545
5,1.1254074573516846,0.9090909090909091,0.014545454545454545
5,1.1254075765609741,0.9090909090909091,0.014545454545454545
5,1.125407636165619,0.9092163009404389,0.014545454545454545
5,1.1254076063632965,0.9090909090909091,0.014545454545454545
5,1.1254076212644577,0.9090909090909091,0.014545454545454545
5,1.1254076287150383,0.9090909090909091,0.014545454545454545
5,1.1254076324403286,0.9090909090909091,0.014545454545454545
5,1.1254076343029737,0.9090909090909091,0.014545454545454545
5,1.1254076352342963,0.9090909090909091,0.014545454545454545
5,1.1254076356999576,0.9090909090909091,0.014545454545454545
5,1.1254076359327883,0.9090909090909091,0.014545454545454545
5,1.1254076360492036,0.9090909090909091,0.014545454545454545
5,1.1254076361074112,0.9090909090909091,0.014545454545454545
5,1.125407636136515,0.9090909090909091,0.014545454545454545
5,1.125407636151067,0.9090909090909091,0.014545454545454545
5,1.125407636158343,0.9090909090909091,0.014545454545454545
5,1.125407636161981,0.9090909090909091,0.014545454545454545
5,1.1254076361638,0.9090909090909091,0.014545454545454545
5,1.1254076361647094,0.9090909090909091,0.014545454545454545
5,1.1254076361651641,0.9090909090909091,0.014545454545454545
5,1.1254076361653915,0.9090909090909091,0.014545454545454545
5,1.1254076361655052,0.9090909090909091,0.014545454545454545
5,1.125407636165562,0.9090909090909091,0.014545454545454545
5,1.1254076361655905,0.9090909090909091,0.014545454545454545
5,1.1254076361656047,0.9090909090909091,0.014545454545454545
5,1.1254076361656118,0.9090909090909091,0.014545454545454545
5,1.1254076361656153,0.9090909090909091,0.014545454545454545
5,1.1254076361656171,0.9090909090909091,0.014545454545454545
5,1.125407636165618,0.9090909090909091,0.014545454545454545
5,1.1254076361656185,0.9090909090909091,0.014545454545454545
5,1.1254076361656187,0.9090909090909091,0.014545454545454545
5,1.0,0.7790595611285267,0.005015673981191223
5,1.5,0.985705329153605,0.1271473354231975
5,1.75,0.993103448275862,0.25993730407523513
5,1.875,0.9942319749216301,0.3310344827586207
5,1.9375,0.9946081504702194,0.36476489028213166
5,1.96875,0.9949843260188088,0.3838244514106583
5,1.984375,0.9953605015673981,0.3917241379310345
5,1.9921875,0.9956112852664577,0.3943573667711599
5,1.99609375,0.9956112852664577,0.39561128526645767
5,1.998046875,0.9956112852664577,0.3962382445141066
5,1.9990234375,0.9956112852664577,0.3967398119122257
5,1.99951171875,0.9956112852664577,0.3972413793103448
5,1.999755859375,0.9956112852664577,0.3972413793103448
5,1.9998779296875,0.9956112852664577,0.3973667711598746
5,1.99993896484375,0.9956112852664577,0.3973667711598746
5,1.999969482421875,0.9956112852664577,0.3973667711598746
5,1.9999847412109375,0.9956112852664577,0.3973667711598746
5,1.9999923706054688,0.9956112852664577,0.3973667711598746
5,1.9999961853027344,0.9956112852664577,0.3973667711598746
5,1.9999980926513672,0.9956112852664577,0.3973667711598746
5,1.9999990463256836,0.9956112852664577,0.3973667711598746
5,1.9999995231628418,0.9956112852664577,0.3973667711598746
5,1.999999761581421,0.9956112852664577,0.3973667711598746
5,1.9999998807907104,0.9956112852664577,0.3973667711598746
5,1.9999999403953552,0.9956112852664577,0.3973667711598746
5,1.9999999701976776,0.9956112852664577,0.3973667711598746
5,1.9999999850988388,0.9956112852664577,0.3973667711598746
5,1.9999999925494194,0.9956112852664577,0.3973667711598746
5,1.9999999962747097,0.9956112852664577,0.3973667711598746
5,1.9999999981373549,0.9956112852664577,0.3973667711598746
5,1.9999999990686774,0.9956112852664577,0.3973667711598746
5,1.9999999995343387,0.9956112852664577,0.3973667711598746
5,1.9999999997671694,0.9956112852664577,0.3973667711598746
5,1.9999999998835847,0.9956112852664577,0.3973667711598746
5,1.9999999999417923,0.9956112852664577,0.3973667711598746
5,1.9999999999708962,0.9956112852664577,0.3973667711598746
5,1.999999999985448,0.9956112852664577,0.3973667711598746
5,1.999999999992724,0.9956112852664577,0.3973667711598746
5,1.999999999996362,0.9956112852664577,0.3973667711598746
5,1.999999999998181,0.9956112852664577,0.3973667711598746
5,1.9999999999990905,0.9956112852664577,0.3973667711598746
5,1.9999999999995453,0.9956112852664577,0.3973667711598746
5,1.9999999999997726,0.9956112852664577,0.3973667711598746
5,1.9999999999998863,0.9956112852664577,0.3973667711598746
5,1.9999999999999432,0.9956112852664577,0.3973667711598746
5,1.9999999999999716,0.9956112852664577,0.3973667711598746
5,1.9999999999999858,0.9956112852664577,0.3973667711598746
5,1.999999999999993,0.9956112852664577,0.3973667711598746
5,1.9999999999999964,0.9956112852664577,0.3973667711598746
5,1.9999999999999982,0.9956112852664577,0.3973667711598746
5,1.9999999999999991,0.9956112852664577,0.3973667711598746
5,1.9999999999999996,0.9956112852664577,0.3973667711598746
5,1.9999999999999998,0.9956112852664577,0.3973667711598746
5,2.0,0.9956112852664577,0.3973667711598746
6,1.0,0.783594566353187,0.004911180773249739
6,0.5,0.054231974921630094,0.0
6,0.75,0.35120167189132706,0.0
6,0.875,0.5655172413793104,0.00031347962382445143
6,0.8125,0.4592476489028213,0.0001044932079414838
6,0.84375,0.5087774294670846,0.0002089864158829676
6,0.828125,0.4820271682340648,0.0001044932079414838
6,0.8359375,0.4961337513061651,0.0001044932079414838
6,0.83984375,0.5020898641588297,0.0001044932079414838
6,0.837890625,0.49885057471264366,0.0001044932079414838
6,0.8388671875,0.5010449320794148,0.0001044932079414838
6,0.83837890625,0.5003134796238244,0.0001044932079414838
6,0.838134765625,0.49968652037617556,0.0001044932079414838
6,0.8382568359375,0.49979101358411704,0.0001044932079414838
6,0.83831787109375,0.5,0.0001044932079414838
6,0.838348388671875,0.500208986415883,0.0001044932079414838
6,0.8383331298828125,0.5,0.0001044932079414838
6,0.8383407592773438,0.5,0.0001044932079414838
6,0.8383445739746094,0.5,0.0001044932079414838
6,0.8383464813232422,0.5001044932079415,0.0001044932079414838
6,0.8383455276489258,0.5001044932079415,0.0001044932079414838
6,0.8383450508117676,0.5,0.0001044932079414838
6,0.8383452892303467,0.5001044932079415,0.0001044932079414838
6,0.8383451700210571,0.5,0.0001044932079414838
6,0.8383452296257019,0.5001044932079415,0.0001044932079414838
6,0.8383451998233795,0.5,0.0001044932079414838
6,0.8383452147245407,0.5001044932079415,0.0001044932079414838
6,0.8383452072739601,0.5001044932079415,0.0001044932079414838
6,0.8383452035486698,0.5001044932079415,0.0001044932079414838
6,0.8383452016860247,0.5001044932079415,0.0001044932079414838
6,0.8383452007547021,0.5001044932079415,0.0001044932079414838
6,0.8383452002890408,0.5001044932079415,0.0001044932079414838
6,0.8383452000562102,0.5001044932079415,0.0001044932079414838
6,0.8383451999397948,0.5001044932079415,0.0001044932079414838
6,0.8383451998815872,0.5001044932079415,0.0001044932079414838
6,0.8383451998524833,0.5001044932079415,0.0001044932079414838
6,0.8383451998379314,0.5001044932079415,0.0001044932079414838
6,0.8383451998306555,0.5001044932079415,0.0001044932079414838
6,0.8383451998270175,0.5001044932079415,0.0001044932079414838
6,0.8383451998251985,0.5001044932079415,0.0001044932079414838
6,0.838345199824289,0.5001044932079415,0.0001044932079414838
6,0.8383451998238343,0.5001044932079415,0.0001044932079414838
6,0.8383451998236069,0.5001044932079415,0.0001044932079414838
6,0.8383451998234932,0.5001044932079415,0.0001044932079414838
6,0.8383451998234364,0.5001044932079415,0.0001044932079414838
6,0.8383451998234079,0.5001044932079415,0.0001044932079414838
6,0.8383451998233937,0.5001044932079415,0.0001044932079414838
6,0.8383451998233866,0.5001044932079415,0.0001044932079414838
6,0.8383451998233831,0.5001044932079415,0.0001044932079414838
6,0.8383451998233813,0.5001044932079415,0.0001044932079414838
6,0.8383451998233804,0.5001044932079415,0.0001044932079414838
6,0.83834519982338,0.5001044932079415,0.0001044932079414838
6,0.8383451998233797,0.5001044932079415,0.0001044932079414838
6,0.8383451998233796,0.5001044932079415,0.0001044932079414838
6,1.0,0.783594566353187,0.004911180773249739
6,0.5,0.054231974921630094,0.0
6,0.75,0.35120167189132706,0.0
6,0.875,0.5655172413793104,0.00031347962382445143
6,0.9375,0.6830721003134796,0.0017763845350052246
6,0.90625,0.622257053291536,0.0004179728317659352
6,0.921875,0.6531870428422153,0.0011494252873563218
6,0.9296875,0.6686520376175549,0.0012539184952978057
6,0.92578125,0.6619644723092999,0.0011494252873563218
6,0.927734375,0.6657262277951933,0.0012539184952978057
6,0.9287109375,0.6666666666666666,0.0012539184952978057
6,0.92919921875,0.6677115987460815,0.0012539184952978057
6,0.928955078125,0.6670846394984326,0.0012539184952978057
6,0.9288330078125,0.6669801462904911,0.0012539184952978057
6,0.92877197265625,0.6668756530825496,0.0012539184952978057
6,0.928741455078125,0.6667711598746081,0.0012539184952978057
6,0.9287261962890625,0.6667711598746081,0.0012539184952978057
6,0.9287185668945312,0.6666666666666666,0.0012539184952978057
6,0.9287223815917969,0.6666666666666666,0.0012539184952978057
6,0.9287242889404297,0.6666666666666666,0.0012539184952978057
6,0.9287252426147461,0.6666666666666666,0.0012539184952978057
6,0.9287257194519043,0.6667711598746081,0.0012539184952978057
6,0.9287254810333252,0.6667711598746081,0.0012539184952978057
6,0.9287253618240356,0.6667711598746081,0.0012539184952978057
6,0.9287253022193909,0.6667711598746081,0.0012539184952978057
6,0.9287252724170685,0.6666666666666666,0.0012539184952978057
6,0.9287252873182297,0.6667711598746081,0.0012539184952978057
6,0.9287252798676491,0.6667711598746081,0.0012539184952978057
6,0.9287252761423588,0.6667711598746081,0.0012539184952978057
6,0.9287252742797136,0.6667711598746081,0.0012539184952978057
6,0.9287252733483911,0.6667711598746081,0.0012539184952978057
6,0.9287252728827298,0.6667711598746081,0.0012539184952978057
6,0.9287252726498991,0.6667711598746081,0.0012539184952978057
6,0.9287252725334838,0.6667711598746081,0.0012539184952978057
6,0.9287252724752761,0.6667711598746081,0.0012539184952978057
6,0.9287252724461723,0.6667711598746081,0.0012539184952978057
6,0.9287252724316204,0.6667711598746081,0.0012539184952978057
6,0.9287252724243444,0.6667711598746081,0.0012539184952978057
6,0.9287252724207065,0.6667711598746081,0.0012539184952978057
6,0.9287252724188875,0.6667711598746081,0.0012539184952978057
6,0.928725272417978,0.6667711598746081,0.0012539184952978057
6,0.9287252724175232,0.6667711598746081,0.0012539184952978057
6,0.9287252724172959,0.6667711598746081,0.0012539184952978057
6,0.9287252724171822,0.6667711598746081,0.0012539184952978057
6,0.9287252724171253,0.6667711598746081,0.0012539184952978057
6,0.9287252724170969,0.6667711598746081,0.0012539184952978057
6,0.9287252724170827,0.6667711598746081,0.0012539184952978057
6,0.9287252724170756,0.6667711598746081,0.0012539184952978057
6,0.928725272417072,0.6667711598746081,0.0012539184952978057
6,0.9287252724170703,0.6667711598746081,0.0012539184952978057
6,0.9287252724170694,0.6667711598746081,0.0012539184952978057
6,0.9287252724170689,0.6667711598746081,0.0012539184952978057
6,0.9287252724170687,0.6667711598746081,0.0012539184952978057
6,0.9287252724170686,0.6667711598746081,0.0012539184952978057
6,1.0,0.783594566353187,0.004911180773249739
6,1.5,0.9878787878787879,0.13134796238244514
6,1.25,0.9610240334378265,0.04963427377220481
6,1.125,0.9120167189132706,0.018286311389759665
6,1.0625,0.8650992685475444,0.009717868338557993
6,1.03125,0.829153605015674,0.006896551724137931
6,1.015625,0.8085684430512017,0.006269592476489028
6,1.0078125,0.7990595611285266,0.005642633228840125
6,1.01171875,0.8047021943573668,0.006060606060606061
6,1.009765625,0.8014629049111808,0.005851619644723093
6,1.0087890625,0.8001044932079415,0.005747126436781609
6,1.00830078125,0.7997910135841171,0.005642633228840125
6,1.008544921875,0.7998955067920586,0.005642633228840125
6,1.0086669921875,0.8,0.005747126436781609
6,1.00872802734375,0.8001044932079415,0.005747126436781609
6,1.008697509765625,0.8001044932079415,0.005747126436781609
6,1.0086822509765625,0.8,0.005747126436781609
6,1.0086898803710938,0.8001044932079415,0.005747126436781609
6,1.0086860656738281,0.8001044932079415,0.005747126436781609
6,1.0086841583251953,0.8,0.005747126436781609
6,1.0086851119995117,0.8,0.005747126436781609
6,1.00868558883667,0.8,0.005747126436781609
6,1.008685827255249,0.8001044932079415,0.005747126436781609
6,1.0086857080459595,0.8,0.005747126436781609
6,1.0086857676506042,0.8001044932079415,0.005747126436781609
6,1.0086857378482819,0.8,0.005747126436781609
6,1.008685752749443,0.8,0.005747126436781609
6,1.0086857602000237,0.8,0.005747126436781609
6,1.008685763925314,0.8,0.005747126436781609
6,1.008685765787959,0.8,0.005747126436781609
6,1.0086857667192817,0.8,0.005747126436781609
6,1.008685767184943,0.8,0.005747126436781609
6,1.0086857674177736,0.8,0.005747126436781609
6,1.008685767534189,0.8,0.005747126436781609
6,1.0086857675923966,0.8,0.005747126436781609
6,1.0086857676215004,0.8,0.005747126436781609
6,1.0086857676360523,0.8,0.005747126436781609
6,1.0086857676433283,0.8,0.005747126436781609
6,1.0086857676469663,0.8,0.005747126436781609
6,1.0086857676487853,0.8,0.005747126436781609
6,1.0086857676496948,0.8,0.005747126436781609
6,1.0086857676501495,0.8,0.005747126436781609
6,1.0086857676503769,0.8,0.005747126436781609
6,1.0086857676504906,0.8,0.005747126436781609
6,1.0086857676505474,0.8,0.005747126436781609
6,1.0086857676505758,0.8,0.005747126436781609
6,1.00868576765059,0.8,0.005747126436781609
6,1.0086857676505971,0.8,0.005747126436781609
6,1.0086857676506007,0.8,0.005747126436781609
6,1.0086857676506025,0.8,0.005747126436781609
6,1.0086857676506034,0.8,0.005747126436781609
6,1.0086857676506038,0.8,0.005747126436781609
6,1.008685767650604,0.8,0.005747126436781609
6,1.0,0.783594566353187,0.004911180773249739
6,1.5,0.9878787878787879,0.13134796238244514
6,1.25,0.9610240334378265,0.04963427377220481
6,1.125,0.9120167189132706,0.018286311389759665
6,1.0625,0.8650992685475444,0.009717868338557993
6,1.03125,0.829153605015674,0.006896551724137931
6,1.046875,0.848380355276907,0.008463949843260187
6,1.0546875,0.8573667711598746,0.009195402298850575
6,1.05078125,0.8526645768025078,0.008986415882967606
6,1.052734375,0.8549634273772205,0.00909090909090909
6,1.0537109375,0.8562173458725183,0.00909090909090909
6,1.05419921875,0.8566353187042842,0.009195402298850575
6,1.054443359375,0.8569487983281087,0.009195402298850575
6,1.0545654296875,0.8572622779519331,0.009195402298850575
6,1.05450439453125,0.8569487983281087,0.009195402298850575
6,1.054534912109375,0.8570532915360501,0.009195402298850575
6,1.0545501708984375,0.8572622779519331,0.009195402298850575
6,1.0545425415039062,0.8571577847439916,0.009195402298850575
6,1.0545387268066406,0.8570532915360501,0.009195402298850575
6,1.0545406341552734,0.8570532915360501,0.009195402298850575
6,1.0545415878295898,0.8570532915360501,0.009195402298850575
6,1.054542064666748,0.8570532915360501,0.009195402298850575
6,1.0545423030853271,0.8570532915360501,0.009195402298850575
6,1.0545424222946167,0.8571577847439916,0.009195402298850575
6,1.054542362689972,0.8570532915360501,0.009195402298850575
6,1.0545423924922943,0.8571577847439916,0.009195402298850575
6,1.0545423775911331,0.8571577847439916,0.009195402298850575
6,1.0545423701405525,0.8571577847439916,0.009195402298850575
6,1.0545423664152622,0.8571577847439916,0.009195402298850575
6,1.054542364552617,0.8571577847439916,0.009195402298850575
6,1.0545423636212945,0.8571577847439916,0.009195402298850575
6,1.0545423631556332,0.8571577847439916,0.009195402298850575
6,1.0545423629228026,0.8571577847439916,0.009195402298850575
6,1.0545423628063872,0.8571577847439916,0.009195402298850575
6,1.0545423627481796,0.8571577847439916,0.009195402298850575
6,1.0545423627190758,0.8571577847439916,0.009195402298850575
6,1.0545423627045238,0.8571577847439916,0.009195402298850575
6,1.0545423626972479,0.8571577847439916,0.009195402298850575
6,1.05454236269361,0.8571577847439916,0.009195402298850575
6,1.054542362691791,0.8571577847439916,0.009195402298850575
6,1.0545423626908814,0.8571577847439916,0.009195402298850575
6,1.0545423626904267,0.8571577847439916,0.009195402298850575
6,1.0545423626901993,0.8571577847439916,0.009195402298850575
6,1.0545423626900856,0.8571577847439916,0.009195402298850575
6,1.0545423626900288,0.8571577847439916,0.009195402298850575
6,1.0545423626900003,0.8571577847439916,0.009195402298850575
6,1.0545423626899861,0.8571577847439916,0.009195402298850575
6,1.054542362689979,0.8571577847439916,0.009195402298850575
6,1.0545423626899755,0.8571577847439916,0.009195402298850575
6,1.0545423626899737,0.8571577847439916,0.009195402298850575
6,1.0545423626899728,0.8571577847439916,0.009195402298850575
6,1.0545423626899724,0.8571577847439916,0.009195402298850575
6,1.0545423626899721,0.8571577847439916,0.009195402298850575
6,1.0,0.783594566353187,0.004911180773249739
6,1.5,0.9878787878787879,0.13134796238244514
6,1.25,0.9610240334378265,0.04963427377220481
6,1.125,0.9120167189132706,0.018286311389759665
6,1.0625,0.8650992685475444,0.009717868338557993
6,1.09375,0.8917450365726228,0.013166144200626959
6,1.078125,0.8793103448275862,0.011494252873563218
6,1.0859375,0.8857889237199582,0.01233019853709509
6,1.08984375,0.8892371995820272,0.012539184952978056
6,1.087890625,0.8874608150470219,0.012434691745036572
6,1.0888671875,0.8886102403343783,0.012434691745036572
6,1.08935546875,0.8888192267502613,0.012539184952978056
6,1.089599609375,0.8888192267502613,0.012539184952978056
6,1.0897216796875,0.8888192267502613,0.012539184952978056
6,1.08978271484375,0.8890282131661442,0.012539184952978056
6,1.089752197265625,0.8889237199582027,0.012539184952978056
6,1.0897369384765625,0.8889237199582027,0.012539184952978056
6,1.0897293090820312,0.8888192267502613,0.012539184952978056
6,1.0897331237792969,0.8888192267502613,0.012539184952978056
6,1.0897350311279297,0.8889237199582027,0.012539184952978056
6,1.0897340774536133,0.8888192267502613,0.012539184952978056
6,1.0897345542907715,0.8888192267502613,0.012539184952978056
6,1.0897347927093506,0.8889237199582027,0.012539184952978056
6,1.089734673500061,0.8889237199582027,0.012539184952978056
6,1.0897346138954163,0.8888192267502613,0.012539184952978056
6,1.0897346436977386,0.8889237199582027,0.012539184952978056
6,1.0897346287965775,0.8889237199582027,0.012539184952978056
6,1.0897346213459969,0.8889237199582027,0.012539184952978056
6,1.0897346176207066,0.8889237199582027,0.012539184952978056
6,1.0897346157580614,0.8889237199582027,0.012539184952978056
6,1.0897346148267388,0.8889237199582027,0.012539184952978056
6,1.0897346143610775,0.8889237199582027,0.012539184952978056
6,1.089734614128247,0.8889237199582027,0.012539184952978056
6,1.0897346140118316,0.8889237199582027,0.012539184952978056
6,1.089734613953624,0.8889237199582027,0.012539184952978056
6,1.08973461392452,0.8889237199582027,0.012539184952978056
6,1.0897346139099682,0.8889237199582027,0.012539184952978056
6,1.0897346139026922,0.8889237199582027,0.012539184952978056
6,1.0897346138990542,0.8889237199582027,0.012539184952978056
6,1.0897346138972352,0.8889237199582027,0.012539184952978056
6,1.0897346138963258,0.8889237199582027,0.012539184952978056
6,1.089734613895871,0.8889237199582027,0.012539184952978056
6,1.0897346138956436,0.8889237199582027,0.012539184952978056
6,1.08973461389553,0.8889237199582027,0.012539184952978056
6,1.089734613895473,0.8889237199582027,0.012539184952978056
6,1.0897346138954447,0.8889237199582027,0.012539184952978056
6,1.0897346138954305,0.8889237199582027,0.012539184952978056
6,1.0897346138954234,0.8889237199582027,0.012539184952978056
6,1.0897346138954198,0.8889237199582027,0.012539184952978056
6,1.089734613895418,0.8889237199582027,0.012539184952978056
6,1.0897346138954171,0.8889237199582027,0.012539184952978056
6,1.0897346138954167,0.8889237199582027,0.012539184952978056
6,1.0897346138954165,0.8889237199582027,0.012539184952978056
6,1.0,0.783594566353187,0.004911180773249739
6,1.5,0.9878787878787879,0.13134796238244514
6,1.25,0.9610240334378265,0.04963427377220481
6,1.125,0.9120167189132706,0.018286311389759665
6,1.0625,0.8650992685475444,0.009717868338557993
6,1.09375,0.8917450365726228,0.013166144200626959
6,1.109375,0.903448275862069,0.015569487983281087
6,1.1171875,0.9082549634273772,0.016509926854754442
6,1.12109375,0.909717868338558,0.017241379310344827
6,1.119140625,0.9089864158829676,0.01682340647857889
6,1.1201171875,0.9096133751306165,0.01703239289446186
6,1.11962890625,0.909299895506792,0.01682340647857889
6,1.119384765625,0.9089864158829676,0.01682340647857889
6,1.1195068359375,0.9091954022988505,0.01682340647857889
6,1.11944580078125,0.9091954022988505,0.01682340647857889
6,1.119415283203125,0.9091954022988505,0.01682340647857889
6,1.1194000244140625,0.9090909090909091,0.01682340647857889
6,1.1194076538085938,0.9090909090909091,0.01682340647857889
6,1.1194114685058594,0.9090909090909091,0.01682340647857889
6,1.1194133758544922,0.9091954022988505,0.01682340647857889
6,1.1194124221801758,0.9090909090909091,0.01682340647857889
6,1.119412899017334,0.9090909090909091,0.01682340647857889
6,1.119413137435913,0.9090909090909091,0.01682340647857889
6,1.1194132566452026,0.9090909090909091,0.01682340647857889
6,1.1194133162498474,0.9091954022988505,0.01682340647857889
6,1.119413286447525,0.9090909090909091,0.01682340647857889
6,1.1194133013486862,0.9090909090909091,0.01682340647857889
6,1.1194133087992668,0.9090909090909091,0.01682340647857889
6,1.1194133125245571,0.9090909090909091,0.01682340647857889
6,1.1194133143872023,0.9090909090909091,0.01682340647857889
6,1.1194133153185248,0.9090909090909091,0.01682340647857889
6,1.1194133157841861,0.9090909090909091,0.01682340647857889
6,1.1194133160170168,0.9090909090909091,0.01682340647857889
6,1.119413316133432,0.9090909090909091,0.01682340647857889
6,1.1194133161916398,0.9090909090909091,0.01682340647857889
6,1.1194133162207436,0.9090909090909091,0.01682340647857889
6,1.1194133162352955,0.9090909090909091,0.01682340647857889
6,1.1194133162425715,0.9090909090909091,0.01682340647857889
6,1.1194133162462094,0.9090909090909091,0.01682340647857889
6,1.1194133162480284,0.9090909090909091,0.01682340647857889
6,1.119413316248938,0.9090909090909091,0.01682340647857889
6,1.1194133162493927,0.9090909090909091,0.01682340647857889
6,1.11941331624962,0.9090909090909091,0.01682340647857889
6,1.1194133162497337,0.9090909090909091,0.01682340647857889
6,1.1194133162497906,0.9090909090909091,0.01682340647857889
6,1.119413316249819,0.9090909090909091,0.01682340647857889
6,1.1194133162498332,0.9090909090909091,0.01682340647857889
6,1.1194133162498403,0.9090909090909091,0.01682340647857889
6,1.1194133162498439,0.9090909090909091,0.01682340647857889
6,1.1194133162498456,0.9090909090909091,0.01682340647857889
6,1.1194133162498465,0.9090909090909091,0.01682340647857889
6,1.119413316249847,0.9090909090909091,0.01682340647857889
6,1.1194133162498472,0.9090909090909091,0.01682340647857889
6,1.0,0.783594566353187,0.004911180773249739
6,1.5,0.9878787878787879,0.13134796238244514
6,1.75,0.9929989550679206,0.2646812957157785
6,1.875,0.9952978056426333,0.3342737722048067
6,1.9375,0.9962382445141066,0.36698014629049114
6,1.96875,0.996551724137931,0.3832810867293626
6,1.984375,0.9966562173458725,0.3915360501567398
6,1.9921875,0.9968652037617555,0.3954022988505747
6,1.99609375,0.9968652037617555,0.39717868338557993
6,1.998046875,0.996969696969697,0.39801462904911183
6,1.9990234375,0.996969696969697,0.3987460815047022
6,1.99951171875,0.996969696969697,0.39895506792058516
6,1.999755859375,0.996969696969697,0.39895506792058516
6,1.9998779296875,0.996969696969697,0.39905956112852664
6,1.99993896484375,0.996969696969697,0.39905956112852664
6,1.999969482421875,0.996969696969697,0.39905956112852664
6,1.9999847412109375,0.996969696969697,0.39905956112852664
6,1.9999923706054688,0.996969696969697,0.39905956112852664
6,1.9999961853027344,0.996969696969697,0.39905956112852664
6,1.9999980926513672,0.996969696969697,0.39905956112852664
6,1.9999990463256836,0.996969696969697,0.39905956112852664
6,1.9999995231628418,0.996969696969697,0.39905956112852664
6,1.999999761581421,0.996969696969697,0.39905956112852664
6,1.9999998807907104,0.996969696969697,0.39905956112852664
6,1.9999999403953552,0.996969696969697,0.39905956112852664
6,1.9999999701976776,0.996969696969697,0.39905956112852664
6,1.9999999850988388,0.996969696969697,0.39905956112852664
6,1.9999999925494194,0.996969696969697,0.39905956112852664
6,1.9999999962747097,0.996969696969697,0.39905956112852664
6,1.9999999981373549,0.996969696969697,0.39905956112852664
6,1.9999999990686774,0.996969696969697,0.39905956112852664
6,1.9999999995343387,0.996969696969697,0.39905956112852664
6,1.9999999997671694,0.996969696969697,0.39905956112852664
6,1.9999999998835847,0.996969696969697,0.39905956112852664
6,1.9999999999417923,0.996969696969697,0.39905956112852664
6,1.9999999999708962,0.996969696969697,0.39905956112852664
6,1.999999999985448,0.996969696969697,0.39905956112852664
6,1.999999999992724,0.996969696969697,0.39905956112852664
6,1.999999999996362,0.996969696969697,0.39905956112852664
6,1.999999999998181,0.996969696969697,0.39905956112852664
6,1.9999999999990905,0.996969696969697,0.39905956112852664
6,1.9999999999995453,0.996969696969697,0.39905956112852664
6,1.9999999999997726,0.996969696969697,0.39905956112852664
6,1.9999999999998863,0.996969696969697,0.39905956112852664
6,1.9999999999999432,0.996969696969697,0.39905956112852664
6,1.9999999999999716,0.996969696969697,0.39905956112852664
6,1.9999999999999858,0.996969696969697,0.39905956112852664
6,1.999999999999993,0.996969696969697,0.39905956112852664
6,1.9999999999999964,0.996969696969697,0.39905956112852664
6,1.9999999999999982,0.996969696969697,0.39905956112852664
6,1.9999999999999991,0.996969696969697,0.39905956112852664
6,1.9999999999999996,0.996969696969697,0.39905956112852664
6,1.9999999999999998,0.996969696969697,0.39905956112852664
6,2.0,0.996969696969697,0.39905956112852664
7,1.0,0.7772503358710255,0.004567845947156292
7,0.5,0.05857590685176892,0.0
7,0.75,0.3396327810120914,0.0
7,0.875,0.5568293775190327,0.00017913121361397223
7,0.8125,0.44505150022391404,0.0
7,0.84375,0.4987012987012987,0.0
7,0.859375,0.5274518584863412,8.956560680698612e-05
7,0.8515625,0.5141065830721003,0.0
7,0.84765625,0.5070309001343484,0.0
7,0.845703125,0.502731751007613,0.0
7,0.8447265625,0.5003134796238244,0.0
7,0.84423828125,0.49923869234214063,0.0
7,0.844482421875,0.5000447828034035,0.0
7,0.8443603515625,0.49968652037617556,0.0
7,0.84442138671875,0.4999552171965965,0.0
7,0.844451904296875,0.5000447828034035,0.0
7,0.8444366455078125,0.5000447828034035,0.0
7,0.8444290161132812,0.4999552171965965,0.0
7,0.8444328308105469,0.5000447828034035,0.0
7,0.8444309234619141,0.4999552171965965,0.0
7,0.8444318771362305,0.5000447828034035,0.0
7,0.8444314002990723,0.4999552171965965,0.0
7,0.8444316387176514,0.5000447828034035,0.0
7,0.8444315195083618,0.5000447828034035,0.0
7,0.844431459903717,0.5000447828034035,0.0
7,0.8444314301013947,0.4999552171965965,0.0
7,0.8444314450025558,0.5000447828034035,0.0
7,0.8444314375519753,0.5000447828034035,0.0
7,0.844431433826685,0.5000447828034035,0.0
7,0.8444314319640398,0.5000447828034035,0.0
7,0.8444314310327172,0.5000447828034035,0.0
7,0.8444314305670559,0.5000447828034035,0.0
7,0.8444314303342253,0.5000447828034035,0.0
7,0.84443143021781,0.5000447828034035,0.0
7,0.8444314301596023,0.5000447828034035,0.0
7,0.8444314301304985,0.5000447828034035,0.0
7,0.8444314301159466,0.5000447828034035,0.0
7,0.8444314301086706,0.5000447828034035,0.0
7,0.8444314301050326,0.5000447828034035,0.0
7,0.8444314301032136,0.5000447828034035,0.0
7,0.8444314301023041,0.5000447828034035,0.0
7,0.8444314301018494,0.5000447828034035,0.0
7,0.844431430101622,0.5000447828034035,0.0
7,0.8444314301015083,0.5000447828034035,0.0
7,0.8444314301014515,0.5000447828034035,0.0
7,0.8444314301014231,0.5000447828034035,0.0
7,0.8444314301014089,0.5000447828034035,0.0
7,0.8444314301014018,0.5000447828034035,0.0
7,0.8444314301013982,0.5000447828034035,0.0
7,0.8444314301013964,0.5000447828034035,0.0
7,0.8444314301013955,0.5000447828034035,0.0
7,0.8444314301013951,0.5000447828034035,0.0
7,0.8444314301013949,0.5000447828034035,0.0
7,0.8444314301013948,0.5000447828034035,0.0
7,1.0,0.7772503358710255,0.004567845947156292
7,0.5,0.05857590685176892,0.0
7,0.75,0.3396327810120914,0.0
7,0.875,0.5568293775190327,0.00017913121361397223
7,0.9375,0.6693237796686072,0.0008956560680698612
7,0.90625,0.6143304970891178,0.00026869682042095835
7,0.921875,0.6420958351992835,0.00026869682042095835
7,0.9296875,0.6563367666815942,0.00035826242722794446
7,0.93359375,0.6632333184057322,0.0004478280340349306
7,0.935546875,0.6662785490371698,0.0006269592476489029
7,0.9365234375,0.6680698611733095,0.0008060904612628751
7,0.93603515625,0.6674429019256606,0.0007165248544558889
7,0.935791015625,0.6668159426780117,0.0006269592476489029
7,0.9356689453125,0.6666368114643977,0.0006269592476489029
7,0.93572998046875,0.6668159426780117,0.0006269592476489029
7,0.935699462890625,0.6667263770712046,0.0006269592476489029
7,0.9356842041015625,0.6666368114643977,0.0006269592476489029
7,0.9356918334960938,0.6667263770712046,0.0006269592476489029
7,0.9356880187988281,0.6666368114643977,0.0006269592476489029
7,0.9356899261474609,0.6667263770712046,0.0006269592476489029
7,0.9356889724731445,0.6667263770712046,0.0006269592476489029
7,0.9356884956359863,0.6667263770712046,0.0006269592476489029
7,0.9356882572174072,0.6666368114643977,0.0006269592476489029
7,0.9356883764266968,0.6667263770712046,0.0006269592476489029
7,0.935688316822052,0.6666368114643977,0.0006269592476489029
7,0.9356883466243744,0.6667263770712046,0.0006269592476489029
7,0.9356883317232132,0.6666368114643977,0.0006269592476489029
7,0.9356883391737938,0.6666368114643977,0.0006269592476489029
7,0.9356883428990841,0.6666368114643977,0.0006269592476489029
7,0.9356883447617292,0.6666368114643977,0.0006269592476489029
7,0.9356883456930518,0.6666368114643977,0.0006269592476489029
7,0.9356883461587131,0.6666368114643977,0.0006269592476489029
7,0.9356883463915437,0.6666368114643977,0.0006269592476489029
7,0.9356883465079591,0.6666368114643977,0.0006269592476489029
7,0.9356883465661667,0.6666368114643977,0.0006269592476489029
7,0.9356883465952706,0.6666368114643977,0.0006269592476489029
7,0.9356883466098225,0.6666368114643977,0.0006269592476489029
7,0.9356883466170984,0.6666368114643977,0.0006269592476489029
7,0.9356883466207364,0.6666368114643977,0.0006269592476489029
7,0.9356883466225554,0.6666368114643977,0.0006269592476489029
7,0.9356883466234649,0.6666368114643977,0.0006269592476489029
7,0.9356883466239196,0.6666368114643977,0.0006269592476489029
7,0.935688346624147,0.6666368114643977,0.0006269592476489029
7,0.9356883466242607,0.6666368114643977,0.0006269592476489029
7,0.9356883466243175,0.6666368114643977,0.0006269592476489029
7,0.935688346624346,0.6666368114643977,0.0006269592476489029
7,0.9356883466243602,0.6666368114643977,0.0006269592476489029
7,0.9356883466243673,0.6666368114643977,0.0006269592476489029
7,0.9356883466243708,0.6666368114643977,0.0006269592476489029
7,0.9356883466243726,0.6666368114643977,0.0006269592476489029
7,0.9356883466243735,0.6666368114643977,0.0006269592476489029
7,0.935688346624374,0.6666368114643977,0.0006269592476489029
7,0.9356883466243742,0.6666368114643977,0.0006269592476489029
7,0.9356883466243743,0.6666368114643977,0.0006269592476489029
7,1.0,0.7772503358710255,0.004567845947156292
7,1.5,0.986744290192566,0.141961486789073
7,1.25,0.9586206896551724,0.04281236005373936
7,1.125,0.9090013434841021,0.016211374832064487
7,1.0625,0.8603672189879087,0.010031347962382446
7,1.03125,0.8233766233766234,0.006538289296909986
7,1.015625,0.8010747872816838,0.005284370801612181
7,1.0078125,0.7892521271831616,0.004746977160770265
7,1.01171875,0.7951634572324228,0.005015673981191223
7,1.013671875,0.7977608598298254,0.005194805194805195
7,1.0146484375,0.7990147783251231,0.005284370801612181
7,1.01513671875,0.799910434393193,0.005284370801612181
7,1.015380859375,0.800358262427228,0.005284370801612181
7,1.0152587890625,0.800089565606807,0.005284370801612181
7,1.01519775390625,0.8,0.005284370801612181
7,1.015228271484375,0.800089565606807,0.005284370801612181
7,1.0152130126953125,0.800089565606807,0.005284370801612181
7,1.0152053833007812,0.8,0.005284370801612181
7,1.0152091979980469,0.8,0.005284370801612181
7,1.0152111053466797,0.8,0.005284370801612181
7,1.015212059020996,0.800089565606807,0.005284370801612181
7,1.015211582183838,0.8,0.005284370801612181
7,1.015211820602417,0.800089565606807,0.005284370801612181
7,1.0152117013931274,0.8,0.005284370801612181
7,1.0152117609977722,0.800089565606807,0.005284370801612181
7,1.0152117311954498,0.8,0.005284370801612181
7,1.015211746096611,0.8,0.005284370801612181
7,1.0152117535471916,0.8,0.005284370801612181
7,1.015211757272482,0.8,0.005284370801612181
7,1.015211759135127,0.8,0.005284370801612181
7,1.0152117600664496,0.8,0.005284370801612181
7,1.015211760532111,0.8,0.005284370801612181
7,1.0152117607649416,0.8,0.005284370801612181
7,1.015211760881357,0.8,0.005284370801612181
7,1.0152117609395646,0.8,0.005284370801612181
7,1.0152117609686684,0.8,0.005284370801612181
7,1.0152117609832203,0.8,0.005284370801612181
7,1.0152117609904963,0.8,0.005284370801612181
7,1.0152117609941342,0.8,0.005284370801612181
7,1.0152117609959532,0.8,0.005284370801612181
7,1.0152117609968627,0.8,0.005284370801612181
7,1.0152117609973175,0.8,0.005284370801612181
7,1.0152117609975448,0.8,0.005284370801612181
7,1.0152117609976585,0.8,0.005284370801612181
7,1.0152117609977154,0.8,0.005284370801612181
7,1.0152117609977438,0.8,0.005284370801612181
7,1.015211760997758,0.8,0.005284370801612181
7,1.0152117609977651,0.8,0.005284370801612181
7,1.0152117609977687,0.8,0.005284370801612181
7,1.0152117609977704,0.8,0.005284370801612181
7,1.0152117609977713,0.8,0.005284370801612181
7,1.0152117609977718,0.8,0.005284370801612181
7,1.015211760997772,0.8,0.005284370801612181
7,1.0,0.7772503358710255,0.004567845947156292
7,1.5,0.986744290192566,0.141961486789073
7,1.25,0.9586206896551724,0.04281236005373936
7,1.125,0.9090013434841021,0.016211374832064487
7,1.0625,0.8603672189879087,0.010031347962382446
7,1.03125,0.8233766233766234,0.006538289296909986
7,1.046875,0.8416480071652486,0.007971339005821764
7,1.0546875,0.851500223914017,0.008866995073891626
7,1.05859375,0.8552619793999104,0.0096730855351545
7,1.060546875,0.8583072100313479,0.009852216748768473
7,1.0595703125,0.8567845947156292,0.009762651141961487
7,1.06005859375,0.8571428571428571,0.009852216748768473
7,1.060302734375,0.8575906851768921,0.009852216748768473
7,1.0601806640625,0.8575011195700851,0.009852216748768473
7,1.06011962890625,0.8575011195700851,0.009852216748768473
7,1.060089111328125,0.8571428571428571,0.009852216748768473
7,1.0601043701171875,0.8573219883564711,0.009852216748768473
7,1.0600967407226562,0.8572324227496642,0.009852216748768473
7,1.0600929260253906,0.8572324227496642,0.009852216748768473
7,1.0600910186767578,0.8571428571428571,0.009852216748768473
7,1.0600919723510742,0.8571428571428571,0.009852216748768473
7,1.0600924491882324,0.8571428571428571,0.009852216748768473
7,1.0600926876068115,0.8572324227496642,0.009852216748768473
7,1.060092568397522,0.8572324227496642,0.009852216748768473
7,1.0600925087928772,0.8571428571428571,0.009852216748768473
7,1.0600925385951996,0.8572324227496642,0.009852216748768473
7,1.0600925236940384,0.8572324227496642,0.009852216748768473
7,1.0600925162434578,0.8572324227496642,0.009852216748768473
7,1.0600925125181675,0.8572324227496642,0.009852216748768473
7,1.0600925106555223,0.8572324227496642,0.009852216748768473
7,1.0600925097241998,0.8572324227496642,0.009852216748768473
7,1.0600925092585385,0.8572324227496642,0.009852216748768473
7,1.0600925090257078,0.8572324227496642,0.009852216748768473
7,1.0600925089092925,0.8572324227496642,0.009852216748768473
7,1.0600925088510849,0.8572324227496642,0.009852216748768473
7,1.060092508821981,0.8572324227496642,0.009852216748768473
7,1.0600925088074291,0.8572324227496642,0.009852216748768473
7,1.0600925088001532,0.8572324227496642,0.009852216748768473
7,1.0600925087965152,0.8572324227496642,0.009852216748768473
7,1.0600925087946962,0.8572324227496642,0.009852216748768473
7,1.0600925087937867,0.8572324227496642,0.009852216748768473
7,1.060092508793332,0.8572324227496642,0.009852216748768473
7,1.0600925087931046,0.8572324227496642,0.009852216748768473
7,1.0600925087929909,0.8572324227496642,0.009852216748768473
7,1.060092508792934,0.8572324227496642,0.009852216748768473
7,1.0600925087929056,0.8572324227496642,0.009852216748768473
7,1.0600925087928914,0.8572324227496642,0.009852216748768473
7,1.0600925087928843,0.8572324227496642,0.009852216748768473
7,1.0600925087928807,0.8572324227496642,0.009852216748768473
7,1.060092508792879,0.8572324227496642,0.009852216748768473
7,1.060092508792878,0.8572324227496642,0.009852216748768473
7,1.0600925087928776,0.8572324227496642,0.009852216748768473
7,1.0600925087928774,0.8572324227496642,0.009852216748768473
7,1.0,0.7772503358710255,0.004567845947156292
7,1.5,0.986744290192566,0.141961486789073
7,1.25,0.9586206896551724,0.04281236005373936
7,1.125,0.9090013434841021,0.016211374832064487
7,1.0625,0.8603672189879087,0.010031347962382446
7,1.09375,0.8873264666368115,0.011912225705329153
7,1.109375,0.8994178235557546,0.013613972234661889
7,1.1015625,0.8931482310792656,0.013166144200626959
7,1.09765625,0.8901030004478281,0.012807881773399015
7,1.095703125,0.8882221227048813,0.01244961934617107
7,1.0966796875,0.8890282131661442,0.012539184952978056
7,1.09619140625,0.8886699507389163,0.01244961934617107
7,1.096435546875,0.8888490819525302,0.012539184952978056
7,1.0965576171875,0.8888490819525302,0.012539184952978056
7,1.09661865234375,0.8890282131661442,0.012539184952978056
7,1.096588134765625,0.8890282131661442,0.012539184952978056
7,1.0965728759765625,0.8889386475593373,0.012539184952978056
7,1.0965652465820312,0.8889386475593373,0.012539184952978056
7,1.0965614318847656,0.8888490819525302,0.012539184952978056
7,1.0965633392333984,0.8888490819525302,0.012539184952978056
7,1.0965642929077148,0.8889386475593373,0.012539184952978056
7,1.0965638160705566,0.8888490819525302,0.012539184952978056
7,1.0965640544891357,0.8889386475593373,0.012539184952978056
7,1.0965639352798462,0.8889386475593373,0.012539184952978056
7,1.0965638756752014,0.8888490819525302,0.012539184952978056
7,1.0965639054775238,0.8889386475593373,0.012539184952978056
7,1.0965638905763626,0.8889386475593373,0.012539184952978056
7,1.096563883125782,0.8889386475593373,0.012539184952978056
7,1.0965638794004917,0.8889386475593373,0.012539184952978056
7,1.0965638775378466,0.8889386475593373,0.012539184952978056
7,1.096563876606524,0.8889386475593373,0.012539184952978056
7,1.0965638761408627,0.8889386475593373,0.012539184952978056
7,1.096563875908032,0.8889386475593373,0.012539184952978056
7,1.0965638757916167,0.8889386475593373,0.012539184952978056
7,1.096563875733409,0.8889386475593373,0.012539184952978056
7,1.0965638757043052,0.8889386475593373,0.012539184952978056
7,1.0965638756897533,0.8889386475593373,0.012539184952978056
7,1.0965638756824774,0.8889386475593373,0.012539184952978056
7,1.0965638756788394,0.8889386475593373,0.012539184952978056
7,1.0965638756770204,0.8889386475593373,0.012539184952978056
7,1.096563875676111,0.8889386475593373,0.012539184952978056
7,1.0965638756756562,0.8889386475593373,0.012539184952978056
7,1.0965638756754288,0.8889386475593373,0.012539184952978056
7,1.096563875675315,0.8889386475593373,0.012539184952978056
7,1.0965638756752583,0.8889386475593373,0.012539184952978056
7,1.0965638756752298,0.8889386475593373,0.012539184952978056
7,1.0965638756752156,0.8889386475593373,0.012539184952978056
7,1.0965638756752085,0.8889386475593373,0.012539184952978056
7,1.096563875675205,0.8889386475593373,0.012539184952978056
7,1.0965638756752032,0.8889386475593373,0.012539184952978056
7,1.0965638756752023,0.8889386475593373,0.012539184952978056
7,1.0965638756752019,0.8889386475593373,0.012539184952978056
7,1.0965638756752016,0.8889386475593373,0.012539184952978056
7,1.0,0.7772503358710255,0.004567845947156292
7,1.5,0.986744290192566,0.141961486789073
7,1.25,0.9586206896551724,0.04281236005373936
7,1.125,0.9090013434841021,0.016211374832064487
7,1.1875,0.9382892969099865,0.02821316614420063
7,1.15625,0.9256605463502016,0.021137483206448725
7,1.140625,0.9183161665920286,0.017913121361397222
7,1.1328125,0.9127630989699955,0.017107030900134348
7,1.12890625,0.9107926556202418,0.016569637259292433
7,1.126953125,0.909896999552172,0.016300940438871474
7,1.1259765625,0.9094491715181371,0.016300940438871474
7,1.12548828125,0.9090909090909091,0.016300940438871474
7,1.125732421875,0.90935960591133,0.016300940438871474
7,1.1256103515625,0.9091804746977161,0.016300940438871474
7,1.12554931640625,0.9090909090909091,0.016300940438871474
7,1.125579833984375,0.9090909090909091,0.016300940438871474
7,1.1255950927734375,0.9090909090909091,0.016300940438871474
7,1.1256027221679688,0.9090909090909091,0.016300940438871474
7,1.1256065368652344,0.9090909090909091,0.016300940438871474
7,1.1256084442138672,0.9091804746977161,0.016300940438871474
7,1.1256074905395508,0.9091804746977161,0.016300940438871474
7,1.1256070137023926,0.9091804746977161,0.016300940438871474
7,1.1256067752838135,0.9091804746977161,0.016300940438871474
7,1.125606656074524,0.9091804746977161,0.016300940438871474
7,1.1256065964698792,0.9090909090909091,0.016300940438871474
7,1.1256066262722015,0.9091804746977161,0.016300940438871474
7,1.1256066113710403,0.9091804746977161,0.016300940438871474
7,1.1256066039204597,0.9091804746977161,0.016300940438871474
7,1.1256066001951694,0.9091804746977161,0.016300940438871474
7,1.1256065983325243,0.9091804746977161,0.016300940438871474
7,1.1256065974012017,0.9091804746977161,0.016300940438871474
7,1.1256065969355404,0.9091804746977161,0.016300940438871474
7,1.1256065967027098,0.9091804746977161,0.016300940438871474
7,1.1256065965862945,0.9091804746977161,0.016300940438871474
7,1.1256065965280868,0.9091804746977161,0.016300940438871474
7,1.125606596498983,0.9091804746977161,0.016300940438871474
7,1.125606596484431,0.9091804746977161,0.016300940438871474
7,1.125606596477155,0.9091804746977161,0.016300940438871474
7,1.1256065964735171,0.9091804746977161,0.016300940438871474
7,1.1256065964716981,0.9091804746977161,0.016300940438871474
7,1.1256065964707886,0.9091804746977161,0.016300940438871474
7,1.125606596470334,0.9091804746977161,0.016300940438871474
7,1.1256065964701065,0.9091804746977161,0.016300940438871474
7,1.1256065964699928,0.9091804746977161,0.016300940438871474
7,1.125606596469936,0.9091804746977161,0.016300940438871474
7,1.1256065964699076,0.9091804746977161,0.016300940438871474
7,1.1256065964698934,0.9091804746977161,0.016300940438871474
7,1.1256065964698863,0.9091804746977161,0.016300940438871474
7,1.1256065964698827,0.9091804746977161,0.016300940438871474
7,1.125606596469881,0.9091804746977161,0.016300940438871474
7,1.12560659646988,0.9091804746977161,0.016300940438871474
7,1.1256065964698796,0.9091804746977161,0.016300940438871474
7,1.1256065964698794,0.9091804746977161,0.016300940438871474
7,1.0,0.7772503358710255,0.004567845947156292
7,1.5,0.986744290192566,0.141961486789073
7,1.75,0.9937304075235109,0.2683385579937304
7,1.875,0.9957008508732647,0.3380206000895656
7,1.9375,0.9963278101209135,0.3711598746081505
7,1.96875,0.9966860725481416,0.386833855799373
7,1.984375,0.9970443349753695,0.39373040752351096
7,1.9921875,0.9972234661889834,0.3975817286162114
7,1.99609375,0.9972234661889834,0.399820868786386
7,1.998046875,0.9972234661889834,0.4007165248544559
7,1.9990234375,0.9972234661889834,0.4012539184952978
7,1.99951171875,0.9972234661889834,0.4014330497089118
7,1.999755859375,0.9972234661889834,0.40161218092252576
7,1.9998779296875,0.9972234661889834,0.4017017465293327
7,1.99993896484375,0.9972234661889834,0.4017017465293327
7,1.999969482421875,0.9972234661889834,0.4017913121361397
7,1.9999847412109375,0.9972234661889834,0.4017913121361397
7,1.9999923706054688,0.9972234661889834,0.4017913121361397
7,1.9999961853027344,0.9972234661889834,0.4017913121361397
7,1.9999980926513672,0.9972234661889834,0.4017913121361397
7,1.9999990463256836,0.9972234661889834,0.4017913121361397
7,1.9999995231628418,0.9972234661889834,0.4017913121361397
7,1.999999761581421,0.9972234661889834,0.4017913121361397
7,1.9999998807907104,0.9972234661889834,0.4017913121361397
7,1.9999999403953552,0.9972234661889834,0.4017913121361397
7,1.9999999701976776,0.9972234661889834,0.4017913121361397
7,1.9999999850988388,0.9972234661889834,0.4017913121361397
7,1.9999999925494194,0.9972234661889834,0.4017913121361397
7,1.9999999962747097,0.9972234661889834,0.4017913121361397
7,1.9999999981373549,0.9972234661889834,0.4017913121361397
7,1.9999999990686774,0.9972234661889834,0.4017913121361397
7,1.9999999995343387,0.9972234661889834,0.4017913121361397
7,1.9999999997671694,0.9972234661889834,0.4017913121361397
7,1.9999999998835847,0.9972234661889834,0.4017913121361397
7,1.9999999999417923,0.9972234661889834,0.4017913121361397
7,1.9999999999708962,0.9972234661889834,0.4017913121361397
7,1.999999999985448,0.9972234661889834,0.4017913121361397
7,1.999999999992724,0.9972234661889834,0.4017913121361397
7,1.999999999996362,0.9972234661889834,0.4017913121361397
7,1.999999999998181,0.9972234661889834,0.4017913121361397
7,1.9999999999990905,0.9972234661889834,0.4017913121361397
7,1.9999999999995453,0.9972234661889834,0.4017913121361397
7,1.9999999999997726,0.9972234661889834,0.4017913121361397
7,1.9999999999998863,0.9972234661889834,0.4017913121361397
7,1.9999999999999432,0.9972234661889834,0.4017913121361397
7,1.9999999999999716,0.9972234661889834,0.4017913121361397
7,1.9999999999999858,0.9972234661889834,0.4017913121361397
7,1.999999999999993,0.9972234661889834,0.4017913121361397
7,1.9999999999999964,0.9972234661889834,0.4017913121361397
7,1.9999999999999982,0.9972234661889834,0.4017913121361397
7,1.9999999999999991,0.9972234661889834,0.4017913121361397
7,1.9999999999999996,0.9972234661889834,0.4017913121361397
7,1.9999999999999998,0.9972234661889834,0.4017913121361397
7,2.0,0.9972234661889834,0.4017913121361397
8,1.0,0.7915360501567398,0.0040752351097178684
8,0.5,0.056739811912225706,0.0
8,0.75,0.34467084639498435,0.0
8,0.875,0.5688087774294671,0.0007053291536050156
8,0.8125,0.4535266457680251,7.836990595611286e-05
8,0.84375,0.5090125391849529,0.00039184952978056425
8,0.828125,0.4818965517241379,0.00023510971786833856
8,0.8359375,0.4954545454545455,0.00023510971786833856
8,0.83984375,0.5024294670846395,0.00031347962382445143
8,0.837890625,0.499294670846395,0.00023510971786833856
8,0.8388671875,0.5005485893416928,0.00023510971786833856
8,0.83837890625,0.5003918495297806,0.00023510971786833856
8,0.838134765625,0.4998432601880878,0.00023510971786833856
8,0.8382568359375,0.5003134796238244,0.00023510971786833856
8,0.83819580078125,0.5,0.00023510971786833856
8,0.838226318359375,0.5,0.00023510971786833856
8,0.8382415771484375,0.5001567398119122,0.00023510971786833856
8,0.8382339477539062,0.5,0.00023510971786833856
8,0.8382377624511719,0.5,0.00023510971786833856
8,0.8382396697998047,0.5000783699059561,0.00023510971786833856
8,0.8382387161254883,0.5,0.00023510971786833856
8,0.8382391929626465,0.5000783699059561,0.00023510971786833856
8,0.8382389545440674,0.5,0.00023510971786833856
8,0.8382390737533569,0.5000783699059561,0.00023510971786833856
8,0.8382390141487122,0.5,0.00023510971786833856
8,0.8382390439510345,0.5000783699059561,0.00023510971786833856
8,0.8382390290498734,0.5,0.00023510971786833856
8,0.838239036500454,0.5,0.00023510971786833856
8,0.8382390402257442,0.5,0.00023510971786833856
8,0.8382390420883894,0.5,0.00023510971786833856
8,0.838239043019712,0.5,0.00023510971786833856
8,0.8382390434853733,0.5,0.00023510971786833856
8,0.8382390437182039,0.5,0.00023510971786833856
8,0.8382390438346192,0.5,0.00023510971786833856
8,0.8382390438928269,0.5,0.00023510971786833856
8,0.8382390439219307,0.5,0.00023510971786833856
8,0.8382390439364826,0.5,0.00023510971786833856
8,0.8382390439437586,0.5,0.00023510971786833856
8,0.8382390439473966,0.5,0.00023510971786833856
8,0.8382390439492156,0.5,0.00023510971786833856
8,0.838239043950125,0.5,0.00023510971786833856
8,0.8382390439505798,0.5,0.00023510971786833856
8,0.8382390439508072,0.5,0.00023510971786833856
8,0.8382390439509209,0.5,0.00023510971786833856
8,0.8382390439509777,0.5,0.00023510971786833856
8,0.8382390439510061,0.5,0.00023510971786833856
8,0.8382390439510203,0.5,0.00023510971786833856
8,0.8382390439510274,0.5,0.00023510971786833856
8,0.838239043951031,0.5,0.00023510971786833856
8,0.8382390439510328,0.5,0.00023510971786833856
8,0.8382390439510337,0.5,0.00023510971786833856
8,0.8382390439510341,0.5,0.00023510971786833856
8,0.8382390439510343,0.5,0.00023510971786833856
8,0.8382390439510344,0.5,0.00023510971786833856
8,1.0,0.7915360501567398,0.0040752351097178684
8,0.5,0.056739811912225706,0.0
8,0.75,0.34467084639498435,0.0
8,0.875,0.5688087774294671,0.0007053291536050156
8,0.9375,0.6858150470219436,0.0014890282131661441
8,0.90625,0.631896551724138,0.0010188087774294671
8,0.921875,0.6585423197492163,0.0011755485893416929
8,0.9296875,0.6723354231974922,0.0014106583072100312
8,0.92578125,0.6649686520376176,0.0013322884012539186
8,0.927734375,0.6684952978056427,0.0014106583072100312
8,0.9267578125,0.6664576802507837,0.0013322884012539186
8,0.92724609375,0.6677115987460815,0.0013322884012539186
8,0.927001953125,0.6671630094043887,0.0013322884012539186
8,0.9268798828125,0.6669278996865203,0.0013322884012539186
8,0.92681884765625,0.6667711598746081,0.0013322884012539186
8,0.926788330078125,0.6665360501567398,0.0013322884012539186
8,0.9268035888671875,0.666692789968652,0.0013322884012539186
8,0.9267959594726562,0.6666144200626959,0.0013322884012539186
8,0.9267997741699219,0.666692789968652,0.0013322884012539186
8,0.9267978668212891,0.6666144200626959,0.0013322884012539186
8,0.9267988204956055,0.666692789968652,0.0013322884012539186
8,0.9267983436584473,0.666692789968652,0.0013322884012539186
8,0.9267981052398682,0.6666144200626959,0.0013322884012539186
8,0.9267982244491577,0.6666144200626959,0.0013322884012539186
8,0.9267982840538025,0.666692789968652,0.0013322884012539186
8,0.9267982542514801,0.6666144200626959,0.0013322884012539186
8,0.9267982691526413,0.666692789968652,0.0013322884012539186
8,0.9267982617020607,0.666692789968652,0.0013322884012539186
8,0.9267982579767704,0.666692789968652,0.0013322884012539186
8,0.9267982561141253,0.666692789968652,0.0013322884012539186
8,0.9267982551828027,0.666692789968652,0.0013322884012539186
8,0.9267982547171414,0.666692789968652,0.0013322884012539186
8,0.9267982544843107,0.666692789968652,0.0013322884012539186
8,0.9267982543678954,0.666692789968652,0.0013322884012539186
8,0.9267982543096878,0.666692789968652,0.0013322884012539186
8,0.9267982542805839,0.666692789968652,0.0013322884012539186
8,0.926798254266032,0.666692789968652,0.0013322884012539186
8,0.9267982542587561,0.666692789968652,0.0013322884012539186
8,0.9267982542551181,0.666692789968652,0.0013322884012539186
8,0.9267982542532991,0.666692789968652,0.0013322884012539186
8,0.9267982542523896,0.666692789968652,0.0013322884012539186
8,0.9267982542519348,0.666692789968652,0.0013322884012539186
8,0.9267982542517075,0.666692789968652,0.0013322884012539186
8,0.9267982542515938,0.666692789968652,0.0013322884012539186
8,0.926798254251537,0.666692789968652,0.0013322884012539186
8,0.9267982542515085,0.666692789968652,0.0013322884012539186
8,0.9267982542514943,0.666692789968652,0.0013322884012539186
8,0.9267982542514872,0.666692789968652,0.0013322884012539186
8,0.9267982542514837,0.666692789968652,0.0013322884012539186
8,0.9267982542514819,0.666692789968652,0.0013322884012539186
8,0.926798254251481,0.666692789968652,0.0013322884012539186
8,0.9267982542514805,0.666692789968652,0.0013322884012539186
8,0.9267982542514803,0.666692789968652,0.0013322884012539186
8,0.9267982542514802,0.666692789968652,0.0013322884012539186
8,1.0,0.7915360501567398,0.0040752351097178684
8,1.5,0.9876175548589342,0.14615987460815047
8,1.25,0.960423197492163,0.051489028213166144
8,1.125,0.9171630094043887,0.021551724137931036
8,1.0625,0.871551724137931,0.00877742946708464
8,1.03125,0.8357366771159874,0.006269592476489028
8,1.015625,0.8155956112852665,0.005094043887147335
8,1.0078125,0.8050156739811912,0.004623824451410658
8,1.00390625,0.7992946708463949,0.004467084639498433
8,1.005859375,0.8022727272727272,0.004545454545454545
8,1.0048828125,0.800705329153605,0.004545454545454545
8,1.00439453125,0.7999216300940439,0.004545454545454545
8,1.004638671875,0.8001567398119123,0.004545454545454545
8,1.0045166015625,0.8001567398119123,0.004545454545454545
8,1.00445556640625,0.8,0.004545454545454545
8,1.004486083984375,0.8000783699059562,0.004545454545454545
8,1.0044708251953125,0.8,0.004545454545454545
8,1.0044784545898438,0.8,0.004545454545454545
8,1.0044822692871094,0.8000783699059562,0.004545454545454545
8,1.0044803619384766,0.8,0.004545454545454545
8,1.004481315612793,0.8,0.004545454545454545
8,1.0044817924499512,0.8000783699059562,0.004545454545454545
8,1.004481554031372,0.8000783699059562,0.004545454545454545
8,1.0044814348220825,0.8,0.004545454545454545
8,1.0044814944267273,0.8000783699059562,0.004545454545454545
8,1.004481464624405,0.8,0.004545454545454545
8,1.004481479525566,0.8,0.004545454545454545
8,1.0044814869761467,0.8,0.004545454545454545
8,1.004481490701437,0.8,0.004545454545454545
8,1.0044814925640821,0.8,0.004545454545454545
8,1.0044814934954047,0.8,0.004545454545454545
8,1.004481493961066,0.8,0.004545454545454545
8,1.0044814941938967,0.8,0.004545454545454545
8,1.004481494310312,0.8,0.004545454545454545
8,1.0044814943685196,0.8,0.004545454545454545
8,1.0044814943976235,0.8,0.004545454545454545
8,1.0044814944121754,0.8,0.004545454545454545
8,1.0044814944194513,0.8,0.004545454545454545
8,1.0044814944230893,0.8,0.004545454545454545
8,1.0044814944249083,0.8,0.004545454545454545
8,1.0044814944258178,0.8,0.004545454545454545
8,1.0044814944262725,0.8,0.004545454545454545
8,1.0044814944265,0.8,0.004545454545454545
8,1.0044814944266136,0.8,0.004545454545454545
8,1.0044814944266705,0.8,0.004545454545454545
8,1.0044814944266989,0.8,0.004545454545454545
8,1.004481494426713,0.8,0.004545454545454545
8,1.0044814944267202,0.8,0.004545454545454545
8,1.0044814944267237,0.8,0.004545454545454545
8,1.0044814944267255,0.8,0.004545454545454545
8,1.0044814944267264,0.8,0.004545454545454545
8,1.0044814944267269,0.8,0.004545454545454545
8,1.004481494426727,0.8,0.004545454545454545
8,1.0,0.7915360501567398,0.0040752351097178684
8,1.5,0.9876175548589342,0.14615987460815047
8,1.25,0.960423197492163,0.051489028213166144
8,1.125,0.9171630094043887,0.021551724137931036
8,1.0625,0.871551724137931,0.00877742946708464
8,1.03125,0.8357366771159874,0.006269592476489028
8,1.046875,0.8543887147335423,0.007601880877742947
8,1.0546875,0.8635579937304075,0.00799373040752351
8,1.05078125,0.8589341692789969,0.007915360501567398
8,1.048828125,0.8563479623824451,0.007680250783699059
8,1.0498046875,0.8582288401253918,0.007758620689655172
8,1.04931640625,0.8573667711598746,0.007680250783699059
8,1.049072265625,0.8568965517241379,0.007680250783699059
8,1.0491943359375,0.8571316614420063,0.007680250783699059
8,1.04925537109375,0.8572884012539185,0.007680250783699059
8,1.049224853515625,0.8572884012539185,0.007680250783699059
8,1.0492095947265625,0.8572884012539185,0.007680250783699059
8,1.0492019653320312,0.8572884012539185,0.007680250783699059
8,1.0491981506347656,0.8572884012539185,0.007680250783699059
8,1.0491962432861328,0.8571316614420063,0.007680250783699059
8,1.0491971969604492,0.8572884012539185,0.007680250783699059
8,1.049196720123291,0.8572100313479624,0.007680250783699059
8,1.049196481704712,0.8571316614420063,0.007680250783699059
8,1.0491966009140015,0.8571316614420063,0.007680250783699059
8,1.0491966605186462,0.8572100313479624,0.007680250783699059
8,1.0491966307163239,0.8571316614420063,0.007680250783699059
8,1.049196645617485,0.8571316614420063,0.007680250783699059
8,1.0491966530680656,0.8571316614420063,0.007680250783699059
8,1.049196656793356,0.8571316614420063,0.007680250783699059
8,1.049196658656001,0.8571316614420063,0.007680250783699059
8,1.0491966595873237,0.8571316614420063,0.007680250783699059
8,1.049196660052985,0.8571316614420063,0.007680250783699059
8,1.0491966602858156,0.8571316614420063,0.007680250783699059
8,1.049196660402231,0.8571316614420063,0.007680250783699059
8,1.0491966604604386,0.8571316614420063,0.007680250783699059
8,1.0491966604895424,0.8571316614420063,0.007680250783699059
8,1.0491966605040943,0.8571316614420063,0.007680250783699059
8,1.0491966605113703,0.8571316614420063,0.007680250783699059
8,1.0491966605150083,0.8571316614420063,0.007680250783699059
8,1.0491966605168273,0.8571316614420063,0.007680250783699059
8,1.0491966605177367,0.8571316614420063,0.007680250783699059
8,1.0491966605181915,0.8571316614420063,0.007680250783699059
8,1.0491966605184189,0.8571316614420063,0.007680250783699059
8,1.0491966605185326,0.8571316614420063,0.007680250783699059
8,1.0491966605185894,0.8571316614420063,0.007680250783699059
8,1.0491966605186178,0.8571316614420063,0.007680250783699059
8,1.049196660518632,0.8571316614420063,0.007680250783699059
8,1.0491966605186391,0.8571316614420063,0.007680250783699059
8,1.0491966605186427,0.8571316614420063,0.007680250783699059
8,1.0491966605186445,0.8571316614420063,0.007680250783699059
8,1.0491966605186454,0.8571316614420063,0.007680250783699059
8,1.0491966605186458,0.8571316614420063,0.007680250783699059
8,1.049196660518646,0.8571316614420063,0.007680250783699059
8,1.0,0.7915360501567398,0.0040752351097178684
8,1.5,0.9876175548589342,0.14615987460815047
8,1.25,0.960423197492163,0.051489028213166144
8,1.125,0.9171630094043887,0.021551724137931036
8,1.0625,0.871551724137931,0.00877742946708464
8,1.09375,0.896551724137931,0.015282131661442006
8,1.078125,0.8847962382445141,0.011677115987460815
8,1.0859375,0.8909090909090909,0.013949843260188088
8,1.08203125,0.8880877742946709,0.013087774294670847
8,1.083984375,0.8894984326018809,0.013793103448275862
8,1.0830078125,0.8887147335423198,0.013479623824451411
8,1.08349609375,0.8891849529780564,0.01371473354231975
8,1.083251953125,0.8890282131661442,0.013557993730407523
8,1.0831298828125,0.8889498432601881,0.013557993730407523
8,1.08306884765625,0.8889498432601881,0.013479623824451411
8,1.083038330078125,0.888871473354232,0.013479623824451411
8,1.0830535888671875,0.888871473354232,0.013479623824451411
8,1.0830612182617188,0.888871473354232,0.013479623824451411
8,1.0830650329589844,0.8889498432601881,0.013479623824451411
8,1.0830631256103516,0.8889498432601881,0.013479623824451411
8,1.0830621719360352,0.888871473354232,0.013479623824451411
8,1.0830626487731934,0.888871473354232,0.013479623824451411
8,1.0830628871917725,0.888871473354232,0.013479623824451411
8,1.083063006401062,0.888871473354232,0.013479623824451411
8,1.0830630660057068,0.8889498432601881,0.013479623824451411
8,1.0830630362033844,0.888871473354232,0.013479623824451411
8,1.0830630511045456,0.888871473354232,0.013479623824451411
8,1.0830630585551262,0.888871473354232,0.013479623824451411
8,1.0830630622804165,0.888871473354232,0.013479623824451411
8,1.0830630641430616,0.888871473354232,0.013479623824451411
8,1.0830630650743842,0.888871473354232,0.013479623824451411
8,1.0830630655400455,0.888871473354232,0.013479623824451411
8,1.0830630657728761,0.888871473354232,0.013479623824451411
8,1.0830630658892915,0.888871473354232,0.013479623824451411
8,1.0830630659474991,0.888871473354232,0.013479623824451411
8,1.083063065976603,0.888871473354232,0.013479623824451411
8,1.0830630659911549,0.888871473354232,0.013479623824451411
8,1.0830630659984308,0.888871473354232,0.013479623824451411
8,1.0830630660020688,0.888871473354232,0.013479623824451411
8,1.0830630660038878,0.888871473354232,0.013479623824451411
8,1.0830630660047973,0.888871473354232,0.013479623824451411
8,1.083063066005252,0.888871473354232,0.013479623824451411
8,1.0830630660054794,0.888871473354232,0.013479623824451411
8,1.083063066005593,0.888871473354232,0.013479623824451411
8,1.08306306600565,0.888871473354232,0.013479623824451411
8,1.0830630660056784,0.888871473354232,0.013479623824451411
8,1.0830630660056926,0.888871473354232,0.013479623824451411
8,1.0830630660056997,0.888871473354232,0.013479623824451411
8,1.0830630660057032,0.888871473354232,0.013479623824451411
8,1.083063066005705,0.888871473354232,0.013479623824451411
8,1.083063066005706,0.888871473354232,0.013479623824451411
8,1.0830630660057063,0.888871473354232,0.013479623824451411
8,1.0830630660057066,0.888871473354232,0.013479623824451411
8,1.0,0.7915360501567398,0.0040752351097178684
8,1.5,0.9876175548589342,0.14615987460815047
8,1.25,0.960423197492163,0.051489028213166144
8,1.125,0.9171630094043887,0.021551724137931036
8,1.0625,0.871551724137931,0.00877742946708464
8,1.09375,0.896551724137931,0.015282131661442006
8,1.109375,0.9074451410658307,0.01810344827586207
8,1.1171875,0.9124608150470219,0.019670846394984325
8,1.11328125,0.9098746081504702,0.018808777429467086
8,1.111328125,0.9086990595611285,0.018573667711598747
8,1.1123046875,0.9092476489028213,0.018573667711598747
8,1.11181640625,0.9088557993730407,0.018573667711598747
8,1.112060546875,0.9089341692789968,0.018573667711598747
8,1.1121826171875,0.9090909090909091,0.018573667711598747
8,1.11224365234375,0.9092476489028213,0.018573667711598747
8,1.112213134765625,0.9090909090909091,0.018573667711598747
8,1.1122283935546875,0.9090909090909091,0.018573667711598747
8,1.1122360229492188,0.9090909090909091,0.018573667711598747
8,1.1122398376464844,0.9091692789968652,0.018573667711598747
8,1.1122379302978516,0.9090909090909091,0.018573667711598747
8,1.112238883972168,0.9091692789968652,0.018573667711598747
8,1.1122384071350098,0.9091692789968652,0.018573667711598747
8,1.1122381687164307,0.9091692789968652,0.018573667711598747
8,1.1122380495071411,0.9091692789968652,0.018573667711598747
8,1.1122379899024963,0.9090909090909091,0.018573667711598747
8,1.1122380197048187,0.9091692789968652,0.018573667711598747
8,1.1122380048036575,0.9091692789968652,0.018573667711598747
8,1.112237997353077,0.9091692789968652,0.018573667711598747
8,1.1122379936277866,0.9091692789968652,0.018573667711598747
8,1.1122379917651415,0.9091692789968652,0.018573667711598747
8,1.112237990833819,0.9091692789968652,0.018573667711598747
8,1.1122379903681576,0.9091692789968652,0.018573667711598747
8,1.112237990135327,0.9091692789968652,0.018573667711598747
8,1.1122379900189117,0.9091692789968652,0.018573667711598747
8,1.112237989960704,0.9091692789968652,0.018573667711598747
8,1.1122379899316002,0.9091692789968652,0.018573667711598747
8,1.1122379899170483,0.9091692789968652,0.018573667711598747
8,1.1122379899097723,0.9091692789968652,0.018573667711598747
8,1.1122379899061343,0.9091692789968652,0.018573667711598747
8,1.1122379899043153,0.9091692789968652,0.018573667711598747
8,1.1122379899034058,0.9091692789968652,0.018573667711598747
8,1.112237989902951,0.9091692789968652,0.018573667711598747
8,1.1122379899027237,0.9091692789968652,0.018573667711598747
8,1.11223798990261,0.9091692789968652,0.018573667711598747
8,1.1122379899025532,0.9091692789968652,0.018573667711598747
8,1.1122379899025248,0.9091692789968652,0.018573667711598747
8,1.1122379899025105,0.9091692789968652,0.018573667711598747
8,1.1122379899025034,0.9091692789968652,0.018573667711598747
8,1.1122379899025,0.9091692789968652,0.018573667711598747
8,1.1122379899024981,0.9091692789968652,0.018573667711598747
8,1.1122379899024972,0.9091692789968652,0.018573667711598747
8,1.1122379899024968,0.9091692789968652,0.018573667711598747
8,1.1122379899024966,0.9091692789968652,0.018573667711598747
8,1.0,0.7915360501567398,0.0040752351097178684
8,1.5,0.9876175548589342,0.14615987460815047
8,1.75,0.9934169278996865,0.27327586206896554
8,1.875,0.995141065830721,0.34051724137931033
8,1.9375,0.9959247648902821,0.3731974921630094
8,1.96875,0.9962382445141066,0.3926332288401254
8,1.984375,0.9964733542319749,0.40015673981191224
8,1.9921875,0.996551724137931,0.40336990595611283
8,1.99609375,0.9966300940438871,0.4054858934169279
8,1.998046875,0.9966300940438871,0.406269592476489
8,1.9990234375,0.9966300940438871,0.40650470219435736
8,1.99951171875,0.9966300940438871,0.4066614420062696
8,1.999755859375,0.9966300940438871,0.4066614420062696
8,1.9998779296875,0.9966300940438871,0.4066614420062696
8,1.99993896484375,0.9966300940438871,0.4066614420062696
8,1.999969482421875,0.9966300940438871,0.4067398119122257
8,1.9999847412109375,0.9966300940438871,0.4067398119122257
8,1.9999923706054688,0.9966300940438871,0.4067398119122257
8,1.9999961853027344,0.9966300940438871,0.4067398119122257
8,1.9999980926513672,0.9966300940438871,0.4067398119122257
8,1.9999990463256836,0.9966300940438871,0.4067398119122257
8,1.9999995231628418,0.9966300940438871,0.4067398119122257
8,1.999999761581421,0.9966300940438871,0.4067398119122257
8,1.9999998807907104,0.9966300940438871,0.4067398119122257
8,1.9999999403953552,0.9966300940438871,0.4067398119122257
8,1.9999999701976776,0.9966300940438871,0.4067398119122257
8,1.9999999850988388,0.9966300940438871,0.4067398119122257
8,1.9999999925494194,0.9966300940438871,0.4067398119122257
8,1.9999999962747097,0.9966300940438871,0.4067398119122257
8,1.9999999981373549,0.9966300940438871,0.4067398119122257
8,1.9999999990686774,0.9966300940438871,0.4067398119122257
8,1.9999999995343387,0.9966300940438871,0.4067398119122257
8,1.9999999997671694,0.9966300940438871,0.4067398119122257
8,1.9999999998835847,0.9966300940438871,0.4067398119122257
8,1.9999999999417923,0.9966300940438871,0.4067398119122257
8,1.9999999999708962,0.9966300940438871,0.4067398119122257
8,1.999999999985448,0.9966300940438871,0.4067398119122257
8,1.999999999992724,0.9966300940438871,0.4067398119122257
8,1.999999999996362,0.9966300940438871,0.4067398119122257
8,1.999999999998181,0.9966300940438871,0.4067398119122257
8,1.9999999999990905,0.9966300940438871,0.4067398119122257
8,1.9999999999995453,0.9966300940438871,0.4067398119122257
8,1.9999999999997726,0.9966300940438871,0.4067398119122257
8,1.9999999999998863,0.9966300940438871,0.4067398119122257
8,1.9999999999999432,0.9966300940438871,0.4067398119122257
8,1.9999999999999716,0.9966300940438871,0.4067398119122257
8,1.9999999999999858,0.9966300940438871,0.4067398119122257
8,1.999999999999993,0.9966300940438871,0.4067398119122257
8,1.9999999999999964,0.9966300940438871,0.4067398119122257
8,1.9999999999999982,0.9966300940438871,0.4067398119122257
8,1.9999999999999991,0.9966300940438871,0.4067398119122257
8,1.9999999999999996,0.9966300940438871,0.4067398119122257
8,1.9999999999999998,0.9966300940438871,0.4067398119122257
8,2.0,0.9966300940438871,0.4067398119122257
9,1.0,0.7772204806687565,0.0032741205154998257
9,0.5,0.0539881574364333,0.0
9,0.75,0.3462904911180773,0.0
9,0.875,0.563984674329502,6.966213862765588e-05
9,0.8125,0.45322187391152907,0.0
9,0.84375,0.5098571926158133,0.0
9,0.828125,0.48136537791710204,0.0
9,0.8359375,0.494531522117729,0.0
9,0.83984375,0.5020550330895158,0.0
9,0.837890625,0.4975269940787182,0.0
9,0.8388671875,0.4998955067920585,0.0
9,0.83935546875,0.5009404388714733,0.0
9,0.839111328125,0.5002438174851968,0.0
9,0.8389892578125,0.5001741553465692,0.0
9,0.83892822265625,0.49996516893068615,0.0
9,0.838958740234375,0.5000348310693138,0.0
9,0.8389434814453125,0.5000348310693138,0.0
9,0.8389358520507812,0.5000348310693138,0.0
9,0.8389320373535156,0.5000348310693138,0.0
9,0.8389301300048828,0.49996516893068615,0.0
9,0.8389310836791992,0.5000348310693138,0.0
9,0.838930606842041,0.5000348310693138,0.0
9,0.8389303684234619,0.5000348310693138,0.0
9,0.8389302492141724,0.49996516893068615,0.0
9,0.8389303088188171,0.49996516893068615,0.0
9,0.8389303386211395,0.5000348310693138,0.0
9,0.8389303237199783,0.49996516893068615,0.0
9,0.8389303311705589,0.49996516893068615,0.0
9,0.8389303348958492,0.49996516893068615,0.0
9,0.8389303367584944,0.49996516893068615,0.0
9,0.838930337689817,0.49996516893068615,0.0
9,0.8389303381554782,0.49996516893068615,0.0
9,0.8389303383883089,0.49996516893068615,0.0
9,0.8389303385047242,0.49996516893068615,0.0
9,0.8389303385629319,0.49996516893068615,0.0
9,0.8389303385920357,0.49996516893068615,0.0
9,0.8389303386065876,0.49996516893068615,0.0
9,0.8389303386138636,0.49996516893068615,0.0
9,0.8389303386175015,0.49996516893068615,0.0
9,0.8389303386193205,0.49996516893068615,0.0
9,0.83893033862023,0.49996516893068615,0.0
9,0.8389303386206848,0.49996516893068615,0.0
9,0.8389303386209122,0.49996516893068615,0.0
9,0.8389303386210258,0.49996516893068615,0.0
9,0.8389303386210827,0.49996516893068615,0.0
9,0.8389303386211111,0.49996516893068615,0.0
9,0.8389303386211253,0.49996516893068615,0.0
9,0.8389303386211324,0.49996516893068615,0.0
9,0.838930338621136,0.49996516893068615,0.0
9,0.8389303386211378,0.49996516893068615,0.0
9,0.8389303386211386,0.49996516893068615,0.0
9,0.8389303386211391,0.49996516893068615,0.0
9,0.8389303386211393,0.49996516893068615,0.0
9,0.8389303386211394,0.49996516893068615,0.0
9,1.0,0.7772204806687565,0.0032741205154998257
9,0.5,0.0539881574364333,0.0
9,0.75,0.3462904911180773,0.0
9,0.875,0.563984674329502,6.966213862765588e-05
9,0.9375,0.672866597004528,0.0002786485545106235
9,0.90625,0.6179728317659352,0.00013932427725531175
9,0.921875,0.6448624172762104,0.0002089864158829676
9,0.9296875,0.6586555207244862,0.0002089864158829676
9,0.93359375,0.6656217345872518,0.0002786485545106235
9,0.935546875,0.6693834900731452,0.0002786485545106235
9,0.9345703125,0.6677812608847091,0.0002786485545106235
9,0.93408203125,0.666597004528039,0.0002786485545106235
9,0.934326171875,0.6671543016370602,0.0002786485545106235
9,0.9342041015625,0.6668756530825496,0.0002786485545106235
9,0.93414306640625,0.6667363288052943,0.0002786485545106235
9,0.934112548828125,0.6666666666666666,0.0002786485545106235
9,0.9341278076171875,0.6666666666666666,0.0002786485545106235
9,0.9341354370117188,0.6667363288052943,0.0002786485545106235
9,0.9341316223144531,0.6667363288052943,0.0002786485545106235
9,0.9341297149658203,0.6666666666666666,0.0002786485545106235
9,0.9341306686401367,0.6667363288052943,0.0002786485545106235
9,0.9341301918029785,0.6667363288052943,0.0002786485545106235
9,0.9341299533843994,0.6667363288052943,0.0002786485545106235
9,0.9341298341751099,0.6666666666666666,0.0002786485545106235
9,0.9341298937797546,0.6666666666666666,0.0002786485545106235
9,0.934129923582077,0.6667363288052943,0.0002786485545106235
9,0.9341299086809158,0.6666666666666666,0.0002786485545106235
9,0.9341299161314964,0.6666666666666666,0.0002786485545106235
9,0.9341299198567867,0.6666666666666666,0.0002786485545106235
9,0.9341299217194319,0.6666666666666666,0.0002786485545106235
9,0.9341299226507545,0.6666666666666666,0.0002786485545106235
9,0.9341299231164157,0.6666666666666666,0.0002786485545106235
9,0.9341299233492464,0.6666666666666666,0.0002786485545106235
9,0.9341299234656617,0.6666666666666666,0.0002786485545106235
9,0.9341299235238694,0.6666666666666666,0.0002786485545106235
9,0.9341299235529732,0.6666666666666666,0.0002786485545106235
9,0.9341299235675251,0.6666666666666666,0.0002786485545106235
9,0.9341299235748011,0.6666666666666666,0.0002786485545106235
9,0.934129923578439,0.6666666666666666,0.0002786485545106235
9,0.934129923580258,0.6666666666666666,0.0002786485545106235
9,0.9341299235811675,0.6666666666666666,0.0002786485545106235
9,0.9341299235816223,0.6666666666666666,0.0002786485545106235
9,0.9341299235818497,0.6666666666666666,0.0002786485545106235
9,0.9341299235819633,0.6666666666666666,0.0002786485545106235
9,0.9341299235820202,0.6666666666666666,0.0002786485545106235
9,0.9341299235820486,0.6666666666666666,0.0002786485545106235
9,0.9341299235820628,0.6666666666666666,0.0002786485545106235
9,0.9341299235820699,0.6666666666666666,0.0002786485545106235
9,0.9341299235820735,0.6666666666666666,0.0002786485545106235
9,0.9341299235820753,0.6666666666666666,0.0002786485545106235
9,0.9341299235820761,0.6666666666666666,0.0002786485545106235
9,0.9341299235820766,0.6666666666666666,0.0002786485545106235
9,0.9341299235820768,0.6666666666666666,0.0002786485545106235
9,0.9341299235820769,0.6666666666666666,0.0002786485545106235
9,1.0,0.7772204806687565,0.0032741205154998257
9,1.5,0.9869731800766284,0.135423197492163
9,1.25,0.9602925809822361,0.04381748519679554
9,1.125,0.9087425983977708,0.017624521072796936
9,1.0625,0.8572622779519331,0.009683037269244165
9,1.03125,0.8215952629745733,0.006269592476489028
9,1.015625,0.8015325670498085,0.004458376872169976
9,1.0078125,0.7914315569487983,0.0039010797631487287
9,1.01171875,0.7967258794845001,0.0041100661790316965
9,1.013671875,0.7988854057819575,0.00438871473354232
9,1.0146484375,0.7998606757227447,0.004458376872169976
9,1.01513671875,0.8007662835249042,0.004458376872169976
9,1.014892578125,0.8006269592476489,0.004458376872169976
9,1.0147705078125,0.800208986415883,0.004458376872169976
9,1.01470947265625,0.800208986415883,0.004458376872169976
9,1.014678955078125,0.7999303378613724,0.004458376872169976
9,1.0146942138671875,0.8001393242772553,0.004458376872169976
9,1.0146865844726562,0.8,0.004458376872169976
9,1.0146903991699219,0.8000696621386276,0.004458376872169976
9,1.014688491821289,0.8,0.004458376872169976
9,1.0146894454956055,0.8000696621386276,0.004458376872169976
9,1.0146889686584473,0.8,0.004458376872169976
9,1.0146892070770264,0.8000696621386276,0.004458376872169976
9,1.0146890878677368,0.8,0.004458376872169976
9,1.0146891474723816,0.8000696621386276,0.004458376872169976
9,1.0146891176700592,0.8,0.004458376872169976
9,1.0146891325712204,0.8,0.004458376872169976
9,1.014689140021801,0.8,0.004458376872169976
9,1.0146891437470913,0.8,0.004458376872169976
9,1.0146891456097364,0.8,0.004458376872169976
9,1.014689146541059,0.8,0.004458376872169976
9,1.0146891470067203,0.8,0.004458376872169976
9,1.014689147239551,0.8,0.004458376872169976
9,1.0146891473559663,0.8,0.004458376872169976
9,1.014689147414174,0.8,0.004458376872169976
9,1.0146891474432778,0.8,0.004458376872169976
9,1.0146891474578297,0.8,0.004458376872169976
9,1.0146891474651056,0.8,0.004458376872169976
9,1.0146891474687436,0.8,0.004458376872169976
9,1.0146891474705626,0.8,0.004458376872169976
9,1.014689147471472,0.8,0.004458376872169976
9,1.0146891474719268,0.8,0.004458376872169976
9,1.0146891474721542,0.8,0.004458376872169976
9,1.014689147472268,0.8,0.004458376872169976
9,1.0146891474723247,0.8,0.004458376872169976
9,1.0146891474723532,0.8,0.004458376872169976
9,1.0146891474723674,0.8,0.004458376872169976
9,1.0146891474723745,0.8,0.004458376872169976
9,1.014689147472378,0.8,0.004458376872169976
9,1.0146891474723798,0.8,0.004458376872169976
9,1.0146891474723807,0.8,0.004458376872169976
9,1.0146891474723811,0.8,0.004458376872169976
9,1.0146891474723814,0.8,0.004458376872169976
9,1.0,0.7772204806687565,0.0032741205154998257
9,1.5,0.9869731800766284,0.135423197492163
9,1.25,0.9602925809822361,0.04381748519679554
9,1.125,0.9087425983977708,0.017624521072796936
9,1.0625,0.8572622779519331,0.009683037269244165
9,1.03125,0.8215952629745733,0.006269592476489028
9,1.046875,0.8402647161267851,0.008011145942180425
9,1.0546875,0.8492511320097527,0.009195402298850575
9,1.05859375,0.8537791710205503,0.009404388714733543
9,1.060546875,0.8555903866248694,0.009543712991988853
9,1.0615234375,0.856495994427029,0.00961337513061651
9,1.06201171875,0.8569836293974225,0.00961337513061651
9,1.062255859375,0.8570532915360501,0.00961337513061651
9,1.0623779296875,0.8571229536746778,0.009683037269244165
9,1.06243896484375,0.8571926158133054,0.009683037269244165
9,1.062408447265625,0.8571926158133054,0.009683037269244165
9,1.0623931884765625,0.8571926158133054,0.009683037269244165
9,1.0623855590820312,0.8571926158133054,0.009683037269244165
9,1.0623817443847656,0.8571229536746778,0.009683037269244165
9,1.0623836517333984,0.8571229536746778,0.009683037269244165
9,1.0623846054077148,0.8571229536746778,0.009683037269244165
9,1.062385082244873,0.8571229536746778,0.009683037269244165
9,1.0623853206634521,0.8571229536746778,0.009683037269244165
9,1.0623854398727417,0.8571926158133054,0.009683037269244165
9,1.062385380268097,0.8571229536746778,0.009683037269244165
9,1.0623854100704193,0.8571926158133054,0.009683037269244165
9,1.0623853951692581,0.8571926158133054,0.009683037269244165
9,1.0623853877186775,0.8571926158133054,0.009683037269244165
9,1.0623853839933872,0.8571926158133054,0.009683037269244165
9,1.062385382130742,0.8571926158133054,0.009683037269244165
9,1.0623853811994195,0.8571926158133054,0.009683037269244165
9,1.0623853807337582,0.8571926158133054,0.009683037269244165
9,1.0623853805009276,0.8571926158133054,0.009683037269244165
9,1.0623853803845122,0.8571926158133054,0.009683037269244165
9,1.0623853803263046,0.8571926158133054,0.009683037269244165
9,1.0623853802972008,0.8571926158133054,0.009683037269244165
9,1.0623853802826488,0.8571926158133054,0.009683037269244165
9,1.0623853802753729,0.8571926158133054,0.009683037269244165
9,1.062385380271735,0.8571926158133054,0.009683037269244165
9,1.062385380269916,0.8571926158133054,0.009683037269244165
9,1.0623853802690064,0.8571926158133054,0.009683037269244165
9,1.0623853802685517,0.8571926158133054,0.009683037269244165
9,1.0623853802683243,0.8571926158133054,0.009683037269244165
9,1.0623853802682106,0.8571926158133054,0.009683037269244165
9,1.0623853802681538,0.8571926158133054,0.009683037269244165
9,1.0623853802681253,0.8571926158133054,0.009683037269244165
9,1.0623853802681111,0.8571926158133054,0.009683037269244165
9,1.062385380268104,0.8571926158133054,0.009683037269244165
9,1.0623853802681005,0.8571926158133054,0.009683037269244165
9,1.0623853802680987,0.8571926158133054,0.009683037269244165
9,1.0623853802680978,0.8571926158133054,0.009683037269244165
9,1.0623853802680974,0.8571926158133054,0.009683037269244165
9,1.0623853802680971,0.8571926158133054,0.009683037269244165
9,1.0,0.7772204806687565,0.0032741205154998257
9,1.5,0.9869731800766284,0.135423197492163
9,1.25,0.9602925809822361,0.04381748519679554
9,1.125,0.9087425983977708,0.017624521072796936
9,1.0625,0.8572622779519331,0.009683037269244165
9,1.09375,0.8851271334029954,0.012748171368861024
9,1.109375,0.8983629397422501,0.01469871125043539
9,1.1015625,0.8917450365726228,0.01365377917102055
9,1.09765625,0.8890282131661442,0.013444792755137583
9,1.095703125,0.8870776732845699,0.013235806339254615
9,1.0966796875,0.8879136189481017,0.013444792755137583
9,1.09716796875,0.8886799024730059,0.013444792755137583
9,1.097412109375,0.8888192267502613,0.013444792755137583
9,1.0975341796875,0.8888192267502613,0.013444792755137583
9,1.09759521484375,0.8890282131661442,0.013444792755137583
9,1.097564697265625,0.8888888888888888,0.013444792755137583
9,1.0975799560546875,0.8889585510275165,0.013444792755137583
9,1.0975723266601562,0.8888888888888888,0.013444792755137583
9,1.0975761413574219,0.8889585510275165,0.013444792755137583
9,1.097574234008789,0.8888888888888888,0.013444792755137583
9,1.0975751876831055,0.8888888888888888,0.013444792755137583
9,1.0975756645202637,0.8888888888888888,0.013444792755137583
9,1.0975759029388428,0.8888888888888888,0.013444792755137583
9,1.0975760221481323,0.8889585510275165,0.013444792755137583
9,1.0975759625434875,0.8888888888888888,0.013444792755137583
9,1.09757599234581,0.8889585510275165,0.013444792755137583
9,1.0975759774446487,0.8889585510275165,0.013444792755137583
9,1.0975759699940681,0.8889585510275165,0.013444792755137583
9,1.0975759662687778,0.8889585510275165,0.013444792755137583
9,1.0975759644061327,0.8889585510275165,0.013444792755137583
9,1.0975759634748101,0.8889585510275165,0.013444792755137583
9,1.0975759630091488,0.8889585510275165,0.013444792755137583
9,1.0975759627763182,0.8889585510275165,0.013444792755137583
9,1.0975759626599029,0.8889585510275165,0.013444792755137583
9,1.0975759626016952,0.8889585510275165,0.013444792755137583
9,1.0975759625725914,0.8889585510275165,0.013444792755137583
9,1.0975759625580395,0.8889585510275165,0.013444792755137583
9,1.0975759625507635,0.8889585510275165,0.013444792755137583
9,1.0975759625471255,0.8889585510275165,0.013444792755137583
9,1.0975759625453065,0.8889585510275165,0.013444792755137583
9,1.097575962544397,0.8889585510275165,0.013444792755137583
9,1.0975759625439423,0.8889585510275165,0.013444792755137583
9,1.097575962543715,0.8889585510275165,0.013444792755137583
9,1.0975759625436012,0.8889585510275165,0.013444792755137583
9,1.0975759625435444,0.8889585510275165,0.013444792755137583
9,1.097575962543516,0.8889585510275165,0.013444792755137583
9,1.0975759625435018,0.8889585510275165,0.013444792755137583
9,1.0975759625434947,0.8889585510275165,0.013444792755137583
9,1.097575962543491,0.8889585510275165,0.013444792755137583
9,1.0975759625434893,0.8889585510275165,0.013444792755137583
9,1.0975759625434884,0.8889585510275165,0.013444792755137583
9,1.097575962543488,0.8889585510275165,0.013444792755137583
9,1.0975759625434878,0.8889585510275165,0.013444792755137583
9,1.0,0.7772204806687565,0.0032741205154998257
9,1.5,0.9869731800766284,0.135423197492163
9,1.25,0.9602925809822361,0.04381748519679554
9,1.125,0.9087425983977708,0.017624521072796936
9,1.1875,0.9408568443051202,0.02863113897596656
9,1.15625,0.9273423894113549,0.022152560083594567
9,1.140625,0.9188436084987809,0.01971438523162661
9,1.1328125,0.9145942180424939,0.01873911529083943
9,1.12890625,0.91173807035876,0.018112156043190525
9,1.126953125,0.9102055033089516,0.017833507488679904
9,1.1259765625,0.9097875304771856,0.017833507488679904
9,1.12548828125,0.9090909090909091,0.017763845350052248
9,1.125732421875,0.909299895506792,0.017833507488679904
9,1.1256103515625,0.9090909090909091,0.017763845350052248
9,1.12567138671875,0.9092302333681644,0.017763845350052248
9,1.125640869140625,0.9090909090909091,0.017763845350052248
9,1.1256561279296875,0.9091605712295368,0.017763845350052248
9,1.1256484985351562,0.9090909090909091,0.017763845350052248
9,1.1256523132324219,0.9090909090909091,0.017763845350052248
9,1.1256542205810547,0.9090909090909091,0.017763845350052248
9,1.125655174255371,0.9091605712295368,0.017763845350052248
9,1.125654697418213,0.9091605712295368,0.017763845350052248
9,1.1256544589996338,0.9091605712295368,0.017763845350052248
9,1.1256543397903442,0.9091605712295368,0.017763845350052248
9,1.1256542801856995,0.9090909090909091,0.017763845350052248
9,1.1256543099880219,0.9091605712295368,0.017763845350052248
9,1.1256542950868607,0.9091605712295368,0.017763845350052248
9,1.12565428763628,0.9091605712295368,0.017763845350052248
9,1.1256542839109898,0.9091605712295368,0.017763845350052248
9,1.1256542820483446,0.9091605712295368,0.017763845350052248
9,1.125654281117022,0.9091605712295368,0.017763845350052248
9,1.1256542806513608,0.9091605712295368,0.017763845350052248
9,1.12565428041853,0.9091605712295368,0.017763845350052248
9,1.1256542803021148,0.9091605712295368,0.017763845350052248
9,1.1256542802439071,0.9091605712295368,0.017763845350052248
9,1.1256542802148033,0.9091605712295368,0.017763845350052248
9,1.1256542802002514,0.9091605712295368,0.017763845350052248
9,1.1256542801929754,0.9091605712295368,0.017763845350052248
9,1.1256542801893374,0.9091605712295368,0.017763845350052248
9,1.1256542801875185,0.9091605712295368,0.017763845350052248
9,1.125654280186609,0.9091605712295368,0.017763845350052248
9,1.1256542801861542,0.9091605712295368,0.017763845350052248
9,1.1256542801859268,0.9091605712295368,0.017763845350052248
9,1.1256542801858131,0.9091605712295368,0.017763845350052248
9,1.1256542801857563,0.9091605712295368,0.017763845350052248
9,1.1256542801857279,0.9091605712295368,0.017763845350052248
9,1.1256542801857137,0.9091605712295368,0.017763845350052248
9,1.1256542801857066,0.9091605712295368,0.017763845350052248
9,1.125654280185703,0.9091605712295368,0.017763845350052248
9,1.1256542801857012,0.9091605712295368,0.017763845350052248
9,1.1256542801857004,0.9091605712295368,0.017763845350052248
9,1.1256542801857,0.9091605712295368,0.017763845350052248
9,1.1256542801856997,0.9091605712295368,0.017763845350052248
9,1.0,0.7772204806687565,0.0032741205154998257
9,1.5,0.9869731800766284,0.135423197492163
9,1.75,0.9942180424939046,0.26102403343782654
9,1.875,0.9954022988505747,0.33277603622431207
9,1.9375,0.9958899338209684,0.3683037269244166
9,1.96875,0.9961685823754789,0.3835597352838732
9,1.984375,0.9963775687913619,0.39184952978056425
9,1.9921875,0.9963775687913619,0.39533263671194707
9,1.99609375,0.9963775687913619,0.39756182514803207
9,1.998046875,0.9964472309299895,0.39881574364332983
9,1.9990234375,0.9964472309299895,0.3991640543364681
9,1.99951171875,0.9964472309299895,0.3994427028909788
9,1.999755859375,0.9964472309299895,0.39972135144548937
9,1.9998779296875,0.9964472309299895,0.399791013584117
9,1.99993896484375,0.9964472309299895,0.3998606757227447
9,1.999969482421875,0.9964472309299895,0.39993033786137233
9,1.9999847412109375,0.9964472309299895,0.39993033786137233
9,1.9999923706054688,0.9964472309299895,0.39993033786137233
9,1.9999961853027344,0.9964472309299895,0.39993033786137233
9,1.9999980926513672,0.9964472309299895,0.39993033786137233
9,1.9999990463256836,0.9964472309299895,0.39993033786137233
9,1.9999995231628418,0.9964472309299895,0.39993033786137233
9,1.999999761581421,0.9964472309299895,0.39993033786137233
9,1.9999998807907104,0.9964472309299895,0.39993033786137233
9,1.9999999403953552,0.9964472309299895,0.39993033786137233
9,1.9999999701976776,0.9964472309299895,0.39993033786137233
9,1.9999999850988388,0.9964472309299895,0.39993033786137233
9,1.9999999925494194,0.9964472309299895,0.39993033786137233
9,1.9999999962747097,0.9964472309299895,0.39993033786137233
9,1.9999999981373549,0.9964472309299895,0.39993033786137233
9,1.9999999990686774,0.9964472309299895,0.39993033786137233
9,1.9999999995343387,0.9964472309299895,0.39993033786137233
9,1.9999999997671694,0.9964472309299895,0.39993033786137233
9,1.9999999998835847,0.9964472309299895,0.39993033786137233
9,1.9999999999417923,0.9964472309299895,0.39993033786137233
9,1.9999999999708962,0.9964472309299895,0.39993033786137233
9,1.999999999985448,0.9964472309299895,0.39993033786137233
9,1.999999999992724,0.9964472309299895,0.39993033786137233
9,1.999999999996362,0.9964472309299895,0.39993033786137233
9,1.999999999998181,0.9964472309299895,0.39993033786137233
9,1.9999999999990905,0.9964472309299895,0.39993033786137233
9,1.9999999999995453,0.9964472309299895,0.39993033786137233
9,1.9999999999997726,0.9964472309299895,0.39993033786137233
9,1.9999999999998863,0.9964472309299895,0.39993033786137233
9,1.9999999999999432,0.9964472309299895,0.39993033786137233
9,1.9999999999999716,0.9964472309299895,0.39993033786137233
9,1.9999999999999858,0.9964472309299895,0.39993033786137233
9,1.999999999999993,0.9964472309299895,0.39993033786137233
9,1.9999999999999964,0.9964472309299895,0.39993033786137233
9,1.9999999999999982,0.9964472309299895,0.39993033786137233
9,1.9999999999999991,0.9964472309299895,0.39993033786137233
9,1.9999999999999996,0.9964472309299895,0.39993033786137233
9,1.9999999999999998,0.9964472309299895,0.39993033786137233
9,2.0,0.9964472309299895,0.39993033786137233
10,1.0,0.7828840125391849,0.0035109717868338558
10,0.5,0.051473354231974924,0.0
10,0.75,0.34363636363636363,0.0
10,0.875,0.5634482758620689,6.269592476489028e-05
10,0.8125,0.45391849529780565,0.0
10,0.84375,0.5098432601880878,0.0
10,0.828125,0.48169278996865206,0.0
10,0.8359375,0.4967398119122257,0.0
10,0.83984375,0.5035736677115987,0.0
10,0.837890625,0.5,0.0
10,0.8388671875,0.5016927899686521,0.0
10,0.83837890625,0.501191222570533,0.0
10,0.838134765625,0.5008777429467085,0.0
10,0.8380126953125,0.5005015673981191,0.0
10,0.83795166015625,0.5002507836990595,0.0
10,0.837921142578125,0.5000626959247649,0.0
10,0.8379058837890625,0.5,0.0
10,0.8379135131835938,0.5,0.0
10,0.8379173278808594,0.5,0.0
10,0.8379192352294922,0.5,0.0
10,0.8379201889038086,0.5000626959247649,0.0
10,0.8379197120666504,0.5000626959247649,0.0
10,0.8379194736480713,0.5,0.0
10,0.8379195928573608,0.5,0.0
10,0.8379196524620056,0.5,0.0
10,0.837919682264328,0.5000626959247649,0.0
10,0.8379196673631668,0.5,0.0
10,0.8379196748137474,0.5,0.0
10,0.8379196785390377,0.5,0.0
10,0.8379196804016829,0.5,0.0
10,0.8379196813330054,0.5,0.0
10,0.8379196817986667,0.5,0.0
10,0.8379196820314974,0.5,0.0
10,0.8379196821479127,0.5,0.0
10,0.8379196822061203,0.5,0.0
10,0.8379196822352242,0.5,0.0
10,0.8379196822497761,0.5,0.0
10,0.837919682257052,0.5,0.0
10,0.83791968226069,0.5,0.0
10,0.837919682262509,0.5,0.0
10,0.8379196822634185,0.5,0.0
10,0.8379196822638733,0.5,0.0
10,0.8379196822641006,0.5,0.0
10,0.8379196822642143,0.5,0.0
10,0.8379196822642712,0.5,0.0
10,0.8379196822642996,0.5,0.0
10,0.8379196822643138,0.5,0.0
10,0.8379196822643209,0.5,0.0
10,0.8379196822643245,0.5,0.0
10,0.8379196822643262,0.5,0.0
10,0.8379196822643271,0.5,0.0
10,0.8379196822643276,0.5,0.0
10,0.8379196822643278,0.5,0.0
10,0.8379196822643279,0.5,0.0
10,1.0,0.7828840125391849,0.0035109717868338558
10,0.5,0.051473354231974924,0.0
10,0.75,0.34363636363636363,0.0
10,0.875,0.5634482758620689,6.269592476489028e-05
10,0.9375,0.6768652037617555,0.0010658307210031348
10,0.90625,0.6187460815047022,0.0006269592476489029
10,0.921875,0.6480877742946708,0.0009404388714733542
10,0.9296875,0.6627586206896552,0.0010658307210031348
10,0.93359375,0.6696551724137931,0.0010658307210031348
10,0.931640625,0.6658934169278997,0.0010658307210031348
10,0.9326171875,0.6678996865203761,0.0010658307210031348
10,0.93212890625,0.6666457680250784,0.0010658307210031348
10,0.932373046875,0.6673354231974922,0.0010658307210031348
10,0.9322509765625,0.6670846394984326,0.0010658307210031348
10,0.93218994140625,0.6669592476489028,0.0010658307210031348
10,0.932159423828125,0.666833855799373,0.0010658307210031348
10,0.9321441650390625,0.6667711598746081,0.0010658307210031348
10,0.9321365356445312,0.6667084639498433,0.0010658307210031348
10,0.9321327209472656,0.6667084639498433,0.0010658307210031348
10,0.9321308135986328,0.6666457680250784,0.0010658307210031348
10,0.9321317672729492,0.6667084639498433,0.0010658307210031348
10,0.932131290435791,0.6667084639498433,0.0010658307210031348
10,0.9321310520172119,0.6667084639498433,0.0010658307210031348
10,0.9321309328079224,0.6666457680250784,0.0010658307210031348
10,0.9321309924125671,0.6667084639498433,0.0010658307210031348
10,0.9321309626102448,0.6666457680250784,0.0010658307210031348
10,0.932130977511406,0.6667084639498433,0.0010658307210031348
10,0.9321309700608253,0.6667084639498433,0.0010658307210031348
10,0.932130966335535,0.6667084639498433,0.0010658307210031348
10,0.9321309644728899,0.6667084639498433,0.0010658307210031348
10,0.9321309635415673,0.6667084639498433,0.0010658307210031348
10,0.932130963075906,0.6667084639498433,0.0010658307210031348
10,0.9321309628430754,0.6667084639498433,0.0010658307210031348
10,0.9321309627266601,0.6667084639498433,0.0010658307210031348
10,0.9321309626684524,0.6667084639498433,0.0010658307210031348
10,0.9321309626393486,0.6667084639498433,0.0010658307210031348
10,0.9321309626247967,0.6667084639498433,0.0010658307210031348
10,0.9321309626175207,0.6667084639498433,0.0010658307210031348
10,0.9321309626138827,0.6667084639498433,0.0010658307210031348
10,0.9321309626120637,0.6667084639498433,0.0010658307210031348
10,0.9321309626111542,0.6667084639498433,0.0010658307210031348
10,0.9321309626106995,0.6667084639498433,0.0010658307210031348
10,0.9321309626104721,0.6667084639498433,0.0010658307210031348
10,0.9321309626103584,0.6667084639498433,0.0010658307210031348
10,0.9321309626103016,0.6667084639498433,0.0010658307210031348
10,0.9321309626102732,0.6667084639498433,0.0010658307210031348
10,0.932130962610259,0.6667084639498433,0.0010658307210031348
10,0.9321309626102519,0.6667084639498433,0.0010658307210031348
10,0.9321309626102483,0.6667084639498433,0.0010658307210031348
10,0.9321309626102465,0.6667084639498433,0.0010658307210031348
10,0.9321309626102456,0.6667084639498433,0.0010658307210031348
10,0.9321309626102452,0.6667084639498433,0.0010658307210031348
10,0.932130962610245,0.6667084639498433,0.0010658307210031348
10,0.9321309626102449,0.6667084639498433,0.0010658307210031348
10,1.0,0.7828840125391849,0.0035109717868338558
10,1.5,0.9858307210031348,0.13523510971786834
10,1.25,0.9601253918495298,0.043761755485893415
10,1.125,0.9104702194357367,0.015109717868338557
10,1.0625,0.8635736677115987,0.008275862068965517
10,1.03125,0.8289655172413793,0.005329153605015674
10,1.015625,0.8075862068965517,0.00438871473354232
10,1.0078125,0.7953605015673981,0.0038871473354231975
10,1.01171875,0.8014420062695925,0.004263322884012539
10,1.009765625,0.7985579937304075,0.004012539184952978
10,1.0107421875,0.7999373040752351,0.004137931034482759
10,1.01123046875,0.8008150470219436,0.004200626959247649
10,1.010986328125,0.8003761755485893,0.004200626959247649
10,1.0108642578125,0.8001253918495298,0.004200626959247649
10,1.01080322265625,0.8,0.004137931034482759
10,1.010833740234375,0.8000626959247649,0.004137931034482759
10,1.0108184814453125,0.8,0.004137931034482759
10,1.0108261108398438,0.8000626959247649,0.004137931034482759
10,1.0108222961425781,0.8,0.004137931034482759
10,1.010824203491211,0.8000626959247649,0.004137931034482759
10,1.0108232498168945,0.8000626959247649,0.004137931034482759
10,1.0108227729797363,0.8000626959247649,0.004137931034482759
10,1.0108225345611572,0.8,0.004137931034482759
10,1.0108226537704468,0.8,0.004137931034482759
10,1.0108227133750916,0.8000626959247649,0.004137931034482759
10,1.0108226835727692,0.8,0.004137931034482759
10,1.0108226984739304,0.8,0.004137931034482759
10,1.010822705924511,0.8,0.004137931034482759
10,1.0108227096498013,0.8,0.004137931034482759
10,1.0108227115124464,0.8,0.004137931034482759
10,1.010822712443769,0.8,0.004137931034482759
10,1.0108227129094303,0.8,0.004137931034482759
10,1.010822713142261,0.8,0.004137931034482759
10,1.0108227132586762,0.8,0.004137931034482759
10,1.010822713316884,0.8,0.004137931034482759
10,1.0108227133459877,0.8,0.004137931034482759
10,1.0108227133605396,0.8,0.004137931034482759
10,1.0108227133678156,0.8,0.004137931034482759
10,1.0108227133714536,0.8,0.004137931034482759
10,1.0108227133732726,0.8,0.004137931034482759
10,1.010822713374182,0.8,0.004137931034482759
10,1.0108227133746368,0.8,0.004137931034482759
10,1.0108227133748642,0.8,0.004137931034482759
10,1.0108227133749779,0.8,0.004137931034482759
10,1.0108227133750347,0.8,0.004137931034482759
10,1.0108227133750631,0.8,0.004137931034482759
10,1.0108227133750773,0.8,0.004137931034482759
10,1.0108227133750844,0.8,0.004137931034482759
10,1.010822713375088,0.8,0.004137931034482759
10,1.0108227133750898,0.8,0.004137931034482759
10,1.0108227133750907,0.8,0.004137931034482759
10,1.010822713375091,0.8,0.004137931034482759
10,1.0108227133750913,0.8,0.004137931034482759
10,1.0,0.7828840125391849,0.0035109717868338558
10,1.5,0.9858307210031348,0.13523510971786834
10,1.25,0.9601253918495298,0.043761755485893415
10,1.125,0.9104702194357367,0.015109717868338557
10,1.0625,0.8635736677115987,0.008275862068965517
10,1.03125,0.8289655172413793,0.005329153605015674
10,1.046875,0.845705329153605,0.006896551724137931
10,1.0546875,0.8546081504702194,0.007836990595611285
10,1.05859375,0.8598119122257053,0.007962382445141065
10,1.056640625,0.8566771159874608,0.007899686520376176
10,1.0576171875,0.8581818181818182,0.007899686520376176
10,1.05712890625,0.8576175548589342,0.007899686520376176
10,1.056884765625,0.8570532915360501,0.007899686520376176
10,1.0570068359375,0.8574294670846395,0.007899686520376176
10,1.05694580078125,0.8572413793103448,0.007899686520376176
10,1.056915283203125,0.8570532915360501,0.007899686520376176
10,1.0569305419921875,0.8570532915360501,0.007899686520376176
10,1.0569381713867188,0.8571786833855799,0.007899686520376176
10,1.0569343566894531,0.8571159874608151,0.007899686520376176
10,1.056936264038086,0.8571786833855799,0.007899686520376176
10,1.0569353103637695,0.8571159874608151,0.007899686520376176
10,1.0569357872009277,0.8571786833855799,0.007899686520376176
10,1.0569355487823486,0.8571786833855799,0.007899686520376176
10,1.056935429573059,0.8571786833855799,0.007899686520376176
10,1.0569353699684143,0.8571159874608151,0.007899686520376176
10,1.0569353997707367,0.8571786833855799,0.007899686520376176
10,1.0569353848695755,0.8571786833855799,0.007899686520376176
10,1.056935377418995,0.8571786833855799,0.007899686520376176
10,1.0569353736937046,0.8571786833855799,0.007899686520376176
10,1.0569353718310595,0.8571786833855799,0.007899686520376176
10,1.0569353708997369,0.8571786833855799,0.007899686520376176
10,1.0569353704340756,0.8571786833855799,0.007899686520376176
10,1.056935370201245,0.8571786833855799,0.007899686520376176
10,1.0569353700848296,0.8571786833855799,0.007899686520376176
10,1.056935370026622,0.8571786833855799,0.007899686520376176
10,1.0569353699975181,0.8571786833855799,0.007899686520376176
10,1.0569353699829662,0.8571786833855799,0.007899686520376176
10,1.0569353699756903,0.8571786833855799,0.007899686520376176
10,1.0569353699720523,0.8571786833855799,0.007899686520376176
10,1.0569353699702333,0.8571786833855799,0.007899686520376176
10,1.0569353699693238,0.8571786833855799,0.007899686520376176
10,1.056935369968869,0.8571786833855799,0.007899686520376176
10,1.0569353699686417,0.8571786833855799,0.007899686520376176
10,1.056935369968528,0.8571786833855799,0.007899686520376176
10,1.0569353699684712,0.8571786833855799,0.007899686520376176
10,1.0569353699684427,0.8571786833855799,0.007899686520376176
10,1.0569353699684285,0.8571786833855799,0.007899686520376176
10,1.0569353699684214,0.8571786833855799,0.007899686520376176
10,1.0569353699684179,0.8571786833855799,0.007899686520376176
10,1.056935369968416,0.8571786833855799,0.007899686520376176
10,1.0569353699684152,0.8571786833855799,0.007899686520376176
10,1.0569353699684148,0.8571786833855799,0.007899686520376176
10,1.0569353699684145,0.8571786833855799,0.007899686520376176
10,1.0,0.7828840125391849,0.0035109717868338558
10,1.5,0.9858307210031348,0.13523510971786834
10,1.25,0.9601253918495298,0.043761755485893415
10,1.125,0.9104702194357367,0.015109717868338557
10,1.0625,0.8635736677115987,0.008275862068965517
10,1.09375,0.8895297805642634,0.0109717868338558
10,1.078125,0.8771159874608151,0.009592476489028213
10,1.0859375,0.8830721003134796,0.010470219435736677
10,1.08984375,0.8862068965517241,0.010721003134796238
10,1.091796875,0.8876489028213166,0.010846394984326019
10,1.0927734375,0.8887774294670846,0.010846394984326019
10,1.09326171875,0.889090909090909,0.01090909090909091
10,1.093017578125,0.8889028213166145,0.010846394984326019
10,1.0928955078125,0.8888401253918495,0.010846394984326019
10,1.09295654296875,0.8888401253918495,0.010846394984326019
10,1.092987060546875,0.8888401253918495,0.010846394984326019
10,1.0930023193359375,0.8889028213166145,0.010846394984326019
10,1.0929946899414062,0.8888401253918495,0.010846394984326019
10,1.0929985046386719,0.8889028213166145,0.010846394984326019
10,1.092996597290039,0.8888401253918495,0.010846394984326019
10,1.0929975509643555,0.8888401253918495,0.010846394984326019
10,1.0929980278015137,0.8889028213166145,0.010846394984326019
10,1.0929977893829346,0.8888401253918495,0.010846394984326019
10,1.0929979085922241,0.8889028213166145,0.010846394984326019
10,1.0929978489875793,0.8888401253918495,0.010846394984326019
10,1.0929978787899017,0.8889028213166145,0.010846394984326019
10,1.0929978638887405,0.8889028213166145,0.010846394984326019
10,1.09299785643816,0.8889028213166145,0.010846394984326019
10,1.0929978527128696,0.8889028213166145,0.010846394984326019
10,1.0929978508502245,0.8889028213166145,0.010846394984326019
10,1.092997849918902,0.8889028213166145,0.010846394984326019
10,1.0929978494532406,0.8889028213166145,0.010846394984326019
10,1.09299784922041,0.8889028213166145,0.010846394984326019
10,1.0929978491039947,0.8889028213166145,0.010846394984326019
10,1.092997849045787,0.8889028213166145,0.010846394984326019
10,1.0929978490166832,0.8889028213166145,0.010846394984326019
10,1.0929978490021313,0.8889028213166145,0.010846394984326019
10,1.0929978489948553,0.8889028213166145,0.010846394984326019
10,1.0929978489912173,0.8889028213166145,0.010846394984326019
10,1.0929978489893983,0.8889028213166145,0.010846394984326019
10,1.0929978489884888,0.8889028213166145,0.010846394984326019
10,1.092997848988034,0.8889028213166145,0.010846394984326019
10,1.0929978489878067,0.8889028213166145,0.010846394984326019
10,1.092997848987693,0.8889028213166145,0.010846394984326019
10,1.0929978489876362,0.8889028213166145,0.010846394984326019
10,1.0929978489876078,0.8889028213166145,0.010846394984326019
10,1.0929978489875936,0.8889028213166145,0.010846394984326019
10,1.0929978489875865,0.8889028213166145,0.010846394984326019
10,1.092997848987583,0.8889028213166145,0.010846394984326019
10,1.0929978489875811,0.8889028213166145,0.010846394984326019
10,1.0929978489875802,0.8889028213166145,0.010846394984326019
10,1.0929978489875798,0.8889028213166145,0.010846394984326019
10,1.0929978489875796,0.8889028213166145,0.010846394984326019
10,1.0,0.7828840125391849,0.0035109717868338558
10,1.5,0.9858307210031348,0.13523510971786834
10,1.25,0.9601253918495298,0.043761755485893415
10,1.125,0.9104702194357367,0.015109717868338557
10,1.0625,0.8635736677115987,0.008275862068965517
10,1.09375,0.8895297805642634,0.0109717868338558
10,1.109375,0.9016300940438872,0.012727272727272728
10,1.1171875,0.9065830721003135,0.013918495297805642
10,1.12109375,0.9082758620689655,0.014482758620689656
10,1.123046875,0.9094670846394984,0.014921630094043887
10,1.1220703125,0.9090909090909091,0.014733542319749215
10,1.12255859375,0.9092163009404389,0.014796238244514107
10,1.122314453125,0.909153605015674,0.014733542319749215
10,1.1221923828125,0.9090909090909091,0.014733542319749215
10,1.12225341796875,0.909153605015674,0.014733542319749215
10,1.122222900390625,0.909153605015674,0.014733542319749215
10,1.1222076416015625,0.9090909090909091,0.014733542319749215
10,1.1222152709960938,0.909153605015674,0.014733542319749215
10,1.1222114562988281,0.909153605015674,0.014733542319749215
10,1.1222095489501953,0.909153605015674,0.014733542319749215
10,1.122208595275879,0.909153605015674,0.014733542319749215
10,1.1222081184387207,0.9090909090909091,0.014733542319749215
10,1.1222083568572998,0.9090909090909091,0.014733542319749215
10,1.1222084760665894,0.909153605015674,0.014733542319749215
10,1.1222084164619446,0.9090909090909091,0.014733542319749215
10,1.122208446264267,0.909153605015674,0.014733542319749215
10,1.1222084313631058,0.909153605015674,0.014733542319749215
10,1.1222084239125252,0.909153605015674,0.014733542319749215
10,1.1222084201872349,0.909153605015674,0.014733542319749215
10,1.1222084183245897,0.909153605015674,0.014733542319749215
10,1.1222084173932672,0.909153605015674,0.014733542319749215
10,1.1222084169276059,0.909153605015674,0.014733542319749215
10,1.1222084166947752,0.909153605015674,0.014733542319749215
10,1.12220841657836,0.909153605015674,0.014733542319749215
10,1.1222084165201522,0.909153605015674,0.014733542319749215
10,1.1222084164910484,0.909153605015674,0.014733542319749215
10,1.1222084164764965,0.909153605015674,0.014733542319749215
10,1.1222084164692205,0.909153605015674,0.014733542319749215
10,1.1222084164655826,0.909153605015674,0.014733542319749215
10,1.1222084164637636,0.909153605015674,0.014733542319749215
10,1.122208416462854,0.909153605015674,0.014733542319749215
10,1.1222084164623993,0.909153605015674,0.014733542319749215
10,1.122208416462172,0.909153605015674,0.014733542319749215
10,1.1222084164620583,0.909153605015674,0.014733542319749215
10,1.1222084164620014,0.909153605015674,0.014733542319749215
10,1.122208416461973,0.909153605015674,0.014733542319749215
10,1.1222084164619588,0.909153605015674,0.014733542319749215
10,1.1222084164619517,0.909153605015674,0.014733542319749215
10,1.1222084164619481,0.909153605015674,0.014733542319749215
10,1.1222084164619464,0.909153605015674,0.014733542319749215
10,1.1222084164619455,0.909153605015674,0.014733542319749215
10,1.122208416461945,0.909153605015674,0.014733542319749215
10,1.1222084164619448,0.909153605015674,0.014733542319749215
10,1.0,0.7828840125391849,0.0035109717868338558
10,1.5,0.9858307210031348,0.13523510971786834
10,1.75,0.9918495297805643,0.26752351097178684
10,1.875,0.9940438871473354,0.3410031347962382
10,1.9375,0.9947962382445141,0.3755485893416928
10,1.96875,0.9952978056426333,0.3895924764890282
10,1.984375,0.995423197492163,0.3957366771159875
10,1.9921875,0.995485893416928,0.3993103448275862
10,1.99609375,0.9956739811912225,0.40106583072100316
10,1.998046875,0.9956739811912225,0.40206896551724136
10,1.9990234375,0.9956739811912225,0.4026959247648903
10,1.99951171875,0.9956739811912225,0.40294670846394987
10,1.999755859375,0.9956739811912225,0.4030721003134796
10,1.9998779296875,0.9956739811912225,0.4030721003134796
10,1.99993896484375,0.9956739811912225,0.4030721003134796
10,1.999969482421875,0.9956739811912225,0.4030721003134796
10,1.9999847412109375,0.9956739811912225,0.4030721003134796
10,1.9999923706054688,0.9956739811912225,0.4030721003134796
10,1.9999961853027344,0.9956739811912225,0.4030721003134796
10,1.9999980926513672,0.9956739811912225,0.4030721003134796
10,1.9999990463256836,0.9956739811912225,0.4030721003134796
10,1.9999995231628418,0.9956739811912225,0.4030721003134796
10,1.999999761581421,0.9956739811912225,0.4030721003134796
10,1.9999998807907104,0.9956739811912225,0.4030721003134796
10,1.9999999403953552,0.9956739811912225,0.4030721003134796
10,1.9999999701976776,0.9956739811912225,0.4030721003134796
10,1.9999999850988388,0.9956739811912225,0.4030721003134796
10,1.9999999925494194,0.9956739811912225,0.4030721003134796
10,1.9999999962747097,0.9956739811912225,0.4030721003134796
10,1.9999999981373549,0.9956739811912225,0.4030721003134796
10,1.9999999990686774,0.9956739811912225,0.4030721003134796
10,1.9999999995343387,0.9956739811912225,0.4030721003134796
10,1.9999999997671694,0.9956739811912225,0.4030721003134796
10,1.9999999998835847,0.9956739811912225,0.4030721003134796
10,1.9999999999417923,0.9956739811912225,0.4030721003134796
10,1.9999999999708962,0.9956739811912225,0.4030721003134796
10,1.999999999985448,0.9956739811912225,0.4030721003134796
10,1.999999999992724,0.9956739811912225,0.4030721003134796
10,1.999999999996362,0.9956739811912225,0.4030721003134796
10,1.999999999998181,0.9956739811912225,0.4030721003134796
10,1.9999999999990905,0.9956739811912225,0.4030721003134796
10,1.9999999999995453,0.9956739811912225,0.4030721003134796
10,1.9999999999997726,0.9956739811912225,0.4030721003134796
10,1.9999999999998863,0.9956739811912225,0.4030721003134796
10,1.9999999999999432,0.9956739811912225,0.4030721003134796
10,1.9999999999999716,0.9956739811912225,0.4030721003134796
10,1.9999999999999858,0.9956739811912225,0.4030721003134796
10,1.999999999999993,0.9956739811912225,0.4030721003134796
10,1.9999999999999964,0.9956739811912225,0.4030721003134796
10,1.9999999999999982,0.9956739811912225,0.4030721003134796
10,1.9999999999999991,0.9956739811912225,0.4030721003134796
10,1.9999999999999996,0.9956739811912225,0.4030721003134796
10,1.9999999999999998,0.9956739811912225,0.4030721003134796
10,2.0,0.9956739811912225,0.4030721003134796
