r_size,coeff,TMR,FMR
3,2.0,0.9988155046358698,0.5714169015235061
3,1.0,0.7693910060041662,0.009026671568026794
3,0.5,0.020749091206143037,0.0
3,0.75,0.31074623207940205,0.00020422333864314013
3,0.875,0.5628803659682229,0.001388718702773353
3,0.8125,0.4363027406772046,0.00032675734182902424
3,0.84375,0.4991218396438345,0.0005718253482007924
3,0.859375,0.5314708164849079,0.0009802720254870727
3,0.8515625,0.5155005514030143,0.0007760486868439325
3,0.84765625,0.5072907731895601,0.0006126700159294204
3,0.845703125,0.503247151084426,0.0005718253482007924
3,0.8447265625,0.5010006943593514,0.0005718253482007924
3,0.84423828125,0.4999795776661357,0.0005718253482007924
3,0.844482421875,0.5005922476820651,0.0005718253482007924
3,0.8443603515625,0.5004288690111506,0.0005718253482007924
3,0.84429931640625,0.5001429563370502,0.0005718253482007924
3,0.844268798828125,0.5000612670015929,0.0005718253482007924
3,0.8442535400390625,0.5000612670015929,0.0005718253482007924
3,0.8442459106445312,0.5000612670015929,0.0005718253482007924
3,0.8442420959472656,0.5000204223338643,0.0005718253482007924
3,0.8442401885986328,0.4999795776661357,0.0005718253482007924
3,0.8442411422729492,0.5000204223338643,0.0005718253482007924
3,0.844240665435791,0.4999795776661357,0.0005718253482007924
3,0.8442409038543701,0.5000204223338643,0.0005718253482007924
3,0.8442407846450806,0.5000204223338643,0.0005718253482007924
3,0.8442407250404358,0.4999795776661357,0.0005718253482007924
3,0.8442407548427582,0.5000204223338643,0.0005718253482007924
3,0.844240739941597,0.4999795776661357,0.0005718253482007924
3,0.8442407473921776,0.4999795776661357,0.0005718253482007924
3,0.8442407511174679,0.4999795776661357,0.0005718253482007924
3,0.844240752980113,0.4999795776661357,0.0005718253482007924
3,0.8442407539114356,0.4999795776661357,0.0005718253482007924
3,0.8442407543770969,0.4999795776661357,0.0005718253482007924
3,0.8442407546099275,0.4999795776661357,0.0005718253482007924
3,0.8442407547263429,0.4999795776661357,0.0005718253482007924
3,0.8442407547845505,0.4999795776661357,0.0005718253482007924
3,0.8442407548136543,0.4999795776661357,0.0005718253482007924
3,0.8442407548282063,0.4999795776661357,0.0005718253482007924
3,0.8442407548354822,0.4999795776661357,0.0005718253482007924
3,0.8442407548391202,0.4999795776661357,0.0005718253482007924
3,0.8442407548409392,0.4999795776661357,0.0005718253482007924
3,0.8442407548418487,0.4999795776661357,0.0005718253482007924
3,0.8442407548423034,0.4999795776661357,0.0005718253482007924
3,0.8442407548425308,0.4999795776661357,0.0005718253482007924
3,0.8442407548426445,0.4999795776661357,0.0005718253482007924
3,0.8442407548427013,0.4999795776661357,0.0005718253482007924
3,0.8442407548427298,0.4999795776661357,0.0005718253482007924
3,0.844240754842744,0.4999795776661357,0.0005718253482007924
3,0.8442407548427511,0.4999795776661357,0.0005718253482007924
3,0.8442407548427546,0.4999795776661357,0.0005718253482007924
3,0.8442407548427564,0.4999795776661357,0.0005718253482007924
3,0.8442407548427573,0.4999795776661357,0.0005718253482007924
3,0.8442407548427577,0.4999795776661357,0.0005718253482007924
3,0.844240754842758,0.4999795776661357,0.0005718253482007924
3,0.8442407548427581,0.4999795776661357,0.0005718253482007924
3,2.0,0.9988155046358698,0.5714169015235061
3,1.0,0.7693910060041662,0.009026671568026794
3,0.5,0.020749091206143037,0.0
3,0.75,0.31074623207940205,0.00020422333864314013
3,0.875,0.5628803659682229,0.001388718702773353
3,0.9375,0.676183474247437,0.0036351754278478943
3,0.90625,0.621941755503819,0.0022464567250745416
3,0.921875,0.6491443042110853,0.002818282073275334
3,0.9296875,0.6621737532165176,0.003226728750561614
3,0.93359375,0.6680145407017114,0.0034309520892047544
3,0.931640625,0.664869501286607,0.0033492627537474984
3,0.9326171875,0.6662582199893804,0.0034309520892047544
3,0.93310546875,0.667075113343953,0.0034309520892047544
3,0.932861328125,0.6667483560021239,0.0034309520892047544
3,0.9327392578125,0.6664215986602949,0.0034309520892047544
3,0.93280029296875,0.6665032879957522,0.0034309520892047544
3,0.932830810546875,0.6665441326634808,0.0034309520892047544
3,0.9328460693359375,0.666625821998938,0.0034309520892047544
3,0.9328536987304688,0.6666666666666666,0.0034309520892047544
3,0.9328575134277344,0.6667075113343953,0.0034309520892047544
3,0.9328556060791016,0.6666666666666666,0.0034309520892047544
3,0.932856559753418,0.6666666666666666,0.0034309520892047544
3,0.9328570365905762,0.6666666666666666,0.0034309520892047544
3,0.9328572750091553,0.6667075113343953,0.0034309520892047544
3,0.9328571557998657,0.6666666666666666,0.0034309520892047544
3,0.9328572154045105,0.6666666666666666,0.0034309520892047544
3,0.9328572452068329,0.6667075113343953,0.0034309520892047544
3,0.9328572303056717,0.6666666666666666,0.0034309520892047544
3,0.9328572377562523,0.6666666666666666,0.0034309520892047544
3,0.9328572414815426,0.6666666666666666,0.0034309520892047544
3,0.9328572433441877,0.6666666666666666,0.0034309520892047544
3,0.9328572442755103,0.6666666666666666,0.0034309520892047544
3,0.9328572447411716,0.6666666666666666,0.0034309520892047544
3,0.9328572449740022,0.6666666666666666,0.0034309520892047544
3,0.9328572450904176,0.6666666666666666,0.0034309520892047544
3,0.9328572451486252,0.6666666666666666,0.0034309520892047544
3,0.932857245177729,0.6666666666666666,0.0034309520892047544
3,0.932857245192281,0.6666666666666666,0.0034309520892047544
3,0.9328572451995569,0.6666666666666666,0.0034309520892047544
3,0.9328572452031949,0.6666666666666666,0.0034309520892047544
3,0.9328572452050139,0.6666666666666666,0.0034309520892047544
3,0.9328572452059234,0.6666666666666666,0.0034309520892047544
3,0.9328572452063781,0.6666666666666666,0.0034309520892047544
3,0.9328572452066055,0.6666666666666666,0.0034309520892047544
3,0.9328572452067192,0.6666666666666666,0.0034309520892047544
3,0.932857245206776,0.6666666666666666,0.0034309520892047544
3,0.9328572452068045,0.6666666666666666,0.0034309520892047544
3,0.9328572452068187,0.6666666666666666,0.0034309520892047544
3,0.9328572452068258,0.6666666666666666,0.0034309520892047544
3,0.9328572452068293,0.6666666666666666,0.0034309520892047544
3,0.9328572452068311,0.6666666666666666,0.0034309520892047544
3,0.932857245206832,0.6666666666666666,0.0034309520892047544
3,0.9328572452068324,0.6666666666666666,0.0034309520892047544
3,0.9328572452068327,0.6666666666666666,0.0034309520892047544
3,0.9328572452068328,0.6666666666666666,0.0034309520892047544
3,2.0,0.9988155046358698,0.5714169015235061
3,1.0,0.7693910060041662,0.009026671568026794
3,1.5,0.9876240656782257,0.18294326675652495
3,1.25,0.9497202140260589,0.07458236327247478
3,1.125,0.8906588244904627,0.035698239594820894
3,1.0625,0.8378058244496182,0.01964628517747008
3,1.03125,0.8048850222603439,0.013764653024547645
3,1.015625,0.7874035044724911,0.011232283625372708
3,1.0234375,0.7969611567209901,0.012335089654045664
3,1.02734375,0.8014540701711391,0.013111138340889597
3,1.025390625,0.7990850794428788,0.01262100232814606
3,1.0263671875,0.8003921088101948,0.012906915002246456
3,1.02587890625,0.7997385941265368,0.012825225666789201
3,1.026123046875,0.8000653514683658,0.012866070334517829
3,1.0260009765625,0.7999428174651799,0.012825225666789201
3,1.02606201171875,0.7999836621329085,0.012825225666789201
3,1.026092529296875,0.8000653514683658,0.012825225666789201
3,1.0260772705078125,0.8000245068006372,0.012825225666789201
3,1.0260696411132812,0.8000245068006372,0.012825225666789201
3,1.0260658264160156,0.7999836621329085,0.012825225666789201
3,1.0260677337646484,0.7999836621329085,0.012825225666789201
3,1.0260686874389648,0.8000245068006372,0.012825225666789201
3,1.0260682106018066,0.8000245068006372,0.012825225666789201
3,1.0260679721832275,0.7999836621329085,0.012825225666789201
3,1.026068091392517,0.7999836621329085,0.012825225666789201
3,1.0260681509971619,0.8000245068006372,0.012825225666789201
3,1.0260681211948395,0.7999836621329085,0.012825225666789201
3,1.0260681360960007,0.7999836621329085,0.012825225666789201
3,1.0260681435465813,0.7999836621329085,0.012825225666789201
3,1.0260681472718716,0.7999836621329085,0.012825225666789201
3,1.0260681491345167,0.7999836621329085,0.012825225666789201
3,1.0260681500658393,0.7999836621329085,0.012825225666789201
3,1.0260681505315006,0.7999836621329085,0.012825225666789201
3,1.0260681507643312,0.7999836621329085,0.012825225666789201
3,1.0260681508807465,0.7999836621329085,0.012825225666789201
3,1.0260681509389542,0.7999836621329085,0.012825225666789201
3,1.026068150968058,0.7999836621329085,0.012825225666789201
3,1.02606815098261,0.7999836621329085,0.012825225666789201
3,1.026068150989886,0.7999836621329085,0.012825225666789201
3,1.0260681509935239,0.7999836621329085,0.012825225666789201
3,1.0260681509953429,0.7999836621329085,0.012825225666789201
3,1.0260681509962524,0.7999836621329085,0.012825225666789201
3,1.0260681509967071,0.7999836621329085,0.012825225666789201
3,1.0260681509969345,0.7999836621329085,0.012825225666789201
3,1.0260681509970482,0.7999836621329085,0.012825225666789201
3,1.026068150997105,0.7999836621329085,0.012825225666789201
3,1.0260681509971334,0.7999836621329085,0.012825225666789201
3,1.0260681509971477,0.7999836621329085,0.012825225666789201
3,1.0260681509971548,0.7999836621329085,0.012825225666789201
3,1.0260681509971583,0.7999836621329085,0.012825225666789201
3,1.02606815099716,0.7999836621329085,0.012825225666789201
3,1.026068150997161,0.7999836621329085,0.012825225666789201
3,1.0260681509971614,0.7999836621329085,0.012825225666789201
3,1.0260681509971616,0.7999836621329085,0.012825225666789201
3,2.0,0.9988155046358698,0.5714169015235061
3,1.0,0.7693910060041662,0.009026671568026794
3,1.5,0.9876240656782257,0.18294326675652495
3,1.25,0.9497202140260589,0.07458236327247478
3,1.125,0.8906588244904627,0.035698239594820894
3,1.0625,0.8378058244496182,0.01964628517747008
3,1.09375,0.8662337131887432,0.027651840052281176
3,1.078125,0.8521014581546379,0.02315892660213209
3,1.0859375,0.8587591389944043,0.025119470653106237
3,1.08203125,0.8559000122534003,0.02401666462443328
3,1.083984375,0.8574521096270882,0.02446595596944819
3,1.0830078125,0.8566352162725156,0.02422088796307642
3,1.08349609375,0.8572478862884451,0.024343421966262303
3,1.083251953125,0.8569619736143447,0.024302577298533676
3,1.0833740234375,0.8570845076175305,0.024302577298533676
3,1.08343505859375,0.8570845076175305,0.024302577298533676
3,1.083465576171875,0.8571661969529878,0.024343421966262303
3,1.0834503173828125,0.8571661969529878,0.024343421966262303
3,1.0834426879882812,0.8571661969529878,0.024343421966262303
3,1.0834388732910156,0.8570845076175305,0.024302577298533676
3,1.0834407806396484,0.8571253522852592,0.024302577298533676
3,1.0834417343139648,0.8571253522852592,0.024302577298533676
3,1.083442211151123,0.8571253522852592,0.024343421966262303
3,1.0834424495697021,0.8571253522852592,0.024343421966262303
3,1.0834425687789917,0.8571661969529878,0.024343421966262303
3,1.083442509174347,0.8571253522852592,0.024343421966262303
3,1.0834425389766693,0.8571661969529878,0.024343421966262303
3,1.0834425240755081,0.8571661969529878,0.024343421966262303
3,1.0834425166249275,0.8571661969529878,0.024343421966262303
3,1.0834425128996372,0.8571661969529878,0.024343421966262303
3,1.083442511036992,0.8571661969529878,0.024343421966262303
3,1.0834425101056695,0.8571661969529878,0.024343421966262303
3,1.0834425096400082,0.8571661969529878,0.024343421966262303
3,1.0834425094071776,0.8571661969529878,0.024343421966262303
3,1.0834425092907622,0.8571661969529878,0.024343421966262303
3,1.0834425092325546,0.8571661969529878,0.024343421966262303
3,1.0834425092034508,0.8571661969529878,0.024343421966262303
3,1.0834425091888988,0.8571661969529878,0.024343421966262303
3,1.0834425091816229,0.8571661969529878,0.024343421966262303
3,1.083442509177985,0.8571661969529878,0.024343421966262303
3,1.083442509176166,0.8571661969529878,0.024343421966262303
3,1.0834425091752564,0.8571661969529878,0.024343421966262303
3,1.0834425091748017,0.8571661969529878,0.024343421966262303
3,1.0834425091745743,0.8571661969529878,0.024343421966262303
3,1.0834425091744606,0.8571661969529878,0.024343421966262303
3,1.0834425091744038,0.8571661969529878,0.024343421966262303
3,1.0834425091743753,0.8571661969529878,0.024343421966262303
3,1.0834425091743611,0.8571661969529878,0.024343421966262303
3,1.083442509174354,0.8571661969529878,0.024343421966262303
3,1.0834425091743505,0.8571661969529878,0.024343421966262303
3,1.0834425091743487,0.8571661969529878,0.024343421966262303
3,1.0834425091743478,0.8571661969529878,0.024343421966262303
3,1.0834425091743474,0.8571661969529878,0.024343421966262303
3,1.0834425091743471,0.8571661969529878,0.024343421966262303
3,2.0,0.9988155046358698,0.5714169015235061
3,1.0,0.7693910060041662,0.009026671568026794
3,1.5,0.9876240656782257,0.18294326675652495
3,1.25,0.9497202140260589,0.07458236327247478
3,1.125,0.8906588244904627,0.035698239594820894
3,1.0625,0.8378058244496182,0.01964628517747008
3,1.09375,0.8662337131887432,0.027651840052281176
3,1.109375,0.8788547155168893,0.03194053016378712
3,1.1171875,0.8848588816729976,0.03414614222113303
3,1.12109375,0.8879222317526447,0.034717967569333825
3,1.123046875,0.8892701057876894,0.035044724911162846
3,1.1220703125,0.8886982804394886,0.03484050157251971
3,1.12255859375,0.8890658824490463,0.03500388024343422
3,1.122314453125,0.8888616591104032,0.034881346240248336
3,1.1224365234375,0.8889433484458604,0.03496303557570559
3,1.12237548828125,0.8888616591104032,0.03492219090797696
3,1.122406005859375,0.8889025037781317,0.03492219090797696
3,1.1223907470703125,0.8889025037781317,0.03492219090797696
3,1.1223831176757812,0.8889025037781317,0.03492219090797696
3,1.1223793029785156,0.8888616591104032,0.03492219090797696
3,1.1223812103271484,0.8889025037781317,0.03492219090797696
3,1.122380256652832,0.8888616591104032,0.03492219090797696
3,1.1223807334899902,0.8889025037781317,0.03492219090797696
3,1.1223804950714111,0.8889025037781317,0.03492219090797696
3,1.1223803758621216,0.8888616591104032,0.03492219090797696
3,1.1223804354667664,0.8889025037781317,0.03492219090797696
3,1.122380405664444,0.8888616591104032,0.03492219090797696
3,1.1223804205656052,0.8888616591104032,0.03492219090797696
3,1.1223804280161858,0.8888616591104032,0.03492219090797696
3,1.122380431741476,0.8888616591104032,0.03492219090797696
3,1.1223804336041212,0.8888616591104032,0.03492219090797696
3,1.1223804345354438,0.8888616591104032,0.03492219090797696
3,1.122380435001105,0.8888616591104032,0.03492219090797696
3,1.1223804352339357,0.8888616591104032,0.03492219090797696
3,1.122380435350351,0.8888616591104032,0.03492219090797696
3,1.1223804354085587,0.8888616591104032,0.03492219090797696
3,1.1223804354376625,0.8888616591104032,0.03492219090797696
3,1.1223804354522144,0.8888616591104032,0.03492219090797696
3,1.1223804354594904,0.8888616591104032,0.03492219090797696
3,1.1223804354631284,0.8888616591104032,0.03492219090797696
3,1.1223804354649474,0.8888616591104032,0.03492219090797696
3,1.1223804354658569,0.8888616591104032,0.03492219090797696
3,1.1223804354663116,0.8888616591104032,0.03492219090797696
3,1.122380435466539,0.8888616591104032,0.03492219090797696
3,1.1223804354666527,0.8888616591104032,0.03492219090797696
3,1.1223804354667095,0.8888616591104032,0.03492219090797696
3,1.122380435466738,0.8888616591104032,0.03492219090797696
3,1.1223804354667521,0.8888616591104032,0.03492219090797696
3,1.1223804354667593,0.8888616591104032,0.03492219090797696
3,1.1223804354667628,0.8888616591104032,0.03492219090797696
3,1.1223804354667646,0.8888616591104032,0.03492219090797696
3,1.1223804354667655,0.8888616591104032,0.03492219090797696
3,1.122380435466766,0.8888616591104032,0.03492219090797696
3,1.1223804354667661,0.8888616591104032,0.03492219090797696
3,2.0,0.9988155046358698,0.5714169015235061
3,1.0,0.7693910060041662,0.009026671568026794
3,1.5,0.9876240656782257,0.18294326675652495
3,1.25,0.9497202140260589,0.07458236327247478
3,1.125,0.8906588244904627,0.035698239594820894
3,1.1875,0.9263979087530123,0.05473185475636156
3,1.15625,0.9109586243515909,0.045460115181962996
3,1.140625,0.901278438099906,0.04031368704815586
3,1.1484375,0.9059755748886983,0.04264183310868766
3,1.15234375,0.9080178082751297,0.04411224114691827
3,1.154296875,0.909406526977903,0.0448882898337622
3,1.1533203125,0.9084262549524159,0.04443899848874729
3,1.15380859375,0.9088347016297023,0.0446023771596618
3,1.154052734375,0.9090797696360741,0.04480660049830495
3,1.1541748046875,0.9092023036392599,0.04480660049830495
3,1.15411376953125,0.9091614589715312,0.04480660049830495
3,1.154083251953125,0.9090797696360741,0.04480660049830495
3,1.1540985107421875,0.9090797696360741,0.04480660049830495
3,1.1541061401367188,0.9091206143038026,0.04480660049830495
3,1.1541023254394531,0.9091206143038026,0.04480660049830495
3,1.1541004180908203,0.9090797696360741,0.04480660049830495
3,1.1541013717651367,0.9090797696360741,0.04480660049830495
3,1.154101848602295,0.9090797696360741,0.04480660049830495
3,1.154102087020874,0.9091206143038026,0.04480660049830495
3,1.1541019678115845,0.9091206143038026,0.04480660049830495
3,1.1541019082069397,0.9090797696360741,0.04480660049830495
3,1.154101938009262,0.9091206143038026,0.04480660049830495
3,1.154101923108101,0.9091206143038026,0.04480660049830495
3,1.1541019156575203,0.9091206143038026,0.04480660049830495
3,1.15410191193223,0.9091206143038026,0.04480660049830495
3,1.1541019100695848,0.9091206143038026,0.04480660049830495
3,1.1541019091382623,0.9091206143038026,0.04480660049830495
3,1.154101908672601,0.9091206143038026,0.04480660049830495
3,1.1541019084397703,0.9091206143038026,0.04480660049830495
3,1.154101908323355,0.9091206143038026,0.04480660049830495
3,1.1541019082651474,0.9091206143038026,0.04480660049830495
3,1.1541019082360435,0.9091206143038026,0.04480660049830495
3,1.1541019082214916,0.9091206143038026,0.04480660049830495
3,1.1541019082142157,0.9091206143038026,0.04480660049830495
3,1.1541019082105777,0.9091206143038026,0.04480660049830495
3,1.1541019082087587,0.9091206143038026,0.04480660049830495
3,1.1541019082078492,0.9091206143038026,0.04480660049830495
3,1.1541019082073944,0.9091206143038026,0.04480660049830495
3,1.154101908207167,0.9091206143038026,0.04480660049830495
3,1.1541019082070534,0.9091206143038026,0.04480660049830495
3,1.1541019082069965,0.9091206143038026,0.04480660049830495
3,1.1541019082069681,0.9091206143038026,0.04480660049830495
3,1.154101908206954,0.9091206143038026,0.04480660049830495
3,1.1541019082069468,0.9091206143038026,0.04480660049830495
3,1.1541019082069432,0.9091206143038026,0.04480660049830495
3,1.1541019082069415,0.9091206143038026,0.04480660049830495
3,1.1541019082069406,0.9091206143038026,0.04480660049830495
3,1.1541019082069401,0.9091206143038026,0.04480660049830495
3,1.15410190820694,0.9091206143038026,0.04480660049830495
3,2.0,0.9988155046358698,0.5714169015235061
3,3.0,1.0,0.9714087325899604
3,3.5,1.0,0.9956704652207654
3,3.75,1.0,0.9984887472940408
3,3.875,1.0,0.9989788833067843
3,3.9375,1.0,0.9990605726422416
3,3.96875,1.0,0.9991422619776988
3,3.984375,1.0,0.9992647959808847
3,3.9921875,1.0,0.9993056406486133
3,3.99609375,1.0,0.999346485316342
3,3.998046875,1.0,0.999346485316342
3,3.9990234375,1.0,0.999346485316342
3,3.99951171875,1.0,0.999346485316342
3,3.999755859375,1.0,0.999346485316342
3,3.9998779296875,1.0,0.999346485316342
3,3.99993896484375,1.0,0.999346485316342
3,3.999969482421875,1.0,0.999346485316342
3,3.9999847412109375,1.0,0.999346485316342
3,3.9999923706054688,1.0,0.999346485316342
3,3.9999961853027344,1.0,0.999346485316342
3,3.999998092651367,1.0,0.999346485316342
3,3.9999990463256836,1.0,0.999346485316342
3,3.999999523162842,1.0,0.999346485316342
3,3.999999761581421,1.0,0.999346485316342
3,3.9999998807907104,1.0,0.999346485316342
3,3.9999999403953552,1.0,0.999346485316342
3,3.9999999701976776,1.0,0.999346485316342
3,3.999999985098839,1.0,0.999346485316342
3,3.9999999925494194,1.0,0.999346485316342
3,3.9999999962747097,1.0,0.999346485316342
3,3.999999998137355,1.0,0.999346485316342
3,3.9999999990686774,1.0,0.999346485316342
3,3.9999999995343387,1.0,0.999346485316342
3,3.9999999997671694,1.0,0.999346485316342
3,3.9999999998835847,1.0,0.999346485316342
3,3.9999999999417923,1.0,0.999346485316342
3,3.999999999970896,1.0,0.999346485316342
3,3.999999999985448,1.0,0.999346485316342
3,3.999999999992724,1.0,0.999346485316342
3,3.999999999996362,1.0,0.999346485316342
3,3.999999999998181,1.0,0.999346485316342
3,3.9999999999990905,1.0,0.999346485316342
3,3.9999999999995453,1.0,0.999346485316342
3,3.9999999999997726,1.0,0.999346485316342
3,3.9999999999998863,1.0,0.999346485316342
3,3.999999999999943,1.0,0.999346485316342
3,3.9999999999999716,1.0,0.999346485316342
3,3.999999999999986,1.0,0.999346485316342
3,3.999999999999993,1.0,0.999346485316342
3,3.9999999999999964,1.0,0.999346485316342
3,3.9999999999999982,1.0,0.999346485316342
3,3.999999999999999,1.0,0.999346485316342
3,3.9999999999999996,1.0,0.999346485316342
3,4.0,1.0,0.999346485316342
4,2.0,0.9985560020090407,0.5594236564540432
4,1.0,0.7668257157207433,0.00803616273229533
4,0.5,0.020655449522852837,0.0
4,0.75,0.3056880964339528,0.00012556504269211453
4,0.875,0.5592980914113511,0.0009103465595178302
4,0.8125,0.4347375690607735,0.00028252134605725765
4,0.84375,0.498932697137117,0.0005650426921145153
4,0.859375,0.5300414364640884,0.0007219989954796585
4,0.8515625,0.5143144148669011,0.0005964339527875439
4,0.84765625,0.5062154696132597,0.0005964339527875439
4,0.845703125,0.5025740833751884,0.0005964339527875439
4,0.8447265625,0.5007533902561527,0.0005650426921145153
4,0.84423828125,0.4998116524359618,0.0005650426921145153
4,0.844482421875,0.5001883475640382,0.0005650426921145153
4,0.8443603515625,0.500031391260673,0.0005650426921145153
4,0.84429931640625,0.4999058262179809,0.0005650426921145153
4,0.844329833984375,0.5,0.0005650426921145153
4,0.8443450927734375,0.5,0.0005650426921145153
4,0.8443527221679688,0.5,0.0005650426921145153
4,0.8443565368652344,0.5,0.0005650426921145153
4,0.8443584442138672,0.500031391260673,0.0005650426921145153
4,0.8443574905395508,0.500031391260673,0.0005650426921145153
4,0.8443570137023926,0.500031391260673,0.0005650426921145153
4,0.8443567752838135,0.500031391260673,0.0005650426921145153
4,0.8443566560745239,0.500031391260673,0.0005650426921145153
4,0.8443565964698792,0.5,0.0005650426921145153
4,0.8443566262722015,0.500031391260673,0.0005650426921145153
4,0.8443566113710403,0.5,0.0005650426921145153
4,0.8443566188216209,0.5,0.0005650426921145153
4,0.8443566225469112,0.5,0.0005650426921145153
4,0.8443566244095564,0.5,0.0005650426921145153
4,0.844356625340879,0.5,0.0005650426921145153
4,0.8443566258065403,0.5,0.0005650426921145153
4,0.8443566260393709,0.5,0.0005650426921145153
4,0.8443566261557862,0.5,0.0005650426921145153
4,0.8443566262139939,0.5,0.0005650426921145153
4,0.8443566262430977,0.5,0.0005650426921145153
4,0.8443566262576496,0.5,0.0005650426921145153
4,0.8443566262649256,0.5,0.0005650426921145153
4,0.8443566262685636,0.5,0.0005650426921145153
4,0.8443566262703825,0.5,0.0005650426921145153
4,0.844356626271292,0.5,0.0005650426921145153
4,0.8443566262717468,0.5,0.0005650426921145153
4,0.8443566262719742,0.5,0.0005650426921145153
4,0.8443566262720879,0.5,0.0005650426921145153
4,0.8443566262721447,0.5,0.0005650426921145153
4,0.8443566262721731,0.5,0.0005650426921145153
4,0.8443566262721873,0.5,0.0005650426921145153
4,0.8443566262721944,0.5,0.0005650426921145153
4,0.844356626272198,0.5,0.0005650426921145153
4,0.8443566262721998,0.5,0.0005650426921145153
4,0.8443566262722006,0.5,0.0005650426921145153
4,0.8443566262722011,0.5,0.0005650426921145153
4,0.8443566262722013,0.5,0.0005650426921145153
4,0.8443566262722014,0.5,0.0005650426921145153
4,2.0,0.9985560020090407,0.5594236564540432
4,1.0,0.7668257157207433,0.00803616273229533
4,0.5,0.020655449522852837,0.0
4,0.75,0.3056880964339528,0.00012556504269211453
4,0.875,0.5592980914113511,0.0009103465595178302
4,0.9375,0.6738761928679056,0.0029193872425916623
4,0.90625,0.6187217478653942,0.0016009542943244601
4,0.921875,0.6470052737317931,0.001946258161727775
4,0.9296875,0.6602523857358111,0.00229156202913109
4,0.93359375,0.6675665494726268,0.0025740833751883474
4,0.931640625,0.6637368156705173,0.002448518332496233
4,0.9326171875,0.6657772476142642,0.002542692114515319
4,0.93310546875,0.6668445504771472,0.0025740833751883474
4,0.932861328125,0.6664992466097438,0.002542692114515319
4,0.9329833984375,0.666593420391763,0.002542692114515319
4,0.93304443359375,0.666750376695128,0.002542692114515319
4,0.933013916015625,0.666656202913109,0.002542692114515319
4,0.9330291748046875,0.666687594173782,0.002542692114515319
4,0.9330215454101562,0.666656202913109,0.002542692114515319
4,0.9330253601074219,0.666656202913109,0.002542692114515319
4,0.9330272674560547,0.666687594173782,0.002542692114515319
4,0.9330263137817383,0.666656202913109,0.002542692114515319
4,0.9330267906188965,0.666687594173782,0.002542692114515319
4,0.9330265522003174,0.666687594173782,0.002542692114515319
4,0.9330264329910278,0.666687594173782,0.002542692114515319
4,0.9330263733863831,0.666656202913109,0.002542692114515319
4,0.9330264031887054,0.666687594173782,0.002542692114515319
4,0.9330263882875443,0.666656202913109,0.002542692114515319
4,0.9330263957381248,0.666656202913109,0.002542692114515319
4,0.9330263994634151,0.666656202913109,0.002542692114515319
4,0.9330264013260603,0.666656202913109,0.002542692114515319
4,0.9330264022573829,0.666656202913109,0.002542692114515319
4,0.9330264027230442,0.666656202913109,0.002542692114515319
4,0.9330264029558748,0.666656202913109,0.002542692114515319
4,0.9330264030722901,0.666656202913109,0.002542692114515319
4,0.9330264031304978,0.666656202913109,0.002542692114515319
4,0.9330264031596016,0.666656202913109,0.002542692114515319
4,0.9330264031741535,0.666656202913109,0.002542692114515319
4,0.9330264031814295,0.666656202913109,0.002542692114515319
4,0.9330264031850675,0.666656202913109,0.002542692114515319
4,0.9330264031868865,0.666656202913109,0.002542692114515319
4,0.933026403187796,0.666656202913109,0.002542692114515319
4,0.9330264031882507,0.666656202913109,0.002542692114515319
4,0.9330264031884781,0.666656202913109,0.002542692114515319
4,0.9330264031885918,0.666656202913109,0.002542692114515319
4,0.9330264031886486,0.666656202913109,0.002542692114515319
4,0.933026403188677,0.666656202913109,0.002542692114515319
4,0.9330264031886912,0.666656202913109,0.002542692114515319
4,0.9330264031886983,0.666656202913109,0.002542692114515319
4,0.9330264031887019,0.666656202913109,0.002542692114515319
4,0.9330264031887037,0.666656202913109,0.002542692114515319
4,0.9330264031887046,0.666656202913109,0.002542692114515319
4,0.933026403188705,0.666656202913109,0.002542692114515319
4,0.9330264031887052,0.666656202913109,0.002542692114515319
4,0.9330264031887053,0.666656202913109,0.002542692114515319
4,2.0,0.9985560020090407,0.5594236564540432
4,1.0,0.7668257157207433,0.00803616273229533
4,1.5,0.9866273229532898,0.1753515821195379
4,1.25,0.9468232044198895,0.07166624811652436
4,1.125,0.8887493721747866,0.03270969362129583
4,1.0625,0.836577096936213,0.018677800100452033
4,1.03125,0.8032081868407835,0.012870416875941738
4,1.015625,0.7856604721245605,0.010327724761426418
4,1.0234375,0.7947325464590658,0.01145781014565545
4,1.02734375,0.7988134103465595,0.012305374183827222
4,1.029296875,0.8008538422903064,0.012525113008538423
4,1.0283203125,0.7997551481667504,0.012493721747865394
4,1.02880859375,0.8002574083375188,0.012525113008538423
4,1.028564453125,0.7999748869914616,0.012493721747865394
4,1.0286865234375,0.8000376695128076,0.012525113008538423
4,1.02862548828125,0.8000376695128076,0.012525113008538423
4,1.028594970703125,0.8000376695128076,0.012493721747865394
4,1.0285797119140625,0.8000376695128076,0.012493721747865394
4,1.0285720825195312,0.8000062782521346,0.012493721747865394
4,1.0285682678222656,0.8000062782521346,0.012493721747865394
4,1.0285663604736328,0.8000062782521346,0.012493721747865394
4,1.0285654067993164,0.8000062782521346,0.012493721747865394
4,1.0285649299621582,0.8000062782521346,0.012493721747865394
4,1.028564691543579,0.8000062782521346,0.012493721747865394
4,1.0285645723342896,0.7999748869914616,0.012493721747865394
4,1.0285646319389343,0.8000062782521346,0.012493721747865394
4,1.028564602136612,0.7999748869914616,0.012493721747865394
4,1.0285646170377731,0.7999748869914616,0.012493721747865394
4,1.0285646244883537,0.7999748869914616,0.012493721747865394
4,1.028564628213644,0.7999748869914616,0.012493721747865394
4,1.0285646300762892,0.7999748869914616,0.012493721747865394
4,1.0285646310076118,0.7999748869914616,0.012493721747865394
4,1.028564631473273,0.7999748869914616,0.012493721747865394
4,1.0285646317061037,0.7999748869914616,0.012493721747865394
4,1.028564631822519,0.7999748869914616,0.012493721747865394
4,1.0285646318807267,0.7999748869914616,0.012493721747865394
4,1.0285646319098305,0.7999748869914616,0.012493721747865394
4,1.0285646319243824,0.7999748869914616,0.012493721747865394
4,1.0285646319316584,0.7999748869914616,0.012493721747865394
4,1.0285646319352963,0.7999748869914616,0.012493721747865394
4,1.0285646319371153,0.7999748869914616,0.012493721747865394
4,1.0285646319380248,0.7999748869914616,0.012493721747865394
4,1.0285646319384796,0.7999748869914616,0.012493721747865394
4,1.028564631938707,0.7999748869914616,0.012493721747865394
4,1.0285646319388206,0.7999748869914616,0.012493721747865394
4,1.0285646319388775,0.7999748869914616,0.012493721747865394
4,1.028564631938906,0.7999748869914616,0.012493721747865394
4,1.0285646319389201,0.7999748869914616,0.012493721747865394
4,1.0285646319389272,0.7999748869914616,0.012493721747865394
4,1.0285646319389308,0.7999748869914616,0.012493721747865394
4,1.0285646319389325,0.7999748869914616,0.012493721747865394
4,1.0285646319389334,0.7999748869914616,0.012493721747865394
4,1.0285646319389339,0.7999748869914616,0.012493721747865394
4,1.028564631938934,0.7999748869914616,0.012493721747865394
4,2.0,0.9985560020090407,0.5594236564540432
4,1.0,0.7668257157207433,0.00803616273229533
4,1.5,0.9866273229532898,0.1753515821195379
4,1.25,0.9468232044198895,0.07166624811652436
4,1.125,0.8887493721747866,0.03270969362129583
4,1.0625,0.836577096936213,0.018677800100452033
4,1.09375,0.8649861878453039,0.024234053239578102
4,1.078125,0.8513937719738824,0.021314665996986438
4,1.0859375,0.8581115017579106,0.02266449020592667
4,1.08203125,0.8548154193872426,0.022130838774485184
4,1.083984375,0.8566988950276243,0.022381968859869414
4,1.0849609375,0.857452285283777,0.022538925163234556
4,1.08447265625,0.8570128076343546,0.02241336012054244
4,1.084716796875,0.8572639377197389,0.022507533902561525
4,1.0845947265625,0.8571697639377197,0.02244475138121547
4,1.08453369140625,0.8570441988950276,0.02241336012054244
4,1.084564208984375,0.8570755901557007,0.02244475138121547
4,1.0845794677734375,0.8571069814163736,0.02244475138121547
4,1.0845870971679688,0.8571383726770467,0.02244475138121547
4,1.0845909118652344,0.8571697639377197,0.02244475138121547
4,1.0845890045166016,0.8571383726770467,0.02244475138121547
4,1.084589958190918,0.8571383726770467,0.02244475138121547
4,1.0845904350280762,0.8571383726770467,0.02244475138121547
4,1.0845906734466553,0.8571383726770467,0.02244475138121547
4,1.0845907926559448,0.8571697639377197,0.02244475138121547
4,1.0845907330513,0.8571383726770467,0.02244475138121547
4,1.0845907628536224,0.8571697639377197,0.02244475138121547
4,1.0845907479524612,0.8571697639377197,0.02244475138121547
4,1.0845907405018806,0.8571697639377197,0.02244475138121547
4,1.0845907367765903,0.8571697639377197,0.02244475138121547
4,1.0845907349139452,0.8571697639377197,0.02244475138121547
4,1.0845907339826226,0.8571697639377197,0.02244475138121547
4,1.0845907335169613,0.8571697639377197,0.02244475138121547
4,1.0845907332841307,0.8571697639377197,0.02244475138121547
4,1.0845907331677154,0.8571697639377197,0.02244475138121547
4,1.0845907331095077,0.8571697639377197,0.02244475138121547
4,1.0845907330804039,0.8571697639377197,0.02244475138121547
4,1.084590733065852,0.8571697639377197,0.02244475138121547
4,1.084590733058576,0.8571697639377197,0.02244475138121547
4,1.084590733054938,0.8571697639377197,0.02244475138121547
4,1.084590733053119,0.8571697639377197,0.02244475138121547
4,1.0845907330522095,0.8571697639377197,0.02244475138121547
4,1.0845907330517548,0.8571697639377197,0.02244475138121547
4,1.0845907330515274,0.8571697639377197,0.02244475138121547
4,1.0845907330514137,0.8571697639377197,0.02244475138121547
4,1.084590733051357,0.8571697639377197,0.02244475138121547
4,1.0845907330513285,0.8571697639377197,0.02244475138121547
4,1.0845907330513143,0.8571697639377197,0.02244475138121547
4,1.0845907330513072,0.8571697639377197,0.02244475138121547
4,1.0845907330513036,0.8571697639377197,0.02244475138121547
4,1.0845907330513018,0.8571697639377197,0.02244475138121547
4,1.084590733051301,0.8571697639377197,0.02244475138121547
4,1.0845907330513005,0.8571697639377197,0.02244475138121547
4,1.0845907330513003,0.8571697639377197,0.02244475138121547
4,2.0,0.9985560020090407,0.5594236564540432
4,1.0,0.7668257157207433,0.00803616273229533
4,1.5,0.9866273229532898,0.1753515821195379
4,1.25,0.9468232044198895,0.07166624811652436
4,1.125,0.8887493721747866,0.03270969362129583
4,1.1875,0.9238448016072326,0.05151305876443998
4,1.15625,0.9077724761426419,0.04149924660974385
4,1.140625,0.8988887493721748,0.0369475138121547
4,1.1328125,0.8941800602712205,0.03500125565042692
4,1.12890625,0.891449020592667,0.03387117026619789
4,1.126953125,0.8901933701657458,0.0331177800100452
4,1.1259765625,0.8897225012556504,0.03296082370668006
4,1.12548828125,0.889251632345555,0.03274108488196886
4,1.125244140625,0.8889377197388247,0.03274108488196886
4,1.1251220703125,0.8888121546961326,0.03274108488196886
4,1.12518310546875,0.8888749372174787,0.03274108488196886
4,1.125213623046875,0.8889377197388247,0.03274108488196886
4,1.1251983642578125,0.8889063284781517,0.03274108488196886
4,1.1251907348632812,0.8888749372174787,0.03274108488196886
4,1.1251945495605469,0.8889063284781517,0.03274108488196886
4,1.125192642211914,0.8888749372174787,0.03274108488196886
4,1.1251935958862305,0.8889063284781517,0.03274108488196886
4,1.1251931190490723,0.8888749372174787,0.03274108488196886
4,1.1251933574676514,0.8889063284781517,0.03274108488196886
4,1.1251932382583618,0.8888749372174787,0.03274108488196886
4,1.1251932978630066,0.8889063284781517,0.03274108488196886
4,1.1251932680606842,0.8888749372174787,0.03274108488196886
4,1.1251932829618454,0.8888749372174787,0.03274108488196886
4,1.125193290412426,0.8888749372174787,0.03274108488196886
4,1.1251932941377163,0.8888749372174787,0.03274108488196886
4,1.1251932960003614,0.8888749372174787,0.03274108488196886
4,1.125193296931684,0.8888749372174787,0.03274108488196886
4,1.1251932973973453,0.8888749372174787,0.03274108488196886
4,1.125193297630176,0.8888749372174787,0.03274108488196886
4,1.1251932977465913,0.8888749372174787,0.03274108488196886
4,1.125193297804799,0.8888749372174787,0.03274108488196886
4,1.1251932978339028,0.8888749372174787,0.03274108488196886
4,1.1251932978484547,0.8888749372174787,0.03274108488196886
4,1.1251932978557306,0.8888749372174787,0.03274108488196886
4,1.1251932978593686,0.8888749372174787,0.03274108488196886
4,1.1251932978611876,0.8888749372174787,0.03274108488196886
4,1.125193297862097,0.8888749372174787,0.03274108488196886
4,1.1251932978625518,0.8888749372174787,0.03274108488196886
4,1.1251932978627792,0.8888749372174787,0.03274108488196886
4,1.125193297862893,0.8888749372174787,0.03274108488196886
4,1.1251932978629497,0.8888749372174787,0.03274108488196886
4,1.1251932978629782,0.8888749372174787,0.03274108488196886
4,1.1251932978629924,0.8888749372174787,0.03274108488196886
4,1.1251932978629995,0.8888749372174787,0.03274108488196886
4,1.125193297863003,0.8888749372174787,0.03274108488196886
4,1.1251932978630048,0.8888749372174787,0.03274108488196886
4,1.1251932978630057,0.8888749372174787,0.03274108488196886
4,1.1251932978630061,0.8888749372174787,0.03274108488196886
4,1.1251932978630064,0.8888749372174787,0.03274108488196886
4,2.0,0.9985560020090407,0.5594236564540432
4,1.0,0.7668257157207433,0.00803616273229533
4,1.5,0.9866273229532898,0.1753515821195379
4,1.25,0.9468232044198895,0.07166624811652436
4,1.125,0.8887493721747866,0.03270969362129583
4,1.1875,0.9238448016072326,0.05151305876443998
4,1.15625,0.9077724761426419,0.04149924660974385
4,1.171875,0.9161853340030136,0.046145153189352084
4,1.1640625,0.9119789050728278,0.04394776494224008
4,1.16015625,0.9100326469111,0.04272350577599197
4,1.158203125,0.9091223003515821,0.04222124560522351
4,1.1572265625,0.9083375188347564,0.04193872425916625
4,1.15771484375,0.9085886489201407,0.04203289804118533
4,1.157958984375,0.9088083877448518,0.04209568056253139
4,1.1580810546875,0.9089025615268709,0.04215846308387745
4,1.15814208984375,0.9089653440482169,0.04218985434455048
4,1.158172607421875,0.909028126569563,0.04222124560522351
4,1.1581878662109375,0.909028126569563,0.04222124560522351
4,1.1581954956054688,0.909028126569563,0.04222124560522351
4,1.1581993103027344,0.909028126569563,0.04222124560522351
4,1.1582012176513672,0.9090595178302361,0.04222124560522351
4,1.1582021713256836,0.9090909090909091,0.04222124560522351
4,1.1582026481628418,0.9090909090909091,0.04222124560522351
4,1.158202886581421,0.9091223003515821,0.04222124560522351
4,1.1582027673721313,0.9090909090909091,0.04222124560522351
4,1.1582028269767761,0.9091223003515821,0.04222124560522351
4,1.1582027971744537,0.9090909090909091,0.04222124560522351
4,1.158202812075615,0.9090909090909091,0.04222124560522351
4,1.1582028195261955,0.9090909090909091,0.04222124560522351
4,1.1582028232514858,0.9090909090909091,0.04222124560522351
4,1.158202825114131,0.9090909090909091,0.04222124560522351
4,1.1582028260454535,0.9090909090909091,0.04222124560522351
4,1.1582028265111148,0.9090909090909091,0.04222124560522351
4,1.1582028267439455,0.9090909090909091,0.04222124560522351
4,1.1582028268603608,0.9090909090909091,0.04222124560522351
4,1.1582028269185685,0.9090909090909091,0.04222124560522351
4,1.1582028269476723,0.9090909090909091,0.04222124560522351
4,1.1582028269622242,0.9090909090909091,0.04222124560522351
4,1.1582028269695002,0.9090909090909091,0.04222124560522351
4,1.1582028269731381,0.9090909090909091,0.04222124560522351
4,1.1582028269749571,0.9090909090909091,0.04222124560522351
4,1.1582028269758666,0.9090909090909091,0.04222124560522351
4,1.1582028269763214,0.9090909090909091,0.04222124560522351
4,1.1582028269765487,0.9090909090909091,0.04222124560522351
4,1.1582028269766624,0.9090909090909091,0.04222124560522351
4,1.1582028269767193,0.9090909090909091,0.04222124560522351
4,1.1582028269767477,0.9090909090909091,0.04222124560522351
4,1.158202826976762,0.9090909090909091,0.04222124560522351
4,1.158202826976769,0.9090909090909091,0.04222124560522351
4,1.1582028269767726,0.9090909090909091,0.04222124560522351
4,1.1582028269767743,0.9090909090909091,0.04222124560522351
4,1.1582028269767752,0.9090909090909091,0.04222124560522351
4,1.1582028269767757,0.9090909090909091,0.04222124560522351
4,1.158202826976776,0.9090909090909091,0.04222124560522351
4,2.0,0.9985560020090407,0.5594236564540432
4,3.0,0.9999372174786539,0.9724384731290808
4,3.5,1.0,0.9958563535911602
4,3.75,1.0,0.9986501757910597
4,3.875,1.0,0.9990582621798091
4,3.9375,1.0,0.9992466097438473
4,3.96875,1.0,0.9993093922651933
4,3.984375,1.0,0.9993093922651933
4,3.9921875,1.0,0.9993093922651933
4,3.99609375,1.0,0.9993093922651933
4,3.998046875,1.0,0.9993093922651933
4,3.9990234375,1.0,0.9993407835258664
4,3.99951171875,1.0,0.9993407835258664
4,3.999755859375,1.0,0.9993407835258664
4,3.9998779296875,1.0,0.9993407835258664
4,3.99993896484375,1.0,0.9993407835258664
4,3.999969482421875,1.0,0.9993407835258664
4,3.9999847412109375,1.0,0.9993407835258664
4,3.9999923706054688,1.0,0.9993407835258664
4,3.9999961853027344,1.0,0.9993407835258664
4,3.999998092651367,1.0,0.9993407835258664
4,3.9999990463256836,1.0,0.9993407835258664
4,3.999999523162842,1.0,0.9993407835258664
4,3.999999761581421,1.0,0.9993407835258664
4,3.9999998807907104,1.0,0.9993407835258664
4,3.9999999403953552,1.0,0.9993407835258664
4,3.9999999701976776,1.0,0.9993407835258664
4,3.999999985098839,1.0,0.9993407835258664
4,3.9999999925494194,1.0,0.9993407835258664
4,3.9999999962747097,1.0,0.9993407835258664
4,3.999999998137355,1.0,0.9993407835258664
4,3.9999999990686774,1.0,0.9993407835258664
4,3.9999999995343387,1.0,0.9993407835258664
4,3.9999999997671694,1.0,0.9993407835258664
4,3.9999999998835847,1.0,0.9993407835258664
4,3.9999999999417923,1.0,0.9993407835258664
4,3.999999999970896,1.0,0.9993407835258664
4,3.999999999985448,1.0,0.9993407835258664
4,3.999999999992724,1.0,0.9993407835258664
4,3.999999999996362,1.0,0.9993407835258664
4,3.999999999998181,1.0,0.9993407835258664
4,3.9999999999990905,1.0,0.9993407835258664
4,3.9999999999995453,1.0,0.9993407835258664
4,3.9999999999997726,1.0,0.9993407835258664
4,3.9999999999998863,1.0,0.9993407835258664
4,3.999999999999943,1.0,0.9993407835258664
4,3.9999999999999716,1.0,0.9993407835258664
4,3.999999999999986,1.0,0.9993407835258664
4,3.999999999999993,1.0,0.9993407835258664
4,3.9999999999999964,1.0,0.9993407835258664
4,3.9999999999999982,1.0,0.9993407835258664
4,3.999999999999999,1.0,0.9993407835258664
4,3.9999999999999996,1.0,0.9993407835258664
4,4.0,1.0,0.9993407835258664
5,2.0,0.9986143187066975,0.5658198614318707
5,1.0,0.7635360533743906,0.007210674878111368
5,0.5,0.0191172696946369,0.0
5,0.75,0.3085963561714139,2.5660764690787784e-05
5,0.875,0.5581729535540159,0.0007441621760328458
5,0.8125,0.4359250705671029,0.00015396458814472672
5,0.84375,0.49625352835514497,0.00041057223505260455
5,0.859375,0.5270464459840903,0.0005388760585065435
5,0.8515625,0.5116499871696176,0.00041057223505260455
5,0.84765625,0.5038747754683089,0.00041057223505260455
5,0.845703125,0.5,0.00041057223505260455
5,0.8466796875,0.5018219142930459,0.00041057223505260455
5,0.84619140625,0.5009751090582499,0.00041057223505260455
5,0.845947265625,0.5005132152938158,0.00041057223505260455
5,0.8458251953125,0.5003079291762894,0.00041057223505260455
5,0.84576416015625,0.500128303823454,0.00041057223505260455
5,0.845733642578125,0.5000769822940724,0.00041057223505260455
5,0.8457183837890625,0.5000769822940724,0.00041057223505260455
5,0.8457107543945312,0.5000513215293816,0.00041057223505260455
5,0.8457069396972656,0.5000256607646908,0.00041057223505260455
5,0.8457050323486328,0.5,0.00041057223505260455
5,0.8457059860229492,0.5000256607646908,0.00041057223505260455
5,0.845705509185791,0.5000256607646908,0.00041057223505260455
5,0.8457052707672119,0.5000256607646908,0.00041057223505260455
5,0.8457051515579224,0.5,0.00041057223505260455
5,0.8457052111625671,0.5,0.00041057223505260455
5,0.8457052409648895,0.5000256607646908,0.00041057223505260455
5,0.8457052260637283,0.5,0.00041057223505260455
5,0.8457052335143089,0.5,0.00041057223505260455
5,0.8457052372395992,0.5,0.00041057223505260455
5,0.8457052391022444,0.5,0.00041057223505260455
5,0.845705240033567,0.5,0.00041057223505260455
5,0.8457052404992282,0.5,0.00041057223505260455
5,0.8457052407320589,0.5,0.00041057223505260455
5,0.8457052408484742,0.5,0.00041057223505260455
5,0.8457052409066819,0.5,0.00041057223505260455
5,0.8457052409357857,0.5,0.00041057223505260455
5,0.8457052409503376,0.5,0.00041057223505260455
5,0.8457052409576136,0.5,0.00041057223505260455
5,0.8457052409612515,0.5,0.00041057223505260455
5,0.8457052409630705,0.5,0.00041057223505260455
5,0.84570524096398,0.5,0.00041057223505260455
5,0.8457052409644348,0.5,0.00041057223505260455
5,0.8457052409646622,0.5,0.00041057223505260455
5,0.8457052409647758,0.5,0.00041057223505260455
5,0.8457052409648327,0.5,0.00041057223505260455
5,0.8457052409648611,0.5,0.00041057223505260455
5,0.8457052409648753,0.5,0.00041057223505260455
5,0.8457052409648824,0.5,0.00041057223505260455
5,0.845705240964886,0.5,0.00041057223505260455
5,0.8457052409648878,0.5,0.00041057223505260455
5,0.8457052409648886,0.5,0.00041057223505260455
5,0.8457052409648891,0.5,0.00041057223505260455
5,0.8457052409648893,0.5,0.00041057223505260455
5,0.8457052409648894,0.5,0.00041057223505260455
5,2.0,0.9986143187066975,0.5658198614318707
5,1.0,0.7635360533743906,0.007210674878111368
5,0.5,0.0191172696946369,0.0
5,0.75,0.3085963561714139,2.5660764690787784e-05
5,0.875,0.5581729535540159,0.0007441621760328458
5,0.9375,0.6708493713112651,0.00266871952784193
5,0.90625,0.6164742109314858,0.001334359763920965
5,0.921875,0.644136515268155,0.0019758788811906594
5,0.9296875,0.657557095201437,0.0023351295868616886
5,0.93359375,0.6642288940210418,0.0024377726456248396
5,0.935546875,0.6669745958429562,0.002540415704387991
5,0.9345703125,0.665537593020272,0.002514754939697203
5,0.93505859375,0.666256094431614,0.002514754939697203
5,0.935302734375,0.666615345137285,0.002540415704387991
5,0.9354248046875,0.6668206312548114,0.002540415704387991
5,0.93536376953125,0.6666666666666666,0.002540415704387991
5,0.935394287109375,0.666743648960739,0.002540415704387991
5,0.9353790283203125,0.6667179881960482,0.002540415704387991
5,0.9353713989257812,0.6666923274313574,0.002540415704387991
5,0.9353675842285156,0.6666666666666666,0.002540415704387991
5,0.9353694915771484,0.6666666666666666,0.002540415704387991
5,0.9353704452514648,0.6666923274313574,0.002540415704387991
5,0.9353699684143066,0.6666666666666666,0.002540415704387991
5,0.9353702068328857,0.6666923274313574,0.002540415704387991
5,0.9353700876235962,0.6666923274313574,0.002540415704387991
5,0.9353700280189514,0.6666923274313574,0.002540415704387991
5,0.935369998216629,0.6666666666666666,0.002540415704387991
5,0.9353700131177902,0.6666923274313574,0.002540415704387991
5,0.9353700056672096,0.6666923274313574,0.002540415704387991
5,0.9353700019419193,0.6666923274313574,0.002540415704387991
5,0.9353700000792742,0.6666923274313574,0.002540415704387991
5,0.9353699991479516,0.6666923274313574,0.002540415704387991
5,0.9353699986822903,0.6666923274313574,0.002540415704387991
5,0.9353699984494597,0.6666923274313574,0.002540415704387991
5,0.9353699983330444,0.6666923274313574,0.002540415704387991
5,0.9353699982748367,0.6666923274313574,0.002540415704387991
5,0.9353699982457329,0.6666923274313574,0.002540415704387991
5,0.9353699982311809,0.6666923274313574,0.002540415704387991
5,0.935369998223905,0.6666923274313574,0.002540415704387991
5,0.935369998220267,0.6666923274313574,0.002540415704387991
5,0.935369998218448,0.6666923274313574,0.002540415704387991
5,0.9353699982175385,0.6666923274313574,0.002540415704387991
5,0.9353699982170838,0.6666923274313574,0.002540415704387991
5,0.9353699982168564,0.6666923274313574,0.002540415704387991
5,0.9353699982167427,0.6666923274313574,0.002540415704387991
5,0.9353699982166859,0.6666923274313574,0.002540415704387991
5,0.9353699982166575,0.6666923274313574,0.002540415704387991
5,0.9353699982166432,0.6666923274313574,0.002540415704387991
5,0.9353699982166361,0.6666923274313574,0.002540415704387991
5,0.9353699982166326,0.6666923274313574,0.002540415704387991
5,0.9353699982166308,0.6666923274313574,0.002540415704387991
5,0.9353699982166299,0.6666923274313574,0.002540415704387991
5,0.9353699982166295,0.6666923274313574,0.002540415704387991
5,0.9353699982166293,0.6666923274313574,0.002540415704387991
5,0.9353699982166291,0.6666923274313574,0.002540415704387991
5,2.0,0.9986143187066975,0.5658198614318707
5,1.0,0.7635360533743906,0.007210674878111368
5,1.5,0.9857839363613036,0.17364639466256093
5,1.25,0.9463946625609443,0.06777007954837054
5,1.125,0.8869899923017706,0.03312804721580703
5,1.0625,0.8348729792147807,0.01821914293045933
5,1.03125,0.801693610469592,0.012086220169361048
5,1.015625,0.7830125737746985,0.00916089299461124
5,1.0234375,0.7916859122401848,0.010469591993841416
5,1.02734375,0.7970746728252502,0.01147036181678214
5,1.029296875,0.7994867847061843,0.011829612522453169
5,1.0302734375,0.8008211444701052,0.011983577110597896
5,1.02978515625,0.800359250705671,0.011957916345907108
5,1.029541015625,0.7998460354118553,0.011880934051834744
5,1.0296630859375,0.8001026430587631,0.011906594816525532
5,1.02960205078125,0.7999230177059277,0.011880934051834744
5,1.029632568359375,0.8,0.011906594816525532
5,1.0296478271484375,0.8000769822940723,0.011906594816525532
5,1.0296401977539062,0.8000513215293815,0.011906594816525532
5,1.0296363830566406,0.8000256607646908,0.011906594816525532
5,1.0296344757080078,0.8000256607646908,0.011906594816525532
5,1.0296335220336914,0.8000256607646908,0.011906594816525532
5,1.0296330451965332,0.8,0.011906594816525532
5,1.0296332836151123,0.8000256607646908,0.011906594816525532
5,1.0296331644058228,0.8000256607646908,0.011906594816525532
5,1.029633104801178,0.8,0.011906594816525532
5,1.0296331346035004,0.8000256607646908,0.011906594816525532
5,1.0296331197023392,0.8000256607646908,0.011906594816525532
5,1.0296331122517586,0.8000256607646908,0.011906594816525532
5,1.0296331085264683,0.8000256607646908,0.011906594816525532
5,1.0296331066638231,0.8000256607646908,0.011906594816525532
5,1.0296331057325006,0.8000256607646908,0.011906594816525532
5,1.0296331052668393,0.8000256607646908,0.011906594816525532
5,1.0296331050340086,0.8000256607646908,0.011906594816525532
5,1.0296331049175933,0.8000256607646908,0.011906594816525532
5,1.0296331048593856,0.8000256607646908,0.011906594816525532
5,1.0296331048302818,0.8000256607646908,0.011906594816525532
5,1.02963310481573,0.8000256607646908,0.011906594816525532
5,1.029633104808454,0.8000256607646908,0.011906594816525532
5,1.029633104804816,0.8000256607646908,0.011906594816525532
5,1.029633104802997,0.8000256607646908,0.011906594816525532
5,1.0296331048020875,0.8000256607646908,0.011906594816525532
5,1.0296331048016327,0.8000256607646908,0.011906594816525532
5,1.0296331048014054,0.8000256607646908,0.011906594816525532
5,1.0296331048012917,0.8000256607646908,0.011906594816525532
5,1.0296331048012348,0.8000256607646908,0.011906594816525532
5,1.0296331048012064,0.8000256607646908,0.011906594816525532
5,1.0296331048011922,0.8000256607646908,0.011906594816525532
5,1.029633104801185,0.8000256607646908,0.011906594816525532
5,1.0296331048011815,0.8000256607646908,0.011906594816525532
5,1.0296331048011798,0.8000256607646908,0.011906594816525532
5,1.0296331048011789,0.8000256607646908,0.011906594816525532
5,1.0296331048011784,0.8000256607646908,0.011906594816525532
5,1.0296331048011782,0.8000256607646908,0.011906594816525532
5,2.0,0.9986143187066975,0.5658198614318707
5,1.0,0.7635360533743906,0.007210674878111368
5,1.5,0.9857839363613036,0.17364639466256093
5,1.25,0.9463946625609443,0.06777007954837054
5,1.125,0.8869899923017706,0.03312804721580703
5,1.0625,0.8348729792147807,0.01821914293045933
5,1.09375,0.863484731845009,0.025968693867077237
5,1.078125,0.8496792404413651,0.021862971516551193
5,1.0859375,0.8564536823197332,0.024146779574031305
5,1.08984375,0.8598409032589172,0.025096227867590453
5,1.087890625,0.8580446497305619,0.024711316397228636
5,1.0869140625,0.8573004875545291,0.024326404926866822
5,1.08642578125,0.8569155760841674,0.024198101103412882
5,1.086669921875,0.8570952014370028,0.024275083397485245
5,1.0867919921875,0.8572491660251476,0.024275083397485245
5,1.08673095703125,0.8571465229663844,0.024275083397485245
5,1.086700439453125,0.8570952014370028,0.024275083397485245
5,1.0867156982421875,0.8571208622016936,0.024275083397485245
5,1.0867233276367188,0.8571208622016936,0.024275083397485245
5,1.0867271423339844,0.8571208622016936,0.024275083397485245
5,1.0867290496826172,0.8571208622016936,0.024275083397485245
5,1.0867300033569336,0.8571465229663844,0.024275083397485245
5,1.0867295265197754,0.8571465229663844,0.024275083397485245
5,1.0867292881011963,0.8571208622016936,0.024275083397485245
5,1.0867294073104858,0.8571465229663844,0.024275083397485245
5,1.086729347705841,0.8571208622016936,0.024275083397485245
5,1.0867293775081635,0.8571465229663844,0.024275083397485245
5,1.0867293626070023,0.8571465229663844,0.024275083397485245
5,1.0867293551564217,0.8571465229663844,0.024275083397485245
5,1.0867293514311314,0.8571465229663844,0.024275083397485245
5,1.0867293495684862,0.8571465229663844,0.024275083397485245
5,1.0867293486371636,0.8571465229663844,0.024275083397485245
5,1.0867293481715024,0.8571465229663844,0.024275083397485245
5,1.0867293479386717,0.8571465229663844,0.024275083397485245
5,1.0867293478222564,0.8571465229663844,0.024275083397485245
5,1.0867293477640487,0.8571465229663844,0.024275083397485245
5,1.086729347734945,0.8571465229663844,0.024275083397485245
5,1.086729347720393,0.8571465229663844,0.024275083397485245
5,1.086729347713117,0.8571465229663844,0.024275083397485245
5,1.086729347709479,0.8571465229663844,0.024275083397485245
5,1.08672934770766,0.8571465229663844,0.024275083397485245
5,1.0867293477067506,0.8571465229663844,0.024275083397485245
5,1.0867293477062958,0.8571465229663844,0.024275083397485245
5,1.0867293477060684,0.8571465229663844,0.024275083397485245
5,1.0867293477059548,0.8571465229663844,0.024275083397485245
5,1.086729347705898,0.8571465229663844,0.024275083397485245
5,1.0867293477058695,0.8571465229663844,0.024275083397485245
5,1.0867293477058553,0.8571465229663844,0.024275083397485245
5,1.0867293477058482,0.8571465229663844,0.024275083397485245
5,1.0867293477058446,0.8571465229663844,0.024275083397485245
5,1.0867293477058428,0.8571465229663844,0.024275083397485245
5,1.086729347705842,0.8571465229663844,0.024275083397485245
5,1.0867293477058415,0.8571465229663844,0.024275083397485245
5,1.0867293477058413,0.8571465229663844,0.024275083397485245
5,2.0,0.9986143187066975,0.5658198614318707
5,1.0,0.7635360533743906,0.007210674878111368
5,1.5,0.9857839363613036,0.17364639466256093
5,1.25,0.9463946625609443,0.06777007954837054
5,1.125,0.8869899923017706,0.03312804721580703
5,1.1875,0.9221709006928407,0.049448293559148065
5,1.15625,0.9058249935848088,0.04123684885809597
5,1.140625,0.8968950474724147,0.03682319733128047
5,1.1328125,0.891788555298948,0.03546317680266872
5,1.12890625,0.8891454965357968,0.03423146009751091
5,1.126953125,0.8880420836540929,0.03379522709776751
5,1.1279296875,0.8885809597125994,0.03397485245060303
5,1.12841796875,0.8888375673595074,0.03410315627405697
5,1.128662109375,0.8889402104182704,0.03418013856812933
5,1.1285400390625,0.8888888888888888,0.03418013856812933
5,1.12860107421875,0.8889145496535796,0.03418013856812933
5,1.128570556640625,0.8888888888888888,0.03418013856812933
5,1.1285858154296875,0.8889145496535796,0.03418013856812933
5,1.1285781860351562,0.8888888888888888,0.03418013856812933
5,1.1285820007324219,0.8888888888888888,0.03418013856812933
5,1.1285839080810547,0.8888888888888888,0.03418013856812933
5,1.128584861755371,0.8889145496535796,0.03418013856812933
5,1.128584384918213,0.8889145496535796,0.03418013856812933
5,1.1285841464996338,0.8888888888888888,0.03418013856812933
5,1.1285842657089233,0.8889145496535796,0.03418013856812933
5,1.1285842061042786,0.8888888888888888,0.03418013856812933
5,1.128584235906601,0.8889145496535796,0.03418013856812933
5,1.1285842210054398,0.8889145496535796,0.03418013856812933
5,1.1285842135548592,0.8889145496535796,0.03418013856812933
5,1.1285842098295689,0.8889145496535796,0.03418013856812933
5,1.1285842079669237,0.8889145496535796,0.03418013856812933
5,1.1285842070356011,0.8889145496535796,0.03418013856812933
5,1.1285842065699399,0.8889145496535796,0.03418013856812933
5,1.1285842063371092,0.8889145496535796,0.03418013856812933
5,1.1285842062206939,0.8889145496535796,0.03418013856812933
5,1.1285842061624862,0.8889145496535796,0.03418013856812933
5,1.1285842061333824,0.8889145496535796,0.03418013856812933
5,1.1285842061188305,0.8889145496535796,0.03418013856812933
5,1.1285842061115545,0.8889145496535796,0.03418013856812933
5,1.1285842061079165,0.8889145496535796,0.03418013856812933
5,1.1285842061060976,0.8889145496535796,0.03418013856812933
5,1.128584206105188,0.8889145496535796,0.03418013856812933
5,1.1285842061047333,0.8889145496535796,0.03418013856812933
5,1.128584206104506,0.8889145496535796,0.03418013856812933
5,1.1285842061043923,0.8889145496535796,0.03418013856812933
5,1.1285842061043354,0.8889145496535796,0.03418013856812933
5,1.128584206104307,0.8889145496535796,0.03418013856812933
5,1.1285842061042928,0.8889145496535796,0.03418013856812933
5,1.1285842061042857,0.8889145496535796,0.03418013856812933
5,1.1285842061042821,0.8889145496535796,0.03418013856812933
5,1.1285842061042803,0.8889145496535796,0.03418013856812933
5,1.1285842061042795,0.8889145496535796,0.03418013856812933
5,1.128584206104279,0.8889145496535796,0.03418013856812933
5,1.1285842061042788,0.8889145496535796,0.03418013856812933
5,2.0,0.9986143187066975,0.5658198614318707
5,1.0,0.7635360533743906,0.007210674878111368
5,1.5,0.9857839363613036,0.17364639466256093
5,1.25,0.9463946625609443,0.06777007954837054
5,1.125,0.8869899923017706,0.03312804721580703
5,1.1875,0.9221709006928407,0.049448293559148065
5,1.15625,0.9058249935848088,0.04123684885809597
5,1.171875,0.9144470105209135,0.04508596356171414
5,1.1640625,0.9102386451116243,0.04287913779830639
5,1.16015625,0.9077752117013087,0.041981011034128816
5,1.162109375,0.9091352322299204,0.042391583269181424
5,1.1611328125,0.9085450346420323,0.04216063638696433
5,1.16162109375,0.9088529638183218,0.04228894021041827
5,1.161865234375,0.9090069284064665,0.042340261739799843
5,1.1619873046875,0.909058249935848,0.042391583269181424
5,1.16204833984375,0.9091095714652296,0.042391583269181424
5,1.162017822265625,0.909058249935848,0.042391583269181424
5,1.1620330810546875,0.9090839107005388,0.042391583269181424
5,1.1620407104492188,0.9091095714652296,0.042391583269181424
5,1.1620368957519531,0.9091095714652296,0.042391583269181424
5,1.1620349884033203,0.9091095714652296,0.042391583269181424
5,1.162034034729004,0.9091095714652296,0.042391583269181424
5,1.1620335578918457,0.9091095714652296,0.042391583269181424
5,1.1620333194732666,0.9091095714652296,0.042391583269181424
5,1.162033200263977,0.9091095714652296,0.042391583269181424
5,1.1620331406593323,0.9090839107005388,0.042391583269181424
5,1.1620331704616547,0.9091095714652296,0.042391583269181424
5,1.1620331555604935,0.9091095714652296,0.042391583269181424
5,1.1620331481099129,0.9091095714652296,0.042391583269181424
5,1.1620331443846226,0.9091095714652296,0.042391583269181424
5,1.1620331425219774,0.9091095714652296,0.042391583269181424
5,1.1620331415906549,0.9091095714652296,0.042391583269181424
5,1.1620331411249936,0.9091095714652296,0.042391583269181424
5,1.162033140892163,0.9091095714652296,0.042391583269181424
5,1.1620331407757476,0.9091095714652296,0.042391583269181424
5,1.16203314071754,0.9091095714652296,0.042391583269181424
5,1.162033140688436,0.9091095714652296,0.042391583269181424
5,1.1620331406738842,0.9091095714652296,0.042391583269181424
5,1.1620331406666082,0.9091095714652296,0.042391583269181424
5,1.1620331406629703,0.9091095714652296,0.042391583269181424
5,1.1620331406611513,0.9091095714652296,0.042391583269181424
5,1.1620331406602418,0.9091095714652296,0.042391583269181424
5,1.162033140659787,0.9091095714652296,0.042391583269181424
5,1.1620331406595596,0.9091095714652296,0.042391583269181424
5,1.162033140659446,0.9091095714652296,0.042391583269181424
5,1.1620331406593891,0.9091095714652296,0.042391583269181424
5,1.1620331406593607,0.9091095714652296,0.042391583269181424
5,1.1620331406593465,0.9091095714652296,0.042391583269181424
5,1.1620331406593394,0.9091095714652296,0.042391583269181424
5,1.1620331406593358,0.9091095714652296,0.042391583269181424
5,1.162033140659334,0.9091095714652296,0.042391583269181424
5,1.1620331406593332,0.9091095714652296,0.042391583269181424
5,1.1620331406593327,0.9091095714652296,0.042391583269181424
5,1.1620331406593325,0.9091095714652296,0.042391583269181424
5,2.0,0.9986143187066975,0.5658198614318707
5,3.0,0.9999486784706184,0.971465229663844
5,3.5,1.0,0.9946112394149346
5,3.75,1.0,0.9976392096484475
5,3.875,1.0,0.9984090325891711
5,3.9375,1.0,0.9987169617654607
5,3.96875,1.0,0.9988709263536053
5,3.984375,1.0,0.9989222478829869
5,3.9921875,1.0,0.9989222478829869
5,3.99609375,1.0,0.9989479086476777
5,3.998046875,1.0,0.9989735694123685
5,3.9990234375,1.0,0.9989992301770593
5,3.99951171875,1.0,0.9990248909417501
5,3.999755859375,1.0,0.9990248909417501
5,3.9998779296875,1.0,0.9990248909417501
5,3.99993896484375,1.0,0.9990248909417501
5,3.999969482421875,1.0,0.9990248909417501
5,3.9999847412109375,1.0,0.9990248909417501
5,3.9999923706054688,1.0,0.9990248909417501
5,3.9999961853027344,1.0,0.9990248909417501
5,3.999998092651367,1.0,0.9990248909417501
5,3.9999990463256836,1.0,0.9990248909417501
5,3.999999523162842,1.0,0.9990248909417501
5,3.999999761581421,1.0,0.9990248909417501
5,3.9999998807907104,1.0,0.9990248909417501
5,3.9999999403953552,1.0,0.9990248909417501
5,3.9999999701976776,1.0,0.9990248909417501
5,3.999999985098839,1.0,0.9990248909417501
5,3.9999999925494194,1.0,0.9990248909417501
5,3.9999999962747097,1.0,0.9990248909417501
5,3.999999998137355,1.0,0.9990248909417501
5,3.9999999990686774,1.0,0.9990248909417501
5,3.9999999995343387,1.0,0.9990248909417501
5,3.9999999997671694,1.0,0.9990248909417501
5,3.9999999998835847,1.0,0.9990248909417501
5,3.9999999999417923,1.0,0.9990248909417501
5,3.999999999970896,1.0,0.9990248909417501
5,3.999999999985448,1.0,0.9990248909417501
5,3.999999999992724,1.0,0.9990248909417501
5,3.999999999996362,1.0,0.9990248909417501
5,3.999999999998181,1.0,0.9990248909417501
5,3.9999999999990905,1.0,0.9990248909417501
5,3.9999999999995453,1.0,0.9990248909417501
5,3.9999999999997726,1.0,0.9990248909417501
5,3.9999999999998863,1.0,0.9990248909417501
5,3.999999999999943,1.0,0.9990248909417501
5,3.9999999999999716,1.0,0.9990248909417501
5,3.999999999999986,1.0,0.9990248909417501
5,3.999999999999993,1.0,0.9990248909417501
5,3.9999999999999964,1.0,0.9990248909417501
5,3.9999999999999982,1.0,0.9990248909417501
5,3.999999999999999,1.0,0.9990248909417501
5,3.9999999999999996,1.0,0.9990248909417501
5,4.0,1.0,0.9990248909417501
6,2.0,0.9985349427097,0.5584710924516749
6,1.0,0.7648255051167673,0.007106621184291087
6,0.5,0.01876147992652847,0.0
6,0.75,0.30241406454998687,6.559958016268695e-05
6,0.875,0.5577057640164437,0.0009183941222776174
6,0.8125,0.43028951281378464,0.0002842648473716435
6,0.84375,0.49569229423598354,0.0004591970611388087
6,0.859375,0.5273550249278405,0.0005903962214641826
6,0.8515625,0.512157788856818,0.0005247966413014956
6,0.84765625,0.5040234409166447,0.0004591970611388087
6,0.845703125,0.4998688008396746,0.0004591970611388087
6,0.8466796875,0.5019242543514388,0.0004591970611388087
6,0.84619140625,0.5008090614886731,0.0004591970611388087
6,0.845947265625,0.5003061313740925,0.0004591970611388087
6,0.8458251953125,0.5,0.0004591970611388087
6,0.84588623046875,0.5001530656870463,0.0004591970611388087
6,0.845855712890625,0.5000655995801627,0.0004591970611388087
6,0.8458404541015625,0.5000218665267209,0.0004591970611388087
6,0.8458328247070312,0.5000218665267209,0.0004591970611388087
6,0.8458290100097656,0.5000218665267209,0.0004591970611388087
6,0.8458271026611328,0.5,0.0004591970611388087
6,0.8458280563354492,0.5000218665267209,0.0004591970611388087
6,0.845827579498291,0.5,0.0004591970611388087
6,0.8458278179168701,0.5000218665267209,0.0004591970611388087
6,0.8458276987075806,0.5000218665267209,0.0004591970611388087
6,0.8458276391029358,0.5000218665267209,0.0004591970611388087
6,0.8458276093006134,0.5,0.0004591970611388087
6,0.8458276242017746,0.5000218665267209,0.0004591970611388087
6,0.845827616751194,0.5000218665267209,0.0004591970611388087
6,0.8458276130259037,0.5000218665267209,0.0004591970611388087
6,0.8458276111632586,0.5000218665267209,0.0004591970611388087
6,0.845827610231936,0.5000218665267209,0.0004591970611388087
6,0.8458276097662747,0.5000218665267209,0.0004591970611388087
6,0.845827609533444,0.5000218665267209,0.0004591970611388087
6,0.8458276094170287,0.5000218665267209,0.0004591970611388087
6,0.8458276093588211,0.5000218665267209,0.0004591970611388087
6,0.8458276093297172,0.5000218665267209,0.0004591970611388087
6,0.8458276093151653,0.5000218665267209,0.0004591970611388087
6,0.8458276093078894,0.5000218665267209,0.0004591970611388087
6,0.8458276093042514,0.5000218665267209,0.0004591970611388087
6,0.8458276093024324,0.5000218665267209,0.0004591970611388087
6,0.8458276093015229,0.5000218665267209,0.0004591970611388087
6,0.8458276093010682,0.5000218665267209,0.0004591970611388087
6,0.8458276093008408,0.5000218665267209,0.0004591970611388087
6,0.8458276093007271,0.5000218665267209,0.0004591970611388087
6,0.8458276093006702,0.5000218665267209,0.0004591970611388087
6,0.8458276093006418,0.5000218665267209,0.0004591970611388087
6,0.8458276093006276,0.5000218665267209,0.0004591970611388087
6,0.8458276093006205,0.5000218665267209,0.0004591970611388087
6,0.845827609300617,0.5000218665267209,0.0004591970611388087
6,0.8458276093006152,0.5000218665267209,0.0004591970611388087
6,0.8458276093006143,0.5000218665267209,0.0004591970611388087
6,0.8458276093006138,0.5000218665267209,0.0004591970611388087
6,0.8458276093006136,0.5000218665267209,0.0004591970611388087
6,0.8458276093006135,0.5000218665267209,0.0004591970611388087
6,2.0,0.9985349427097,0.5584710924516749
6,1.0,0.7648255051167673,0.007106621184291087
6,0.5,0.01876147992652847,0.0
6,0.75,0.30241406454998687,6.559958016268695e-05
6,0.875,0.5577057640164437,0.0009183941222776174
6,0.9375,0.6694218490334995,0.002711449313391061
6,0.90625,0.6155427271932127,0.001705589084229861
6,0.921875,0.6428540190676113,0.0020554535117641914
6,0.9296875,0.6560832677337531,0.0022959853056940434
6,0.93359375,0.6625557596431383,0.0026239832065074785
6,0.935546875,0.6658138721245518,0.0026895827866701655
6,0.9365234375,0.6677381264759905,0.0026895827866701655
6,0.93603515625,0.6667541327735502,0.0026895827866701655
6,0.935791015625,0.666163736552086,0.0026895827866701655
6,0.9359130859375,0.6664261348727368,0.0026895827866701655
6,0.93597412109375,0.6666666666666666,0.0026895827866701655
6,0.936004638671875,0.6666885331933876,0.0026895827866701655
6,0.9359893798828125,0.6666666666666666,0.0026895827866701655
6,0.9359970092773438,0.6666885331933876,0.0026895827866701655
6,0.9359931945800781,0.6666666666666666,0.0026895827866701655
6,0.9359951019287109,0.6666666666666666,0.0026895827866701655
6,0.9359960556030273,0.6666666666666666,0.0026895827866701655
6,0.9359965324401855,0.6666666666666666,0.0026895827866701655
6,0.9359967708587646,0.6666666666666666,0.0026895827866701655
6,0.9359968900680542,0.6666666666666666,0.0026895827866701655
6,0.935996949672699,0.6666885331933876,0.0026895827866701655
6,0.9359969198703766,0.6666666666666666,0.0026895827866701655
6,0.9359969347715378,0.6666885331933876,0.0026895827866701655
6,0.9359969273209572,0.6666885331933876,0.0026895827866701655
6,0.9359969235956669,0.6666885331933876,0.0026895827866701655
6,0.9359969217330217,0.6666885331933876,0.0026895827866701655
6,0.9359969208016992,0.6666885331933876,0.0026895827866701655
6,0.9359969203360379,0.6666885331933876,0.0026895827866701655
6,0.9359969201032072,0.6666885331933876,0.0026895827866701655
6,0.9359969199867919,0.6666885331933876,0.0026895827866701655
6,0.9359969199285842,0.6666885331933876,0.0026895827866701655
6,0.9359969198994804,0.6666885331933876,0.0026895827866701655
6,0.9359969198849285,0.6666885331933876,0.0026895827866701655
6,0.9359969198776525,0.6666885331933876,0.0026895827866701655
6,0.9359969198740146,0.6666885331933876,0.0026895827866701655
6,0.9359969198721956,0.6666885331933876,0.0026895827866701655
6,0.9359969198712861,0.6666885331933876,0.0026895827866701655
6,0.9359969198708313,0.6666885331933876,0.0026895827866701655
6,0.935996919870604,0.6666885331933876,0.0026895827866701655
6,0.9359969198704903,0.6666885331933876,0.0026895827866701655
6,0.9359969198704334,0.6666885331933876,0.0026895827866701655
6,0.935996919870405,0.6666885331933876,0.0026895827866701655
6,0.9359969198703908,0.6666885331933876,0.0026895827866701655
6,0.9359969198703837,0.6666885331933876,0.0026895827866701655
6,0.9359969198703801,0.6666885331933876,0.0026895827866701655
6,0.9359969198703784,0.6666885331933876,0.0026895827866701655
6,0.9359969198703775,0.6666885331933876,0.0026895827866701655
6,0.935996919870377,0.6666885331933876,0.0026895827866701655
6,0.9359969198703768,0.6666885331933876,0.0026895827866701655
6,0.9359969198703767,0.6666885331933876,0.0026895827866701655
6,2.0,0.9985349427097,0.5584710924516749
6,1.0,0.7648255051167673,0.007106621184291087
6,1.5,0.9848246304556985,0.1720239657132861
6,1.25,0.9446120878159713,0.0638502580250153
6,1.125,0.885572465669553,0.02757369019504942
6,1.0625,0.8357823843260737,0.014934837750371731
6,1.03125,0.8035073908860316,0.010517799352750809
6,1.015625,0.785008309280154,0.00870287763491647
6,1.0234375,0.7938205195486749,0.009555672177031401
6,1.02734375,0.7990028863815272,0.009927403131286627
6,1.029296875,0.8012770051605003,0.010146068398495583
6,1.0283203125,0.8001836788244555,0.010036735764891105
6,1.02783203125,0.7995276830228286,0.009993002711449313
6,1.028076171875,0.7998119478702003,0.009993002711449313
6,1.0281982421875,0.7999868800839675,0.010036735764891105
6,1.02825927734375,0.8001180792442928,0.010036735764891105
6,1.028228759765625,0.800074346190851,0.010036735764891105
6,1.0282135009765625,0.8000306131374093,0.010036735764891105
6,1.0282058715820312,0.8000087466106883,0.010036735764891105
6,1.0282020568847656,0.7999868800839675,0.010036735764891105
6,1.0282039642333984,0.8000087466106883,0.010036735764891105
6,1.028203010559082,0.8000087466106883,0.010036735764891105
6,1.0282025337219238,0.8000087466106883,0.010036735764891105
6,1.0282022953033447,0.8000087466106883,0.010036735764891105
6,1.0282021760940552,0.7999868800839675,0.010036735764891105
6,1.0282022356987,0.8000087466106883,0.010036735764891105
6,1.0282022058963776,0.7999868800839675,0.010036735764891105
6,1.0282022207975388,0.7999868800839675,0.010036735764891105
6,1.0282022282481194,0.7999868800839675,0.010036735764891105
6,1.0282022319734097,0.7999868800839675,0.010036735764891105
6,1.0282022338360548,0.7999868800839675,0.010036735764891105
6,1.0282022347673774,0.7999868800839675,0.010036735764891105
6,1.0282022352330387,0.7999868800839675,0.010036735764891105
6,1.0282022354658693,0.7999868800839675,0.010036735764891105
6,1.0282022355822846,0.7999868800839675,0.010036735764891105
6,1.0282022356404923,0.7999868800839675,0.010036735764891105
6,1.0282022356695961,0.7999868800839675,0.010036735764891105
6,1.028202235684148,0.7999868800839675,0.010036735764891105
6,1.028202235691424,0.7999868800839675,0.010036735764891105
6,1.028202235695062,0.7999868800839675,0.010036735764891105
6,1.028202235696881,0.7999868800839675,0.010036735764891105
6,1.0282022356977905,0.7999868800839675,0.010036735764891105
6,1.0282022356982452,0.7999868800839675,0.010036735764891105
6,1.0282022356984726,0.7999868800839675,0.010036735764891105
6,1.0282022356985863,0.7999868800839675,0.010036735764891105
6,1.028202235698643,0.7999868800839675,0.010036735764891105
6,1.0282022356986715,0.7999868800839675,0.010036735764891105
6,1.0282022356986857,0.7999868800839675,0.010036735764891105
6,1.0282022356986928,0.7999868800839675,0.010036735764891105
6,1.0282022356986964,0.7999868800839675,0.010036735764891105
6,1.0282022356986982,0.7999868800839675,0.010036735764891105
6,1.028202235698699,0.7999868800839675,0.010036735764891105
6,1.0282022356986995,0.7999868800839675,0.010036735764891105
6,1.0282022356986997,0.7999868800839675,0.010036735764891105
6,2.0,0.9985349427097,0.5584710924516749
6,1.0,0.7648255051167673,0.007106621184291087
6,1.5,0.9848246304556985,0.1720239657132861
6,1.25,0.9446120878159713,0.0638502580250153
6,1.125,0.885572465669553,0.02757369019504942
6,1.0625,0.8357823843260737,0.014934837750371731
6,1.09375,0.8621752820781947,0.021297997026152368
6,1.078125,0.8490772325723782,0.017777486224088167
6,1.0859375,0.8555934575352051,0.019701740575526983
6,1.08984375,0.8586766378028514,0.02072946733140908
6,1.087890625,0.8569929152453424,0.020095338056503105
6,1.0888671875,0.8579113093676201,0.020510802064200123
6,1.08837890625,0.8576489110469693,0.020204670690107583
6,1.088134765625,0.8573646461995976,0.020160937636665793
6,1.0880126953125,0.8571897139858304,0.020117204583224
6,1.08795166015625,0.857080381352226,0.020117204583224
6,1.087982177734375,0.8571459809323887,0.020117204583224
6,1.0879669189453125,0.857102247878947,0.020117204583224
6,1.0879745483398438,0.8571241144056678,0.020117204583224
6,1.0879783630371094,0.8571459809323887,0.020117204583224
6,1.0879764556884766,0.8571459809323887,0.020117204583224
6,1.0879755020141602,0.8571241144056678,0.020117204583224
6,1.0879759788513184,0.8571241144056678,0.020117204583224
6,1.0879762172698975,0.8571241144056678,0.020117204583224
6,1.087976336479187,0.8571241144056678,0.020117204583224
6,1.0879763960838318,0.8571459809323887,0.020117204583224
6,1.0879763662815094,0.8571241144056678,0.020117204583224
6,1.0879763811826706,0.8571241144056678,0.020117204583224
6,1.0879763886332512,0.8571241144056678,0.020117204583224
6,1.0879763923585415,0.8571241144056678,0.020117204583224
6,1.0879763942211866,0.8571241144056678,0.020117204583224
6,1.0879763951525092,0.8571241144056678,0.020117204583224
6,1.0879763956181705,0.8571241144056678,0.020117204583224
6,1.0879763958510011,0.8571241144056678,0.020117204583224
6,1.0879763959674165,0.8571241144056678,0.020117204583224
6,1.0879763960256241,0.8571241144056678,0.020117204583224
6,1.087976396054728,0.8571241144056678,0.020117204583224
6,1.0879763960692799,0.8571241144056678,0.020117204583224
6,1.0879763960765558,0.8571241144056678,0.020117204583224
6,1.0879763960801938,0.8571241144056678,0.020117204583224
6,1.0879763960820128,0.8571241144056678,0.020117204583224
6,1.0879763960829223,0.8571241144056678,0.020117204583224
6,1.087976396083377,0.8571241144056678,0.020117204583224
6,1.0879763960836044,0.8571241144056678,0.020117204583224
6,1.087976396083718,0.8571241144056678,0.020117204583224
6,1.087976396083775,0.8571241144056678,0.020117204583224
6,1.0879763960838034,0.8571241144056678,0.020117204583224
6,1.0879763960838176,0.8571241144056678,0.020117204583224
6,1.0879763960838247,0.8571241144056678,0.020117204583224
6,1.0879763960838282,0.8571241144056678,0.020117204583224
6,1.08797639608383,0.8571241144056678,0.020117204583224
6,1.087976396083831,0.8571241144056678,0.020117204583224
6,1.0879763960838313,0.8571241144056678,0.020117204583224
6,1.0879763960838316,0.8571241144056678,0.020117204583224
6,2.0,0.9985349427097,0.5584710924516749
6,1.0,0.7648255051167673,0.007106621184291087
6,1.5,0.9848246304556985,0.1720239657132861
6,1.25,0.9446120878159713,0.0638502580250153
6,1.125,0.885572465669553,0.02757369019504942
6,1.1875,0.9213023703314965,0.0447607801976734
6,1.15625,0.9043558121228024,0.03546750634129275
6,1.140625,0.8955873349077232,0.03150966500481064
6,1.1328125,0.8903612350214292,0.02947607801976734
6,1.12890625,0.8881308492958978,0.028645150004373305
6,1.130859375,0.889355374792268,0.029082480538791217
6,1.1298828125,0.8886993789906411,0.028885681798303156
6,1.13037109375,0.8891148429983381,0.028995014431907634
6,1.130126953125,0.8888961777311292,0.028907548325024054
6,1.1300048828125,0.8888305781509666,0.028885681798303156
6,1.13006591796875,0.8888305781509666,0.028907548325024054
6,1.130096435546875,0.8888524446776874,0.028907548325024054
6,1.1301116943359375,0.8888961777311292,0.028907548325024054
6,1.1301040649414062,0.8888743112044083,0.028907548325024054
6,1.1301078796386719,0.8888743112044083,0.028907548325024054
6,1.1301097869873047,0.8888961777311292,0.028907548325024054
6,1.1301088333129883,0.8888743112044083,0.028907548325024054
6,1.1301093101501465,0.8888961777311292,0.028907548325024054
6,1.1301090717315674,0.8888743112044083,0.028907548325024054
6,1.130109190940857,0.8888961777311292,0.028907548325024054
6,1.1301091313362122,0.8888743112044083,0.028907548325024054
6,1.1301091611385345,0.8888961777311292,0.028907548325024054
6,1.1301091462373734,0.8888961777311292,0.028907548325024054
6,1.1301091387867928,0.8888961777311292,0.028907548325024054
6,1.1301091350615025,0.8888961777311292,0.028907548325024054
6,1.1301091331988573,0.8888961777311292,0.028907548325024054
6,1.1301091322675347,0.8888961777311292,0.028907548325024054
6,1.1301091318018734,0.8888961777311292,0.028907548325024054
6,1.1301091315690428,0.8888961777311292,0.028907548325024054
6,1.1301091314526275,0.8888961777311292,0.028907548325024054
6,1.1301091313944198,0.8888961777311292,0.028907548325024054
6,1.130109131365316,0.8888961777311292,0.028907548325024054
6,1.130109131350764,0.8888961777311292,0.028907548325024054
6,1.1301091313434881,0.8888961777311292,0.028907548325024054
6,1.1301091313398501,0.8888961777311292,0.028907548325024054
6,1.1301091313380311,0.8888961777311292,0.028907548325024054
6,1.1301091313371217,0.8888961777311292,0.028907548325024054
6,1.130109131336667,0.8888961777311292,0.028907548325024054
6,1.1301091313364395,0.8888961777311292,0.028907548325024054
6,1.1301091313363258,0.8888961777311292,0.028907548325024054
6,1.130109131336269,0.8888961777311292,0.028907548325024054
6,1.1301091313362406,0.8888961777311292,0.028907548325024054
6,1.1301091313362264,0.8888961777311292,0.028907548325024054
6,1.1301091313362193,0.8888961777311292,0.028907548325024054
6,1.1301091313362157,0.8888961777311292,0.028907548325024054
6,1.130109131336214,0.8888961777311292,0.028907548325024054
6,1.130109131336213,0.8888961777311292,0.028907548325024054
6,1.1301091313362126,0.8888961777311292,0.028907548325024054
6,1.1301091313362124,0.8888961777311292,0.028907548325024054
6,2.0,0.9985349427097,0.5584710924516749
6,1.0,0.7648255051167673,0.007106621184291087
6,1.5,0.9848246304556985,0.1720239657132861
6,1.25,0.9446120878159713,0.0638502580250153
6,1.125,0.885572465669553,0.02757369019504942
6,1.1875,0.9213023703314965,0.0447607801976734
6,1.15625,0.9043558121228024,0.03546750634129275
6,1.171875,0.9128400244905099,0.039818945158750986
6,1.1640625,0.9088384501005861,0.03750109332633605
6,1.16796875,0.9106533718184203,0.038900551036473364
6,1.166015625,0.9096256450625383,0.038113356074521126
6,1.1650390625,0.909253914108283,0.03782909122714948
6,1.16455078125,0.9090133823143531,0.037654159013382316
6,1.164794921875,0.9091008484212367,0.037697892066824105
6,1.1646728515625,0.909057115367795,0.03767602554010321
6,1.16473388671875,0.9090789818945159,0.03767602554010321
6,1.164764404296875,0.9091008484212367,0.037697892066824105
6,1.1647491455078125,0.9090789818945159,0.037697892066824105
6,1.1647567749023438,0.9091008484212367,0.037697892066824105
6,1.1647529602050781,0.9090789818945159,0.037697892066824105
6,1.164754867553711,0.9090789818945159,0.037697892066824105
6,1.1647558212280273,0.9090789818945159,0.037697892066824105
6,1.1647562980651855,0.9090789818945159,0.037697892066824105
6,1.1647565364837646,0.9091008484212367,0.037697892066824105
6,1.164756417274475,0.9091008484212367,0.037697892066824105
6,1.1647563576698303,0.9090789818945159,0.037697892066824105
6,1.1647563874721527,0.9091008484212367,0.037697892066824105
6,1.1647563725709915,0.9091008484212367,0.037697892066824105
6,1.164756365120411,0.9091008484212367,0.037697892066824105
6,1.1647563613951206,0.9091008484212367,0.037697892066824105
6,1.1647563595324755,0.9091008484212367,0.037697892066824105
6,1.164756358601153,0.9091008484212367,0.037697892066824105
6,1.1647563581354916,0.9091008484212367,0.037697892066824105
6,1.164756357902661,0.9091008484212367,0.037697892066824105
6,1.1647563577862456,0.9091008484212367,0.037697892066824105
6,1.164756357728038,0.9091008484212367,0.037697892066824105
6,1.1647563576989342,0.9091008484212367,0.037697892066824105
6,1.1647563576843822,0.9091008484212367,0.037697892066824105
6,1.1647563576771063,0.9091008484212367,0.037697892066824105
6,1.1647563576734683,0.9091008484212367,0.037697892066824105
6,1.1647563576716493,0.9091008484212367,0.037697892066824105
6,1.1647563576707398,0.9091008484212367,0.037697892066824105
6,1.164756357670285,0.9091008484212367,0.037697892066824105
6,1.1647563576700577,0.9091008484212367,0.037697892066824105
6,1.164756357669944,0.9091008484212367,0.037697892066824105
6,1.1647563576698872,0.9091008484212367,0.037697892066824105
6,1.1647563576698587,0.9091008484212367,0.037697892066824105
6,1.1647563576698445,0.9091008484212367,0.037697892066824105
6,1.1647563576698374,0.9091008484212367,0.037697892066824105
6,1.1647563576698339,0.9091008484212367,0.037697892066824105
6,1.164756357669832,0.9091008484212367,0.037697892066824105
6,1.1647563576698312,0.9091008484212367,0.037697892066824105
6,1.1647563576698308,0.9091008484212367,0.037697892066824105
6,1.1647563576698305,0.9091008484212367,0.037697892066824105
6,2.0,0.9985349427097,0.5584710924516749
6,3.0,0.9999344004198373,0.9724263098049506
6,3.5,1.0,0.9952330971748448
6,3.75,1.0,0.9982506778623284
6,3.875,1.0,0.9990378728242806
6,3.9375,1.0,0.999365870725094
6,3.96875,1.0,0.9994096037785358
6,3.984375,1.0,0.9994314703052567
6,3.9921875,1.0,0.9994314703052567
6,3.99609375,1.0,0.9994314703052567
6,3.998046875,1.0,0.9994314703052567
6,3.9990234375,1.0,0.9994314703052567
6,3.99951171875,1.0,0.9994314703052567
6,3.999755859375,1.0,0.9994314703052567
6,3.9998779296875,1.0,0.9994314703052567
6,3.99993896484375,1.0,0.9994314703052567
6,3.999969482421875,1.0,0.9994314703052567
6,3.9999847412109375,1.0,0.9994314703052567
6,3.9999923706054688,1.0,0.9994314703052567
6,3.9999961853027344,1.0,0.9994314703052567
6,3.999998092651367,1.0,0.9994314703052567
6,3.9999990463256836,1.0,0.9994314703052567
6,3.999999523162842,1.0,0.9994314703052567
6,3.999999761581421,1.0,0.9994314703052567
6,3.9999998807907104,1.0,0.9994314703052567
6,3.9999999403953552,1.0,0.9994314703052567
6,3.9999999701976776,1.0,0.9994314703052567
6,3.999999985098839,1.0,0.9994314703052567
6,3.9999999925494194,1.0,0.9994314703052567
6,3.9999999962747097,1.0,0.9994314703052567
6,3.999999998137355,1.0,0.9994314703052567
6,3.9999999990686774,1.0,0.9994314703052567
6,3.9999999995343387,1.0,0.9994314703052567
6,3.9999999997671694,1.0,0.9994314703052567
6,3.9999999998835847,1.0,0.9994314703052567
6,3.9999999999417923,1.0,0.9994314703052567
6,3.999999999970896,1.0,0.9994314703052567
6,3.999999999985448,1.0,0.9994314703052567
6,3.999999999992724,1.0,0.9994314703052567
6,3.999999999996362,1.0,0.9994314703052567
6,3.999999999998181,1.0,0.9994314703052567
6,3.9999999999990905,1.0,0.9994314703052567
6,3.9999999999995453,1.0,0.9994314703052567
6,3.9999999999997726,1.0,0.9994314703052567
6,3.9999999999998863,1.0,0.9994314703052567
6,3.999999999999943,1.0,0.9994314703052567
6,3.9999999999999716,1.0,0.9994314703052567
6,3.999999999999986,1.0,0.9994314703052567
6,3.999999999999993,1.0,0.9994314703052567
6,3.9999999999999964,1.0,0.9994314703052567
6,3.9999999999999982,1.0,0.9994314703052567
6,3.999999999999999,1.0,0.9994314703052567
6,3.9999999999999996,1.0,0.9994314703052567
6,4.0,1.0,0.9994314703052567
7,2.0,0.9982456140350877,0.5566223250433777
7,1.0,0.7630614999036052,0.007904376325428958
7,0.5,0.018122228648544438,0.0
7,0.75,0.30148448043184883,0.0
7,0.875,0.5596491228070175,0.000963948332369385
7,0.8125,0.4305378831694621,0.0001735106998264893
7,0.84375,0.4962020435704646,0.0004434162328899171
7,0.859375,0.5274339695392327,0.0007133217659533449
7,0.8515625,0.5114131482552535,0.0006554848660111818
7,0.84765625,0.5040678619625988,0.0005205320994794679
7,0.845703125,0.5002120686331213,0.0004626951995373048
7,0.8447265625,0.49809138230190864,0.0004434162328899171
7,0.84521484375,0.49895893580104106,0.0004434162328899171
7,0.845458984375,0.499652978600347,0.0004626951995373048
7,0.8455810546875,0.4999036051667631,0.0004626951995373048
7,0.84564208984375,0.5001349527665317,0.0004626951995373048
7,0.845611572265625,0.4999807210333526,0.0004626951995373048
7,0.8456268310546875,0.5000771158665895,0.0004626951995373048
7,0.8456192016601562,0.5,0.0004626951995373048
7,0.8456230163574219,0.5000385579332948,0.0004626951995373048
7,0.8456211090087891,0.5000385579332948,0.0004626951995373048
7,0.8456201553344727,0.5000385579332948,0.0004626951995373048
7,0.8456196784973145,0.5000192789666474,0.0004626951995373048
7,0.8456194400787354,0.5,0.0004626951995373048
7,0.8456195592880249,0.5000192789666474,0.0004626951995373048
7,0.8456194996833801,0.5,0.0004626951995373048
7,0.8456195294857025,0.5000192789666474,0.0004626951995373048
7,0.8456195145845413,0.5,0.0004626951995373048
7,0.8456195220351219,0.5,0.0004626951995373048
7,0.8456195257604122,0.5,0.0004626951995373048
7,0.8456195276230574,0.5,0.0004626951995373048
7,0.8456195285543799,0.5,0.0004626951995373048
7,0.8456195290200412,0.5,0.0004626951995373048
7,0.8456195292528719,0.5,0.0004626951995373048
7,0.8456195293692872,0.5,0.0004626951995373048
7,0.8456195294274949,0.5,0.0004626951995373048
7,0.8456195294565987,0.5,0.0004626951995373048
7,0.8456195294711506,0.5,0.0004626951995373048
7,0.8456195294784266,0.5,0.0004626951995373048
7,0.8456195294820645,0.5,0.0004626951995373048
7,0.8456195294838835,0.5,0.0004626951995373048
7,0.845619529484793,0.5,0.0004626951995373048
7,0.8456195294852478,0.5,0.0004626951995373048
7,0.8456195294854751,0.5,0.0004626951995373048
7,0.8456195294855888,0.5,0.0004626951995373048
7,0.8456195294856457,0.5,0.0004626951995373048
7,0.8456195294856741,0.5,0.0004626951995373048
7,0.8456195294856883,0.5,0.0004626951995373048
7,0.8456195294856954,0.5,0.0004626951995373048
7,0.845619529485699,0.5,0.0004626951995373048
7,0.8456195294857007,0.5,0.0004626951995373048
7,0.8456195294857016,0.5,0.0004626951995373048
7,0.8456195294857021,0.5,0.0004626951995373048
7,0.8456195294857023,0.5,0.0004626951995373048
7,0.8456195294857024,0.5,0.0004626951995373048
7,2.0,0.9982456140350877,0.5566223250433777
7,1.0,0.7630614999036052,0.007904376325428958
7,0.5,0.018122228648544438,0.0
7,0.75,0.30148448043184883,0.0
7,0.875,0.5596491228070175,0.000963948332369385
7,0.9375,0.6690572585309428,0.0030075187969924814
7,0.90625,0.6179679969153653,0.0017736649315596685
7,0.921875,0.6434547908232119,0.002255639097744361
7,0.9296875,0.6560825139772508,0.002583381530749952
7,0.93359375,0.6627337574705996,0.0027376132639290534
7,0.935546875,0.6660882976672451,0.002872566030460767
7,0.9365234375,0.6676691729323309,0.0029304029304029304
7,0.93603515625,0.6669172932330827,0.002891844997108155
7,0.935791015625,0.6664738770001928,0.002872566030460767
7,0.9359130859375,0.6666666666666666,0.002891844997108155
7,0.93597412109375,0.6667823404665509,0.002891844997108155
7,0.935943603515625,0.6667052245999614,0.002891844997108155
7,0.9359283447265625,0.6666859456333141,0.002891844997108155
7,0.9359207153320312,0.6666859456333141,0.002891844997108155
7,0.9359169006347656,0.6666859456333141,0.002891844997108155
7,0.9359149932861328,0.6666859456333141,0.002891844997108155
7,0.9359140396118164,0.6666859456333141,0.002891844997108155
7,0.9359135627746582,0.6666666666666666,0.002891844997108155
7,0.9359138011932373,0.6666666666666666,0.002891844997108155
7,0.9359139204025269,0.6666859456333141,0.002891844997108155
7,0.9359138607978821,0.6666666666666666,0.002891844997108155
7,0.9359138906002045,0.6666859456333141,0.002891844997108155
7,0.9359138756990433,0.6666666666666666,0.002891844997108155
7,0.9359138831496239,0.6666666666666666,0.002891844997108155
7,0.9359138868749142,0.6666666666666666,0.002891844997108155
7,0.9359138887375593,0.6666666666666666,0.002891844997108155
7,0.9359138896688819,0.6666666666666666,0.002891844997108155
7,0.9359138901345432,0.6666666666666666,0.002891844997108155
7,0.9359138903673738,0.6666666666666666,0.002891844997108155
7,0.9359138904837891,0.6666666666666666,0.002891844997108155
7,0.9359138905419968,0.6666666666666666,0.002891844997108155
7,0.9359138905711006,0.6666666666666666,0.002891844997108155
7,0.9359138905856526,0.6666666666666666,0.002891844997108155
7,0.9359138905929285,0.6666666666666666,0.002891844997108155
7,0.9359138905965665,0.6666666666666666,0.002891844997108155
7,0.9359138905983855,0.6666666666666666,0.002891844997108155
7,0.935913890599295,0.6666666666666666,0.002891844997108155
7,0.9359138905997497,0.6666666666666666,0.002891844997108155
7,0.9359138905999771,0.6666666666666666,0.002891844997108155
7,0.9359138906000908,0.6666666666666666,0.002891844997108155
7,0.9359138906001476,0.6666666666666666,0.002891844997108155
7,0.935913890600176,0.6666666666666666,0.002891844997108155
7,0.9359138906001903,0.6666666666666666,0.002891844997108155
7,0.9359138906001974,0.6666666666666666,0.002891844997108155
7,0.9359138906002009,0.6666666666666666,0.002891844997108155
7,0.9359138906002027,0.6666666666666666,0.002891844997108155
7,0.9359138906002036,0.6666666666666666,0.002891844997108155
7,0.935913890600204,0.6666666666666666,0.002891844997108155
7,0.9359138906002042,0.6666666666666666,0.002891844997108155
7,0.9359138906002044,0.6666666666666666,0.002891844997108155
7,2.0,0.9982456140350877,0.5566223250433777
7,1.0,0.7630614999036052,0.007904376325428958
7,1.5,0.9854058222479275,0.16653171390013496
7,1.25,0.9460188933873145,0.06516290726817042
7,1.125,0.8850780798149219,0.03076923076923077
7,1.0625,0.8345671871987661,0.01765953344900713
7,1.03125,0.801542317331791,0.011972238288027761
7,1.015625,0.7832658569500675,0.00989010989010989
7,1.0234375,0.7926932716406401,0.01098901098901099
7,1.02734375,0.7971274339695392,0.011393869288606131
7,1.029296875,0.7994601889338732,0.011779448621553884
7,1.0302734375,0.800347021399653,0.011875843454790824
7,1.02978515625,0.7997879313668788,0.011798727588201273
7,1.030029296875,0.8000771158665896,0.011856564488143435
7,1.0299072265625,0.7999036051667631,0.011837285521496047
7,1.02996826171875,0.8,0.011856564488143435
7,1.029998779296875,0.8000578368999421,0.011856564488143435
7,1.0299835205078125,0.8000385579332948,0.011856564488143435
7,1.0299758911132812,0.8,0.011856564488143435
7,1.0299797058105469,0.8000192789666474,0.011856564488143435
7,1.029977798461914,0.8,0.011856564488143435
7,1.0299787521362305,0.8,0.011856564488143435
7,1.0299792289733887,0.8000192789666474,0.011856564488143435
7,1.0299789905548096,0.8,0.011856564488143435
7,1.0299791097640991,0.8000192789666474,0.011856564488143435
7,1.0299790501594543,0.8,0.011856564488143435
7,1.0299790799617767,0.8000192789666474,0.011856564488143435
7,1.0299790650606155,0.8000192789666474,0.011856564488143435
7,1.029979057610035,0.8000192789666474,0.011856564488143435
7,1.0299790538847446,0.8000192789666474,0.011856564488143435
7,1.0299790520220995,0.8000192789666474,0.011856564488143435
7,1.029979051090777,0.8000192789666474,0.011856564488143435
7,1.0299790506251156,0.8000192789666474,0.011856564488143435
7,1.029979050392285,0.8000192789666474,0.011856564488143435
7,1.0299790502758697,0.8000192789666474,0.011856564488143435
7,1.029979050217662,0.8000192789666474,0.011856564488143435
7,1.0299790501885582,0.8000192789666474,0.011856564488143435
7,1.0299790501740063,0.8000192789666474,0.011856564488143435
7,1.0299790501667303,0.8000192789666474,0.011856564488143435
7,1.0299790501630923,0.8000192789666474,0.011856564488143435
7,1.0299790501612733,0.8000192789666474,0.011856564488143435
7,1.0299790501603638,0.8000192789666474,0.011856564488143435
7,1.029979050159909,0.8000192789666474,0.011856564488143435
7,1.0299790501596817,0.8000192789666474,0.011856564488143435
7,1.029979050159568,0.8000192789666474,0.011856564488143435
7,1.0299790501595112,0.8000192789666474,0.011856564488143435
7,1.0299790501594828,0.8000192789666474,0.011856564488143435
7,1.0299790501594686,0.8000192789666474,0.011856564488143435
7,1.0299790501594615,0.8000192789666474,0.011856564488143435
7,1.029979050159458,0.8000192789666474,0.011856564488143435
7,1.0299790501594561,0.8000192789666474,0.011856564488143435
7,1.0299790501594552,0.8000192789666474,0.011856564488143435
7,1.0299790501594548,0.8000192789666474,0.011856564488143435
7,1.0299790501594546,0.8000192789666474,0.011856564488143435
7,2.0,0.9982456140350877,0.5566223250433777
7,1.0,0.7630614999036052,0.007904376325428958
7,1.5,0.9854058222479275,0.16653171390013496
7,1.25,0.9460188933873145,0.06516290726817042
7,1.125,0.8850780798149219,0.03076923076923077
7,1.0625,0.8345671871987661,0.01765953344900713
7,1.09375,0.8621939464044727,0.02390591864276075
7,1.078125,0.8490842490842491,0.02078272604588394
7,1.0859375,0.8560632350106034,0.022402159244264506
7,1.08984375,0.8593792172739542,0.023096202043570463
7,1.087890625,0.8576633892423366,0.022749180643917486
7,1.0869140625,0.8567572778099094,0.022556390977443608
7,1.08740234375,0.8572006940427993,0.02265278581068055
7,1.087158203125,0.856988625409678,0.022614227877385772
7,1.0872802734375,0.8571235781762098,0.02263350684403316
7,1.08734130859375,0.8571621361095045,0.02263350684403316
7,1.087310791015625,0.8571621361095045,0.02263350684403316
7,1.0872955322265625,0.8571428571428571,0.02263350684403316
7,1.0873031616210938,0.8571621361095045,0.02263350684403316
7,1.0872993469238281,0.8571621361095045,0.02263350684403316
7,1.0872974395751953,0.8571428571428571,0.02263350684403316
7,1.0872983932495117,0.8571621361095045,0.02263350684403316
7,1.0872979164123535,0.8571621361095045,0.02263350684403316
7,1.0872976779937744,0.8571428571428571,0.02263350684403316
7,1.087297797203064,0.8571428571428571,0.02263350684403316
7,1.0872978568077087,0.8571621361095045,0.02263350684403316
7,1.0872978270053864,0.8571428571428571,0.02263350684403316
7,1.0872978419065475,0.8571428571428571,0.02263350684403316
7,1.0872978493571281,0.8571428571428571,0.02263350684403316
7,1.0872978530824184,0.8571428571428571,0.02263350684403316
7,1.0872978549450636,0.8571428571428571,0.02263350684403316
7,1.0872978558763862,0.8571428571428571,0.02263350684403316
7,1.0872978563420475,0.8571428571428571,0.02263350684403316
7,1.087297856574878,0.8571428571428571,0.02263350684403316
7,1.0872978566912934,0.8571428571428571,0.02263350684403316
7,1.087297856749501,0.8571428571428571,0.02263350684403316
7,1.087297856778605,0.8571428571428571,0.02263350684403316
7,1.0872978567931568,0.8571428571428571,0.02263350684403316
7,1.0872978568004328,0.8571428571428571,0.02263350684403316
7,1.0872978568040708,0.8571428571428571,0.02263350684403316
7,1.0872978568058898,0.8571428571428571,0.02263350684403316
7,1.0872978568067992,0.8571428571428571,0.02263350684403316
7,1.087297856807254,0.8571428571428571,0.02263350684403316
7,1.0872978568074814,0.8571428571428571,0.02263350684403316
7,1.087297856807595,0.8571428571428571,0.02263350684403316
7,1.087297856807652,0.8571428571428571,0.02263350684403316
7,1.0872978568076803,0.8571428571428571,0.02263350684403316
7,1.0872978568076945,0.8571428571428571,0.02263350684403316
7,1.0872978568077016,0.8571428571428571,0.02263350684403316
7,1.0872978568077052,0.8571428571428571,0.02263350684403316
7,1.087297856807707,0.8571428571428571,0.02263350684403316
7,1.0872978568077079,0.8571428571428571,0.02263350684403316
7,1.0872978568077083,0.8571428571428571,0.02263350684403316
7,1.0872978568077085,0.8571428571428571,0.02263350684403316
7,2.0,0.9982456140350877,0.5566223250433777
7,1.0,0.7630614999036052,0.007904376325428958
7,1.5,0.9854058222479275,0.16653171390013496
7,1.25,0.9460188933873145,0.06516290726817042
7,1.125,0.8850780798149219,0.03076923076923077
7,1.1875,0.9217081164449585,0.0465587044534413
7,1.15625,0.9045498361287835,0.03850009639483324
7,1.140625,0.8955851166377482,0.03458646616541353
7,1.1328125,0.8907075380759591,0.03273568536726432
7,1.12890625,0.8879699248120301,0.03179101600154232
7,1.130859375,0.8893387314439946,0.032215153267784846
7,1.1298828125,0.888663967611336,0.03206092153460575
7,1.13037109375,0.8889145941777521,0.032157316367842685
7,1.130126953125,0.8888374783111626,0.03211875843454791
7,1.1302490234375,0.8888953152111047,0.032138037401195294
7,1.13018798828125,0.8888567572778099,0.032138037401195294
7,1.130218505859375,0.8888760362444573,0.032138037401195294
7,1.1302337646484375,0.8888760362444573,0.032138037401195294
7,1.1302413940429688,0.8888760362444573,0.032138037401195294
7,1.1302452087402344,0.8888760362444573,0.032138037401195294
7,1.1302471160888672,0.8888953152111047,0.032138037401195294
7,1.1302461624145508,0.8888760362444573,0.032138037401195294
7,1.130246639251709,0.8888760362444573,0.032138037401195294
7,1.130246877670288,0.8888953152111047,0.032138037401195294
7,1.1302467584609985,0.8888953152111047,0.032138037401195294
7,1.1302466988563538,0.8888760362444573,0.032138037401195294
7,1.1302467286586761,0.8888953152111047,0.032138037401195294
7,1.130246713757515,0.8888953152111047,0.032138037401195294
7,1.1302467063069344,0.8888953152111047,0.032138037401195294
7,1.130246702581644,0.8888953152111047,0.032138037401195294
7,1.130246700718999,0.8888953152111047,0.032138037401195294
7,1.1302466997876763,0.8888953152111047,0.032138037401195294
7,1.130246699322015,0.8888953152111047,0.032138037401195294
7,1.1302466990891844,0.8888953152111047,0.032138037401195294
7,1.130246698972769,0.8888953152111047,0.032138037401195294
7,1.1302466989145614,0.8888953152111047,0.032138037401195294
7,1.1302466988854576,0.8888953152111047,0.032138037401195294
7,1.1302466988709057,0.8888953152111047,0.032138037401195294
7,1.1302466988636297,0.8888953152111047,0.032138037401195294
7,1.1302466988599917,0.8888953152111047,0.032138037401195294
7,1.1302466988581727,0.8888953152111047,0.032138037401195294
7,1.1302466988572633,0.8888953152111047,0.032138037401195294
7,1.1302466988568085,0.8888953152111047,0.032138037401195294
7,1.1302466988565811,0.8888953152111047,0.032138037401195294
7,1.1302466988564674,0.8888953152111047,0.032138037401195294
7,1.1302466988564106,0.8888953152111047,0.032138037401195294
7,1.1302466988563822,0.8888953152111047,0.032138037401195294
7,1.130246698856368,0.8888953152111047,0.032138037401195294
7,1.1302466988563609,0.8888953152111047,0.032138037401195294
7,1.1302466988563573,0.8888953152111047,0.032138037401195294
7,1.1302466988563555,0.8888953152111047,0.032138037401195294
7,1.1302466988563546,0.8888953152111047,0.032138037401195294
7,1.1302466988563542,0.8888953152111047,0.032138037401195294
7,1.130246698856354,0.8888953152111047,0.032138037401195294
7,2.0,0.9982456140350877,0.5566223250433777
7,1.0,0.7630614999036052,0.007904376325428958
7,1.5,0.9854058222479275,0.16653171390013496
7,1.25,0.9460188933873145,0.06516290726817042
7,1.125,0.8850780798149219,0.03076923076923077
7,1.1875,0.9217081164449585,0.0465587044534413
7,1.15625,0.9045498361287835,0.03850009639483324
7,1.171875,0.9132446500867554,0.042780026990553305
7,1.1640625,0.9087719298245615,0.04073645652593021
7,1.16796875,0.9108926161557741,0.04173896279159437
7,1.166015625,0.9098129940235203,0.04116059379217274
7,1.1650390625,0.9092153460574514,0.04094852515905147
7,1.16455078125,0.9089454405243879,0.04087140929246193
7,1.164794921875,0.9090611143242722,0.040909967225756697
7,1.1649169921875,0.9091382301908618,0.04092924619240409
7,1.16485595703125,0.909099672257567,0.04092924619240409
7,1.164825439453125,0.9090803932909196,0.04092924619240409
7,1.1648406982421875,0.9090803932909196,0.04092924619240409
7,1.1648483276367188,0.9090803932909196,0.04092924619240409
7,1.1648521423339844,0.9090803932909196,0.04092924619240409
7,1.1648540496826172,0.909099672257567,0.04092924619240409
7,1.1648530960083008,0.9090803932909196,0.04092924619240409
7,1.164853572845459,0.9090803932909196,0.04092924619240409
7,1.164853811264038,0.909099672257567,0.04092924619240409
7,1.1648536920547485,0.9090803932909196,0.04092924619240409
7,1.1648537516593933,0.909099672257567,0.04092924619240409
7,1.164853721857071,0.9090803932909196,0.04092924619240409
7,1.1648537367582321,0.9090803932909196,0.04092924619240409
7,1.1648537442088127,0.9090803932909196,0.04092924619240409
7,1.164853747934103,0.9090803932909196,0.04092924619240409
7,1.1648537497967482,0.9090803932909196,0.04092924619240409
7,1.1648537507280707,0.9090803932909196,0.04092924619240409
7,1.164853751193732,0.9090803932909196,0.04092924619240409
7,1.1648537514265627,0.9090803932909196,0.04092924619240409
7,1.164853751542978,0.9090803932909196,0.04092924619240409
7,1.1648537516011856,0.9090803932909196,0.04092924619240409
7,1.1648537516302895,0.9090803932909196,0.04092924619240409
7,1.1648537516448414,0.9090803932909196,0.04092924619240409
7,1.1648537516521174,0.9090803932909196,0.04092924619240409
7,1.1648537516557553,0.9090803932909196,0.04092924619240409
7,1.1648537516575743,0.9090803932909196,0.04092924619240409
7,1.1648537516584838,0.9090803932909196,0.04092924619240409
7,1.1648537516589386,0.9090803932909196,0.04092924619240409
7,1.164853751659166,0.9090803932909196,0.04092924619240409
7,1.1648537516592796,0.9090803932909196,0.04092924619240409
7,1.1648537516593365,0.9090803932909196,0.04092924619240409
7,1.1648537516593649,0.9090803932909196,0.04092924619240409
7,1.164853751659379,0.9090803932909196,0.04092924619240409
7,1.1648537516593862,0.9090803932909196,0.04092924619240409
7,1.1648537516593898,0.9090803932909196,0.04092924619240409
7,1.1648537516593915,0.9090803932909196,0.04092924619240409
7,1.1648537516593924,0.9090803932909196,0.04092924619240409
7,1.1648537516593929,0.9090803932909196,0.04092924619240409
7,1.164853751659393,0.9090803932909196,0.04092924619240409
7,2.0,0.9982456140350877,0.5566223250433777
7,3.0,0.9999807210333526,0.9743975322922691
7,3.5,1.0,0.994929631771737
7,3.75,1.0,0.9977058029689608
7,3.875,1.0,0.998457682668209
7,3.9375,1.0,0.9986311933680355
7,3.96875,1.0,0.9987275882012724
7,3.984375,1.0,0.9988047040678619
7,3.9921875,1.0,0.9988239830345094
7,3.99609375,1.0,0.9988239830345094
7,3.998046875,1.0,0.9988625409678041
7,3.9990234375,1.0,0.9988625409678041
7,3.99951171875,1.0,0.9988625409678041
7,3.999755859375,1.0,0.9988625409678041
7,3.9998779296875,1.0,0.9988625409678041
7,3.99993896484375,1.0,0.9988625409678041
7,3.999969482421875,1.0,0.9988625409678041
7,3.9999847412109375,1.0,0.9988625409678041
7,3.9999923706054688,1.0,0.9988625409678041
7,3.9999961853027344,1.0,0.9988625409678041
7,3.999998092651367,1.0,0.9988625409678041
7,3.9999990463256836,1.0,0.9988625409678041
7,3.999999523162842,1.0,0.9988625409678041
7,3.999999761581421,1.0,0.9988625409678041
7,3.9999998807907104,1.0,0.9988625409678041
7,3.9999999403953552,1.0,0.9988625409678041
7,3.9999999701976776,1.0,0.9988625409678041
7,3.999999985098839,1.0,0.9988625409678041
7,3.9999999925494194,1.0,0.9988625409678041
7,3.9999999962747097,1.0,0.9988625409678041
7,3.999999998137355,1.0,0.9988625409678041
7,3.9999999990686774,1.0,0.9988625409678041
7,3.9999999995343387,1.0,0.9988625409678041
7,3.9999999997671694,1.0,0.9988625409678041
7,3.9999999998835847,1.0,0.9988625409678041
7,3.9999999999417923,1.0,0.9988625409678041
7,3.999999999970896,1.0,0.9988625409678041
7,3.999999999985448,1.0,0.9988625409678041
7,3.999999999992724,1.0,0.9988625409678041
7,3.999999999996362,1.0,0.9988625409678041
7,3.999999999998181,1.0,0.9988625409678041
7,3.9999999999990905,1.0,0.9988625409678041
7,3.9999999999995453,1.0,0.9988625409678041
7,3.9999999999997726,1.0,0.9988625409678041
7,3.9999999999998863,1.0,0.9988625409678041
7,3.999999999999943,1.0,0.9988625409678041
7,3.9999999999999716,1.0,0.9988625409678041
7,3.999999999999986,1.0,0.9988625409678041
7,3.999999999999993,1.0,0.9988625409678041
7,3.9999999999999964,1.0,0.9988625409678041
7,3.9999999999999982,1.0,0.9988625409678041
7,3.999999999999999,1.0,0.9988625409678041
7,3.9999999999999996,1.0,0.9988625409678041
7,4.0,1.0,0.9988625409678041
8,2.0,0.9985145778637557,0.5593823407489291
8,1.0,0.7690341301644328,0.008515268757772558
8,0.5,0.01863686610473953,0.0
8,0.75,0.3081214591681636,0.0001727235042144535
8,0.875,0.5627677214315324,0.0010017963244438304
8,0.8125,0.43496960066325824,0.000345447008428907
8,0.84375,0.4999654552991571,0.0006390769655934779
8,0.859375,0.5316947630233522,0.00074271106812215
8,0.8515625,0.5165123670029017,0.0006390769655934779
8,0.84765625,0.5082734558518723,0.0006390769655934779
8,0.845703125,0.5042144535028327,0.0006390769655934779
8,0.8447265625,0.5020554097001519,0.0006390769655934779
8,0.84423828125,0.5010363410252867,0.0006390769655934779
8,0.843994140625,0.5005699875639077,0.0006390769655934779
8,0.8438720703125,0.5002245405554788,0.0006390769655934779
8,0.84381103515625,0.5001899958546359,0.0006390769655934779
8,0.843780517578125,0.5001036341025287,0.0006390769655934779
8,0.8437652587890625,0.5000172723504215,0.0006390769655934779
8,0.8437576293945312,0.5,0.0006390769655934779
8,0.8437614440917969,0.5,0.0006390769655934779
8,0.8437633514404297,0.5,0.0006390769655934779
8,0.8437643051147461,0.5000172723504215,0.0006390769655934779
8,0.8437638282775879,0.5000172723504215,0.0006390769655934779
8,0.8437635898590088,0.5,0.0006390769655934779
8,0.8437637090682983,0.5000172723504215,0.0006390769655934779
8,0.8437636494636536,0.5000172723504215,0.0006390769655934779
8,0.8437636196613312,0.5,0.0006390769655934779
8,0.8437636345624924,0.5000172723504215,0.0006390769655934779
8,0.8437636271119118,0.5000172723504215,0.0006390769655934779
8,0.8437636233866215,0.5000172723504215,0.0006390769655934779
8,0.8437636215239763,0.5000172723504215,0.0006390769655934779
8,0.8437636205926538,0.5000172723504215,0.0006390769655934779
8,0.8437636201269925,0.5000172723504215,0.0006390769655934779
8,0.8437636198941618,0.5000172723504215,0.0006390769655934779
8,0.8437636197777465,0.5000172723504215,0.0006390769655934779
8,0.8437636197195388,0.5000172723504215,0.0006390769655934779
8,0.843763619690435,0.5000172723504215,0.0006390769655934779
8,0.8437636196758831,0.5000172723504215,0.0006390769655934779
8,0.8437636196686071,0.5000172723504215,0.0006390769655934779
8,0.8437636196649692,0.5000172723504215,0.0006390769655934779
8,0.8437636196631502,0.5000172723504215,0.0006390769655934779
8,0.8437636196622407,0.5000172723504215,0.0006390769655934779
8,0.8437636196617859,0.5000172723504215,0.0006390769655934779
8,0.8437636196615586,0.5000172723504215,0.0006390769655934779
8,0.8437636196614449,0.5000172723504215,0.0006390769655934779
8,0.843763619661388,0.5000172723504215,0.0006390769655934779
8,0.8437636196613596,0.5000172723504215,0.0006390769655934779
8,0.8437636196613454,0.5000172723504215,0.0006390769655934779
8,0.8437636196613383,0.5000172723504215,0.0006390769655934779
8,0.8437636196613347,0.5000172723504215,0.0006390769655934779
8,0.843763619661333,0.5000172723504215,0.0006390769655934779
8,0.8437636196613321,0.5000172723504215,0.0006390769655934779
8,0.8437636196613316,0.5000172723504215,0.0006390769655934779
8,0.8437636196613314,0.5000172723504215,0.0006390769655934779
8,0.8437636196613313,0.5000172723504215,0.0006390769655934779
8,2.0,0.9985145778637557,0.5593823407489291
8,1.0,0.7690341301644328,0.008515268757772558
8,0.5,0.01863686610473953,0.0
8,0.75,0.3081214591681636,0.0001727235042144535
8,0.875,0.5627677214315324,0.0010017963244438304
8,0.9375,0.6759879784441066,0.003748100041453641
8,0.90625,0.6220464280779329,0.0019863202984662155
8,0.921875,0.6501139975127815,0.0027463037170098108
8,0.9296875,0.6631373497305514,0.0032644742296531713
8,0.93359375,0.6698390216940722,0.0035235594859748514
8,0.931640625,0.6663500069089402,0.003368108332181843
8,0.9326171875,0.6679563354981346,0.003506287135553406
8,0.93212890625,0.6671099903274837,0.003402653033024734
8,0.931884765625,0.6666781815669476,0.0033853806826032885
8,0.9317626953125,0.6665227304131546,0.0033853806826032885
8,0.93182373046875,0.6665918198148404,0.0033853806826032885
8,0.931854248046875,0.6666436368661047,0.0033853806826032885
8,0.9318695068359375,0.6666609092165262,0.0033853806826032885
8,0.9318771362304688,0.6666781815669476,0.0033853806826032885
8,0.9318733215332031,0.6666781815669476,0.0033853806826032885
8,0.9318714141845703,0.6666609092165262,0.0033853806826032885
8,0.9318723678588867,0.6666781815669476,0.0033853806826032885
8,0.9318718910217285,0.6666781815669476,0.0033853806826032885
8,0.9318716526031494,0.6666781815669476,0.0033853806826032885
8,0.9318715333938599,0.6666609092165262,0.0033853806826032885
8,0.9318715929985046,0.6666781815669476,0.0033853806826032885
8,0.9318715631961823,0.6666609092165262,0.0033853806826032885
8,0.9318715780973434,0.6666781815669476,0.0033853806826032885
8,0.9318715706467628,0.6666781815669476,0.0033853806826032885
8,0.9318715669214725,0.6666781815669476,0.0033853806826032885
8,0.9318715650588274,0.6666781815669476,0.0033853806826032885
8,0.9318715641275048,0.6666781815669476,0.0033853806826032885
8,0.9318715636618435,0.6666781815669476,0.0033853806826032885
8,0.9318715634290129,0.6666781815669476,0.0033853806826032885
8,0.9318715633125976,0.6666781815669476,0.0033853806826032885
8,0.9318715632543899,0.6666781815669476,0.0033853806826032885
8,0.9318715632252861,0.6666781815669476,0.0033853806826032885
8,0.9318715632107342,0.6666781815669476,0.0033853806826032885
8,0.9318715632034582,0.6666781815669476,0.0033853806826032885
8,0.9318715631998202,0.6666781815669476,0.0033853806826032885
8,0.9318715631980012,0.6666781815669476,0.0033853806826032885
8,0.9318715631970917,0.6666781815669476,0.0033853806826032885
8,0.931871563196637,0.6666781815669476,0.0033853806826032885
8,0.9318715631964096,0.6666781815669476,0.0033853806826032885
8,0.9318715631962959,0.6666781815669476,0.0033853806826032885
8,0.9318715631962391,0.6666781815669476,0.0033853806826032885
8,0.9318715631962107,0.6666781815669476,0.0033853806826032885
8,0.9318715631961965,0.6666781815669476,0.0033853806826032885
8,0.9318715631961894,0.6666781815669476,0.0033853806826032885
8,0.9318715631961858,0.6666781815669476,0.0033853806826032885
8,0.931871563196184,0.6666781815669476,0.0033853806826032885
8,0.9318715631961831,0.6666781815669476,0.0033853806826032885
8,0.9318715631961827,0.6666781815669476,0.0033853806826032885
8,0.9318715631961825,0.6666781815669476,0.0033853806826032885
8,0.9318715631961824,0.6666781815669476,0.0033853806826032885
8,2.0,0.9985145778637557,0.5593823407489291
8,1.0,0.7690341301644328,0.008515268757772558
8,1.5,0.9864066602183225,0.1696317534890148
8,1.25,0.948303855188614,0.06608401271244992
8,1.125,0.8891805996960066,0.03128022661323753
8,1.0625,0.8370871908249274,0.016736907558380545
8,1.03125,0.8051851595965179,0.012246096448804753
8,1.015625,0.7873082769103219,0.010121597346966976
8,1.0234375,0.7964453502832666,0.010950670167196351
8,1.02734375,0.8007116208373636,0.01162429183363272
8,1.025390625,0.7986216664363687,0.011175210722675142
8,1.0263671875,0.799606190410391,0.011399751278153932
8,1.02685546875,0.8001416332734559,0.011572474782368385
8,1.026611328125,0.7997616415641841,0.011520657731104049
8,1.0267333984375,0.7998652756667127,0.011537930081525495
8,1.02679443359375,0.8000552715213486,0.011572474782368385
8,1.026763916015625,0.7999861821196629,0.011572474782368385
8,1.0267791748046875,0.8000379991709272,0.011572474782368385
8,1.0267715454101562,0.8000207268205057,0.011572474782368385
8,1.0267677307128906,0.8000034544700843,0.011572474782368385
8,1.0267658233642578,0.7999861821196629,0.011572474782368385
8,1.0267667770385742,0.8000034544700843,0.011572474782368385
8,1.026766300201416,0.8000034544700843,0.011572474782368385
8,1.026766061782837,0.7999861821196629,0.011572474782368385
8,1.0267661809921265,0.8000034544700843,0.011572474782368385
8,1.0267661213874817,0.7999861821196629,0.011572474782368385
8,1.026766151189804,0.8000034544700843,0.011572474782368385
8,1.0267661362886429,0.8000034544700843,0.011572474782368385
8,1.0267661288380623,0.8000034544700843,0.011572474782368385
8,1.026766125112772,0.8000034544700843,0.011572474782368385
8,1.0267661232501268,0.8000034544700843,0.011572474782368385
8,1.0267661223188043,0.8000034544700843,0.011572474782368385
8,1.026766121853143,0.8000034544700843,0.011572474782368385
8,1.0267661216203123,0.8000034544700843,0.011572474782368385
8,1.026766121503897,0.8000034544700843,0.011572474782368385
8,1.0267661214456894,0.8000034544700843,0.011572474782368385
8,1.0267661214165855,0.8000034544700843,0.011572474782368385
8,1.0267661214020336,0.8000034544700843,0.011572474782368385
8,1.0267661213947576,0.8000034544700843,0.011572474782368385
8,1.0267661213911197,0.8000034544700843,0.011572474782368385
8,1.0267661213893007,0.8000034544700843,0.011572474782368385
8,1.0267661213883912,0.8000034544700843,0.011572474782368385
8,1.0267661213879364,0.8000034544700843,0.011572474782368385
8,1.026766121387709,0.8000034544700843,0.011572474782368385
8,1.0267661213875954,0.8000034544700843,0.011572474782368385
8,1.0267661213875385,0.8000034544700843,0.011572474782368385
8,1.0267661213875101,0.8000034544700843,0.011572474782368385
8,1.026766121387496,0.8000034544700843,0.011572474782368385
8,1.0267661213874888,0.8000034544700843,0.011572474782368385
8,1.0267661213874852,0.8000034544700843,0.011572474782368385
8,1.0267661213874835,0.8000034544700843,0.011572474782368385
8,1.0267661213874826,0.8000034544700843,0.011572474782368385
8,1.0267661213874821,0.8000034544700843,0.011572474782368385
8,1.026766121387482,0.8000034544700843,0.011572474782368385
8,2.0,0.9985145778637557,0.5593823407489291
8,1.0,0.7690341301644328,0.008515268757772558
8,1.5,0.9864066602183225,0.1696317534890148
8,1.25,0.948303855188614,0.06608401271244992
8,1.125,0.8891805996960066,0.03128022661323753
8,1.0625,0.8370871908249274,0.016736907558380545
8,1.09375,0.8657420201741053,0.0237667541799088
8,1.078125,0.8519068674865276,0.019932292386347934
8,1.0859375,0.8591439823131132,0.021676799778913916
8,1.08203125,0.8557931463313527,0.020744092856155867
8,1.083984375,0.8574340196213901,0.021124084565427664
8,1.0830078125,0.8564322232969462,0.020899544009948874
8,1.08349609375,0.8569158491087467,0.021020450462898993
8,1.083740234375,0.8571403896642255,0.021037722813320437
8,1.0838623046875,0.8572785684675971,0.02107226751416333
8,1.08380126953125,0.8572094790659113,0.02105499516374188
8,1.083770751953125,0.8571922067154898,0.021037722813320437
8,1.0837554931640625,0.8571922067154898,0.021037722813320437
8,1.0837478637695312,0.8571576620146469,0.021037722813320437
8,1.0837440490722656,0.8571576620146469,0.021037722813320437
8,1.0837421417236328,0.8571576620146469,0.021037722813320437
8,1.0837411880493164,0.8571576620146469,0.021037722813320437
8,1.0837407112121582,0.8571576620146469,0.021037722813320437
8,1.083740472793579,0.8571403896642255,0.021037722813320437
8,1.0837405920028687,0.8571403896642255,0.021037722813320437
8,1.0837406516075134,0.8571576620146469,0.021037722813320437
8,1.083740621805191,0.8571403896642255,0.021037722813320437
8,1.0837406367063522,0.8571403896642255,0.021037722813320437
8,1.0837406441569328,0.8571403896642255,0.021037722813320437
8,1.0837406478822231,0.8571403896642255,0.021037722813320437
8,1.0837406497448683,0.8571403896642255,0.021037722813320437
8,1.0837406506761909,0.8571403896642255,0.021037722813320437
8,1.0837406511418521,0.8571403896642255,0.021037722813320437
8,1.0837406513746828,0.8571403896642255,0.021037722813320437
8,1.083740651491098,0.8571403896642255,0.021037722813320437
8,1.0837406515493058,0.8571403896642255,0.021037722813320437
8,1.0837406515784096,0.8571403896642255,0.021037722813320437
8,1.0837406515929615,0.8571403896642255,0.021037722813320437
8,1.0837406516002375,0.8571403896642255,0.021037722813320437
8,1.0837406516038754,0.8571403896642255,0.021037722813320437
8,1.0837406516056944,0.8571403896642255,0.021037722813320437
8,1.083740651606604,0.8571403896642255,0.021037722813320437
8,1.0837406516070587,0.8571403896642255,0.021037722813320437
8,1.083740651607286,0.8571403896642255,0.021037722813320437
8,1.0837406516073997,0.8571403896642255,0.021037722813320437
8,1.0837406516074566,0.8571403896642255,0.021037722813320437
8,1.083740651607485,0.8571403896642255,0.021037722813320437
8,1.0837406516074992,0.8571403896642255,0.021037722813320437
8,1.0837406516075063,0.8571403896642255,0.021037722813320437
8,1.0837406516075099,0.8571403896642255,0.021037722813320437
8,1.0837406516075117,0.8571403896642255,0.021037722813320437
8,1.0837406516075125,0.8571403896642255,0.021037722813320437
8,1.083740651607513,0.8571403896642255,0.021037722813320437
8,1.0837406516075132,0.8571403896642255,0.021037722813320437
8,2.0,0.9985145778637557,0.5593823407489291
8,1.0,0.7690341301644328,0.008515268757772558
8,1.5,0.9864066602183225,0.1696317534890148
8,1.25,0.948303855188614,0.06608401271244992
8,1.125,0.8891805996960066,0.03128022661323753
8,1.0625,0.8370871908249274,0.016736907558380545
8,1.09375,0.8657420201741053,0.0237667541799088
8,1.109375,0.8780572060245958,0.027203951913776427
8,1.1171875,0.8838952604670444,0.02934572336603565
8,1.12109375,0.8868833770899544,0.030399336741743818
8,1.123046875,0.8880578969186127,0.03091750725438718
8,1.1240234375,0.8884551609783059,0.031107503109023077
8,1.12451171875,0.8888696973884206,0.031228409561973192
8,1.124755859375,0.8890424208926351,0.03128022661323753
8,1.1246337890625,0.8889387867901064,0.03124568191239464
8,1.12457275390625,0.8888869697388421,0.031228409561973192
8,1.124603271484375,0.8889387867901064,0.031228409561973192
8,1.1245880126953125,0.8888869697388421,0.031228409561973192
8,1.1245956420898438,0.8888869697388421,0.031228409561973192
8,1.1245994567871094,0.8889215144396849,0.031228409561973192
8,1.1245975494384766,0.8889215144396849,0.031228409561973192
8,1.1245965957641602,0.8889042420892636,0.031228409561973192
8,1.124596118927002,0.8889042420892636,0.031228409561973192
8,1.1245958805084229,0.8888869697388421,0.031228409561973192
8,1.1245959997177124,0.8888869697388421,0.031228409561973192
8,1.1245960593223572,0.8889042420892636,0.031228409561973192
8,1.1245960295200348,0.8888869697388421,0.031228409561973192
8,1.124596044421196,0.8888869697388421,0.031228409561973192
8,1.1245960518717766,0.8888869697388421,0.031228409561973192
8,1.1245960555970669,0.8888869697388421,0.031228409561973192
8,1.124596057459712,0.8888869697388421,0.031228409561973192
8,1.1245960583910346,0.8888869697388421,0.031228409561973192
8,1.124596058856696,0.8888869697388421,0.031228409561973192
8,1.1245960590895265,0.8888869697388421,0.031228409561973192
8,1.1245960592059419,0.8888869697388421,0.031228409561973192
8,1.1245960592641495,0.8888869697388421,0.031228409561973192
8,1.1245960592932533,0.8888869697388421,0.031228409561973192
8,1.1245960593078053,0.8888869697388421,0.031228409561973192
8,1.1245960593150812,0.8888869697388421,0.031228409561973192
8,1.1245960593187192,0.8888869697388421,0.031228409561973192
8,1.1245960593205382,0.8888869697388421,0.031228409561973192
8,1.1245960593214477,0.8888869697388421,0.031228409561973192
8,1.1245960593219024,0.8888869697388421,0.031228409561973192
8,1.1245960593221298,0.8888869697388421,0.031228409561973192
8,1.1245960593222435,0.8888869697388421,0.031228409561973192
8,1.1245960593223003,0.8888869697388421,0.031228409561973192
8,1.1245960593223288,0.8888869697388421,0.031228409561973192
8,1.124596059322343,0.8888869697388421,0.031228409561973192
8,1.12459605932235,0.8888869697388421,0.031228409561973192
8,1.1245960593223536,0.8888869697388421,0.031228409561973192
8,1.1245960593223554,0.8888869697388421,0.031228409561973192
8,1.1245960593223563,0.8888869697388421,0.031228409561973192
8,1.1245960593223567,0.8888869697388421,0.031228409561973192
8,1.124596059322357,0.8888869697388421,0.031228409561973192
8,2.0,0.9985145778637557,0.5593823407489291
8,1.0,0.7690341301644328,0.008515268757772558
8,1.5,0.9864066602183225,0.1696317534890148
8,1.25,0.948303855188614,0.06608401271244992
8,1.125,0.8891805996960066,0.03128022661323753
8,1.1875,0.9239498410943762,0.0475335083598176
8,1.15625,0.9083356363133895,0.03926005250794528
8,1.171875,0.9164881857123117,0.04350905071162084
8,1.1640625,0.9127919027221224,0.041401823960204504
8,1.16015625,0.9102701395605914,0.04027912118281056
8,1.158203125,0.9093719773386763,0.03984731242227443
8,1.1572265625,0.9087847174243471,0.0395709548155313
8,1.15771484375,0.9091301644327761,0.03972640596932431
8,1.157470703125,0.9089574409285616,0.03967458891805997
8,1.1575927734375,0.9090610750310902,0.03972640596932431
8,1.15765380859375,0.9090783473815117,0.03972640596932431
8,1.157684326171875,0.9091128920823546,0.03972640596932431
8,1.1576690673828125,0.9090956197319331,0.03972640596932431
8,1.1576614379882812,0.9090956197319331,0.03972640596932431
8,1.1576576232910156,0.9090956197319331,0.03972640596932431
8,1.1576557159423828,0.9090956197319331,0.03972640596932431
8,1.1576547622680664,0.9090956197319331,0.03972640596932431
8,1.1576542854309082,0.9090956197319331,0.03972640596932431
8,1.157654047012329,0.9090783473815117,0.03972640596932431
8,1.1576541662216187,0.9090956197319331,0.03972640596932431
8,1.1576541066169739,0.9090783473815117,0.03972640596932431
8,1.1576541364192963,0.9090956197319331,0.03972640596932431
8,1.157654121518135,0.9090956197319331,0.03972640596932431
8,1.1576541140675545,0.9090956197319331,0.03972640596932431
8,1.1576541103422642,0.9090956197319331,0.03972640596932431
8,1.157654108479619,0.9090956197319331,0.03972640596932431
8,1.1576541075482965,0.9090956197319331,0.03972640596932431
8,1.1576541070826352,0.9090956197319331,0.03972640596932431
8,1.1576541068498045,0.9090956197319331,0.03972640596932431
8,1.1576541067333892,0.9090956197319331,0.03972640596932431
8,1.1576541066751815,0.9090956197319331,0.03972640596932431
8,1.1576541066460777,0.9090956197319331,0.03972640596932431
8,1.1576541066315258,0.9090956197319331,0.03972640596932431
8,1.1576541066242498,0.9090956197319331,0.03972640596932431
8,1.1576541066206119,0.9090956197319331,0.03972640596932431
8,1.1576541066187929,0.9090956197319331,0.03972640596932431
8,1.1576541066178834,0.9090956197319331,0.03972640596932431
8,1.1576541066174286,0.9090956197319331,0.03972640596932431
8,1.1576541066172013,0.9090956197319331,0.03972640596932431
8,1.1576541066170876,0.9090956197319331,0.03972640596932431
8,1.1576541066170307,0.9090956197319331,0.03972640596932431
8,1.1576541066170023,0.9090956197319331,0.03972640596932431
8,1.157654106616988,0.9090956197319331,0.03972640596932431
8,1.157654106616981,0.9090956197319331,0.03972640596932431
8,1.1576541066169774,0.9090956197319331,0.03972640596932431
8,1.1576541066169757,0.9090956197319331,0.03972640596932431
8,1.1576541066169748,0.9090956197319331,0.03972640596932431
8,1.1576541066169743,0.9090956197319331,0.03972640596932431
8,1.157654106616974,0.9090956197319331,0.03972640596932431
8,2.0,0.9985145778637557,0.5593823407489291
8,3.0,0.9999654552991571,0.9753178112477546
8,3.5,1.0,0.9956646400442172
8,3.75,1.0,0.9984109437612271
8,3.875,1.0,0.9990500207268205
8,3.9375,1.0,0.9991709271797706
8,3.96875,1.0,0.9992054718806135
8,3.984375,1.0,0.9992054718806135
8,3.9921875,1.0,0.9992400165814564
8,3.99609375,1.0,0.9992572889318778
8,3.998046875,1.0,0.9992572889318778
8,3.9990234375,1.0,0.9992572889318778
8,3.99951171875,1.0,0.9992572889318778
8,3.999755859375,1.0,0.9992572889318778
8,3.9998779296875,1.0,0.9992572889318778
8,3.99993896484375,1.0,0.9992572889318778
8,3.999969482421875,1.0,0.9992572889318778
8,3.9999847412109375,1.0,0.9992572889318778
8,3.9999923706054688,1.0,0.9992572889318778
8,3.9999961853027344,1.0,0.9992572889318778
8,3.999998092651367,1.0,0.9992572889318778
8,3.9999990463256836,1.0,0.9992572889318778
8,3.999999523162842,1.0,0.9992572889318778
8,3.999999761581421,1.0,0.9992572889318778
8,3.9999998807907104,1.0,0.9992572889318778
8,3.9999999403953552,1.0,0.9992572889318778
8,3.9999999701976776,1.0,0.9992572889318778
8,3.999999985098839,1.0,0.9992572889318778
8,3.9999999925494194,1.0,0.9992572889318778
8,3.9999999962747097,1.0,0.9992572889318778
8,3.999999998137355,1.0,0.9992572889318778
8,3.9999999990686774,1.0,0.9992572889318778
8,3.9999999995343387,1.0,0.9992572889318778
8,3.9999999997671694,1.0,0.9992572889318778
8,3.9999999998835847,1.0,0.9992572889318778
8,3.9999999999417923,1.0,0.9992572889318778
8,3.999999999970896,1.0,0.9992572889318778
8,3.999999999985448,1.0,0.9992572889318778
8,3.999999999992724,1.0,0.9992572889318778
8,3.999999999996362,1.0,0.9992572889318778
8,3.999999999998181,1.0,0.9992572889318778
8,3.9999999999990905,1.0,0.9992572889318778
8,3.9999999999995453,1.0,0.9992572889318778
8,3.9999999999997726,1.0,0.9992572889318778
8,3.9999999999998863,1.0,0.9992572889318778
8,3.999999999999943,1.0,0.9992572889318778
8,3.9999999999999716,1.0,0.9992572889318778
8,3.999999999999986,1.0,0.9992572889318778
8,3.999999999999993,1.0,0.9992572889318778
8,3.9999999999999964,1.0,0.9992572889318778
8,3.9999999999999982,1.0,0.9992572889318778
8,3.999999999999999,1.0,0.9992572889318778
8,3.9999999999999996,1.0,0.9992572889318778
8,4.0,1.0,0.9992572889318778
9,2.0,0.9986069557233541,0.5561729274508873
9,1.0,0.7630716626300043,0.007345142549587627
9,0.5,0.01953427997023951,0.0
9,0.75,0.30187902676861217,0.0
9,0.875,0.55660033876304,0.0005382216523404727
9,0.8125,0.4313688243022906,7.915024299124598e-05
9,0.84375,0.4949106393756629,0.00025328077757198715
9,0.859375,0.5258425543366418,0.0004274113121527283
9,0.8515625,0.510740687973912,0.00030077092336673475
9,0.84765625,0.5030789444523595,0.00028494087476848553
9,0.845703125,0.4988998116224217,0.00025328077757198715
9,0.8466796875,0.5011160184261766,0.00026911082617023637
9,0.84619140625,0.49999208497570086,0.00025328077757198715
9,0.846435546875,0.5005144765794431,0.00025328077757198715
9,0.8463134765625,0.5002137056560764,0.00025328077757198715
9,0.84625244140625,0.5001028953158886,0.00025328077757198715
9,0.846221923828125,0.5000395751214957,0.00025328077757198715
9,0.8462066650390625,0.5000079150242991,0.00025328077757198715
9,0.8461990356445312,0.5000079150242991,0.00025328077757198715
9,0.8461952209472656,0.49999208497570086,0.00025328077757198715
9,0.8461971282958984,0.49999208497570086,0.00025328077757198715
9,0.8461980819702148,0.49999208497570086,0.00025328077757198715
9,0.846198558807373,0.5000079150242991,0.00025328077757198715
9,0.846198320388794,0.49999208497570086,0.00025328077757198715
9,0.8461984395980835,0.49999208497570086,0.00025328077757198715
9,0.8461984992027283,0.49999208497570086,0.00025328077757198715
9,0.8461985290050507,0.5000079150242991,0.00025328077757198715
9,0.8461985141038895,0.49999208497570086,0.00025328077757198715
9,0.8461985215544701,0.49999208497570086,0.00025328077757198715
9,0.8461985252797604,0.49999208497570086,0.00025328077757198715
9,0.8461985271424055,0.49999208497570086,0.00025328077757198715
9,0.8461985280737281,0.49999208497570086,0.00025328077757198715
9,0.8461985285393894,0.49999208497570086,0.00025328077757198715
9,0.84619852877222,0.49999208497570086,0.00025328077757198715
9,0.8461985288886353,0.49999208497570086,0.00025328077757198715
9,0.846198528946843,0.49999208497570086,0.00025328077757198715
9,0.8461985289759468,0.49999208497570086,0.00025328077757198715
9,0.8461985289904987,0.49999208497570086,0.00025328077757198715
9,0.8461985289977747,0.49999208497570086,0.00025328077757198715
9,0.8461985290014127,0.49999208497570086,0.00025328077757198715
9,0.8461985290032317,0.49999208497570086,0.00025328077757198715
9,0.8461985290041412,0.49999208497570086,0.00025328077757198715
9,0.8461985290045959,0.49999208497570086,0.00025328077757198715
9,0.8461985290048233,0.49999208497570086,0.00025328077757198715
9,0.846198529004937,0.49999208497570086,0.00025328077757198715
9,0.8461985290049938,0.49999208497570086,0.00025328077757198715
9,0.8461985290050222,0.49999208497570086,0.00025328077757198715
9,0.8461985290050364,0.49999208497570086,0.00025328077757198715
9,0.8461985290050436,0.49999208497570086,0.00025328077757198715
9,0.8461985290050471,0.49999208497570086,0.00025328077757198715
9,0.8461985290050489,0.49999208497570086,0.00025328077757198715
9,0.8461985290050498,0.49999208497570086,0.00025328077757198715
9,0.8461985290050502,0.49999208497570086,0.00025328077757198715
9,0.8461985290050504,0.49999208497570086,0.00025328077757198715
9,0.8461985290050505,0.49999208497570086,0.00025328077757198715
9,2.0,0.9986069557233541,0.5561729274508873
9,1.0,0.7630716626300043,0.007345142549587627
9,0.5,0.01953427997023951,0.0
9,0.75,0.30187902676861217,0.0
9,0.875,0.55660033876304,0.0005382216523404727
9,0.9375,0.66980101628912,0.0023745072897373796
9,0.90625,0.6144591663896408,0.001282233936458185
9,0.921875,0.6432065346440614,0.0017887954916021593
9,0.9296875,0.6565354355637871,0.0021053964635671433
9,0.93359375,0.6630099254404711,0.0022162068037548874
9,0.935546875,0.666555856326479,0.0022953570467461335
9,0.9365234375,0.6681072010891074,0.002327017143942632
9,0.93603515625,0.6673473587563914,0.002327017143942632
9,0.935791015625,0.666935777492837,0.002327017143942632
9,0.9356689453125,0.666745816909658,0.002327017143942632
9,0.93560791015625,0.6666666666666666,0.0022953570467461335
9,0.935638427734375,0.6667141568124614,0.002327017143942632
9,0.9356231689453125,0.6666983267638632,0.002327017143942632
9,0.9356155395507812,0.6666824967152649,0.002327017143942632
9,0.9356117248535156,0.6666666666666666,0.002327017143942632
9,0.9356136322021484,0.6666666666666666,0.002327017143942632
9,0.9356145858764648,0.6666824967152649,0.002327017143942632
9,0.9356141090393066,0.6666666666666666,0.002327017143942632
9,0.9356143474578857,0.6666824967152649,0.002327017143942632
9,0.9356142282485962,0.6666824967152649,0.002327017143942632
9,0.9356141686439514,0.6666824967152649,0.002327017143942632
9,0.935614138841629,0.6666666666666666,0.002327017143942632
9,0.9356141537427902,0.6666824967152649,0.002327017143942632
9,0.9356141462922096,0.6666824967152649,0.002327017143942632
9,0.9356141425669193,0.6666824967152649,0.002327017143942632
9,0.9356141407042742,0.6666824967152649,0.002327017143942632
9,0.9356141397729516,0.6666824967152649,0.002327017143942632
9,0.9356141393072903,0.6666824967152649,0.002327017143942632
9,0.9356141390744597,0.6666824967152649,0.002327017143942632
9,0.9356141389580444,0.6666824967152649,0.002327017143942632
9,0.9356141388998367,0.6666824967152649,0.002327017143942632
9,0.9356141388707329,0.6666824967152649,0.002327017143942632
9,0.9356141388561809,0.6666824967152649,0.002327017143942632
9,0.935614138848905,0.6666824967152649,0.002327017143942632
9,0.935614138845267,0.6666824967152649,0.002327017143942632
9,0.935614138843448,0.6666824967152649,0.002327017143942632
9,0.9356141388425385,0.6666824967152649,0.002327017143942632
9,0.9356141388420838,0.6666824967152649,0.002327017143942632
9,0.9356141388418564,0.6666824967152649,0.002327017143942632
9,0.9356141388417427,0.6666824967152649,0.002327017143942632
9,0.9356141388416859,0.6666824967152649,0.002327017143942632
9,0.9356141388416575,0.6666824967152649,0.002327017143942632
9,0.9356141388416432,0.6666824967152649,0.002327017143942632
9,0.9356141388416361,0.6666824967152649,0.002327017143942632
9,0.9356141388416326,0.6666824967152649,0.002327017143942632
9,0.9356141388416308,0.6666824967152649,0.002327017143942632
9,0.9356141388416299,0.6666824967152649,0.002327017143942632
9,0.9356141388416295,0.6666824967152649,0.002327017143942632
9,0.9356141388416293,0.6666824967152649,0.002327017143942632
9,0.9356141388416291,0.6666824967152649,0.002327017143942632
9,2.0,0.9986069557233541,0.5561729274508873
9,1.0,0.7630716626300043,0.007345142549587627
9,1.5,0.9861170473793355,0.1663896408161973
9,1.25,0.9470959775846511,0.06764179766031882
9,1.125,0.886736002279527,0.030172072628262967
9,1.0625,0.8352725142866189,0.01630495005619667
9,1.03125,0.8021402225704833,0.011239334504756929
9,1.015625,0.7837773661965142,0.009086447895395039
9,1.0234375,0.792784663848918,0.010131231102879485
9,1.02734375,0.7975653385255893,0.010748602998211204
9,1.029296875,0.7997973753779424,0.011081034018774437
9,1.0302734375,0.8007788383910338,0.011176014310363932
9,1.02978515625,0.8003039369330864,0.011128524164569185
9,1.029541015625,0.8001298063985056,0.011112694115970935
9,1.0294189453125,0.7999873359611214,0.011096864067372687
9,1.02947998046875,0.8000823162527109,0.011096864067372687
9,1.029449462890625,0.8000189960583179,0.011096864067372687
9,1.0294342041015625,0.8000189960583179,0.011096864067372687
9,1.0294265747070312,0.8000189960583179,0.011096864067372687
9,1.0294227600097656,0.8000189960583179,0.011096864067372687
9,1.0294208526611328,0.8000189960583179,0.011096864067372687
9,1.0294198989868164,0.8000189960583179,0.011096864067372687
9,1.0294194221496582,0.8000031660097197,0.011096864067372687
9,1.029419183731079,0.8000031660097197,0.011096864067372687
9,1.0294190645217896,0.7999873359611214,0.011096864067372687
9,1.0294191241264343,0.8000031660097197,0.011096864067372687
9,1.029419094324112,0.7999873359611214,0.011096864067372687
9,1.0294191092252731,0.7999873359611214,0.011096864067372687
9,1.0294191166758537,0.7999873359611214,0.011096864067372687
9,1.029419120401144,0.7999873359611214,0.011096864067372687
9,1.0294191222637892,0.7999873359611214,0.011096864067372687
9,1.0294191231951118,0.7999873359611214,0.011096864067372687
9,1.029419123660773,0.7999873359611214,0.011096864067372687
9,1.0294191238936037,0.7999873359611214,0.011096864067372687
9,1.029419124010019,0.7999873359611214,0.011096864067372687
9,1.0294191240682267,0.7999873359611214,0.011096864067372687
9,1.0294191240973305,0.7999873359611214,0.011096864067372687
9,1.0294191241118824,0.7999873359611214,0.011096864067372687
9,1.0294191241191584,0.7999873359611214,0.011096864067372687
9,1.0294191241227963,0.7999873359611214,0.011096864067372687
9,1.0294191241246153,0.7999873359611214,0.011096864067372687
9,1.0294191241255248,0.7999873359611214,0.011096864067372687
9,1.0294191241259796,0.7999873359611214,0.011096864067372687
9,1.029419124126207,0.7999873359611214,0.011096864067372687
9,1.0294191241263206,0.7999873359611214,0.011096864067372687
9,1.0294191241263775,0.7999873359611214,0.011096864067372687
9,1.029419124126406,0.7999873359611214,0.011096864067372687
9,1.0294191241264201,0.7999873359611214,0.011096864067372687
9,1.0294191241264272,0.7999873359611214,0.011096864067372687
9,1.0294191241264308,0.7999873359611214,0.011096864067372687
9,1.0294191241264325,0.7999873359611214,0.011096864067372687
9,1.0294191241264334,0.7999873359611214,0.011096864067372687
9,1.0294191241264339,0.7999873359611214,0.011096864067372687
9,1.029419124126434,0.7999873359611214,0.011096864067372687
9,2.0,0.9986069557233541,0.5561729274508873
9,1.0,0.7630716626300043,0.007345142549587627
9,1.5,0.9861170473793355,0.1663896408161973
9,1.25,0.9470959775846511,0.06764179766031882
9,1.125,0.886736002279527,0.030172072628262967
9,1.0625,0.8352725142866189,0.01630495005619667
9,1.09375,0.8629909293821532,0.022874420224470088
9,1.078125,0.8505168510867328,0.01931265928986402
9,1.0859375,0.8566747399914518,0.021148944927260927
9,1.08984375,0.8595558088363331,0.021956277405771635
9,1.087890625,0.8579569739279099,0.02146554589922591
9,1.0869140625,0.8574029222269712,0.021259755267448673
9,1.08642578125,0.8570230010606132,0.021180605024457424
9,1.086669921875,0.8571654714979975,0.021212265121653924
9,1.0865478515625,0.8570546611578097,0.021180605024457424
9,1.08660888671875,0.8571021513036045,0.021196435073055676
9,1.086639404296875,0.8571496414493992,0.021212265121653924
9,1.0866241455078125,0.857133811400801,0.021212265121653924
9,1.0866317749023438,0.857133811400801,0.021212265121653924
9,1.0866355895996094,0.8571496414493992,0.021212265121653924
9,1.0866336822509766,0.8571496414493992,0.021212265121653924
9,1.0866327285766602,0.857133811400801,0.021212265121653924
9,1.0866332054138184,0.8571496414493992,0.021212265121653924
9,1.0866329669952393,0.8571496414493992,0.021212265121653924
9,1.0866328477859497,0.857133811400801,0.021212265121653924
9,1.0866329073905945,0.8571496414493992,0.021212265121653924
9,1.086632877588272,0.857133811400801,0.021212265121653924
9,1.0866328924894333,0.857133811400801,0.021212265121653924
9,1.0866328999400139,0.857133811400801,0.021212265121653924
9,1.0866329036653042,0.857133811400801,0.021212265121653924
9,1.0866329055279493,0.857133811400801,0.021212265121653924
9,1.086632906459272,0.857133811400801,0.021212265121653924
9,1.0866329069249332,0.857133811400801,0.021212265121653924
9,1.0866329071577638,0.857133811400801,0.021212265121653924
9,1.0866329072741792,0.857133811400801,0.021212265121653924
9,1.0866329073323868,0.857133811400801,0.021212265121653924
9,1.0866329073614907,0.857133811400801,0.021212265121653924
9,1.0866329073760426,0.857133811400801,0.021212265121653924
9,1.0866329073833185,0.857133811400801,0.021212265121653924
9,1.0866329073869565,0.857133811400801,0.021212265121653924
9,1.0866329073887755,0.857133811400801,0.021212265121653924
9,1.086632907389685,0.857133811400801,0.021212265121653924
9,1.0866329073901397,0.857133811400801,0.021212265121653924
9,1.086632907390367,0.857133811400801,0.021212265121653924
9,1.0866329073904808,0.857133811400801,0.021212265121653924
9,1.0866329073905376,0.857133811400801,0.021212265121653924
9,1.086632907390566,0.857133811400801,0.021212265121653924
9,1.0866329073905803,0.857133811400801,0.021212265121653924
9,1.0866329073905874,0.857133811400801,0.021212265121653924
9,1.086632907390591,0.857133811400801,0.021212265121653924
9,1.0866329073905927,0.857133811400801,0.021212265121653924
9,1.0866329073905936,0.857133811400801,0.021212265121653924
9,1.086632907390594,0.857133811400801,0.021212265121653924
9,1.0866329073905943,0.857133811400801,0.021212265121653924
9,2.0,0.9986069557233541,0.5561729274508873
9,1.0,0.7630716626300043,0.007345142549587627
9,1.5,0.9861170473793355,0.1663896408161973
9,1.25,0.9470959775846511,0.06764179766031882
9,1.125,0.886736002279527,0.030172072628262967
9,1.1875,0.921419638758291,0.048408288613446045
9,1.15625,0.906301942346963,0.03921103037786326
9,1.140625,0.8971046841113802,0.0345253359927815
9,1.1328125,0.8920390685599405,0.03227746909183011
9,1.12890625,0.8896645612702031,0.03129600607873866
9,1.126953125,0.8882081967991642,0.030710294280603442
9,1.1279296875,0.8889205489860854,0.030995235155371927
9,1.12744140625,0.8885406278197274,0.030805274572192936
9,1.127685546875,0.8887464184515046,0.030900254863782433
9,1.1278076171875,0.8888413987430941,0.030900254863782433
9,1.12786865234375,0.8889205489860854,0.03096357505817543
9,1.127838134765625,0.8888730588402907,0.03093191496097893
9,1.1278533935546875,0.8889047189374871,0.03096357505817543
9,1.1278457641601562,0.8889047189374871,0.03096357505817543
9,1.1278419494628906,0.8889047189374871,0.03093191496097893
9,1.1278400421142578,0.8889047189374871,0.03093191496097893
9,1.1278390884399414,0.8889047189374871,0.03093191496097893
9,1.1278386116027832,0.8889047189374871,0.03093191496097893
9,1.127838373184204,0.8888888888888888,0.03093191496097893
9,1.1278384923934937,0.8888888888888888,0.03093191496097893
9,1.1278385519981384,0.8889047189374871,0.03093191496097893
9,1.127838522195816,0.8888888888888888,0.03093191496097893
9,1.1278385370969772,0.8888888888888888,0.03093191496097893
9,1.1278385445475578,0.8888888888888888,0.03093191496097893
9,1.1278385482728481,0.8888888888888888,0.03093191496097893
9,1.1278385501354933,0.8888888888888888,0.03093191496097893
9,1.1278385510668159,0.8888888888888888,0.03093191496097893
9,1.1278385515324771,0.8888888888888888,0.03093191496097893
9,1.1278385517653078,0.8888888888888888,0.03093191496097893
9,1.127838551881723,0.8888888888888888,0.03093191496097893
9,1.1278385519399308,0.8888888888888888,0.03093191496097893
9,1.1278385519690346,0.8888888888888888,0.03093191496097893
9,1.1278385519835865,0.8888888888888888,0.03093191496097893
9,1.1278385519908625,0.8888888888888888,0.03093191496097893
9,1.1278385519945004,0.8888888888888888,0.03093191496097893
9,1.1278385519963194,0.8888888888888888,0.03093191496097893
9,1.127838551997229,0.8888888888888888,0.03093191496097893
9,1.1278385519976837,0.8888888888888888,0.03093191496097893
9,1.127838551997911,0.8888888888888888,0.03093191496097893
9,1.1278385519980247,0.8888888888888888,0.03093191496097893
9,1.1278385519980816,0.8888888888888888,0.03093191496097893
9,1.12783855199811,0.8888888888888888,0.03093191496097893
9,1.1278385519981242,0.8888888888888888,0.03093191496097893
9,1.1278385519981313,0.8888888888888888,0.03093191496097893
9,1.1278385519981349,0.8888888888888888,0.03093191496097893
9,1.1278385519981367,0.8888888888888888,0.03093191496097893
9,1.1278385519981375,0.8888888888888888,0.03093191496097893
9,1.127838551998138,0.8888888888888888,0.03093191496097893
9,1.1278385519981382,0.8888888888888888,0.03093191496097893
9,2.0,0.9986069557233541,0.5561729274508873
9,1.0,0.7630716626300043,0.007345142549587627
9,1.5,0.9861170473793355,0.1663896408161973
9,1.25,0.9470959775846511,0.06764179766031882
9,1.125,0.886736002279527,0.030172072628262967
9,1.1875,0.921419638758291,0.048408288613446045
9,1.15625,0.906301942346963,0.03921103037786326
9,1.171875,0.9144069272292666,0.043785914422757276
9,1.1640625,0.9105285653226955,0.04136391698722515
9,1.16015625,0.9085972993937091,0.04052492441151794
9,1.162109375,0.9095629323582023,0.04098399582086717
9,1.1611328125,0.909230501337639,0.04074654509189343
9,1.16064453125,0.9089139003656741,0.04061990470310744
9,1.160888671875,0.9090880309002549,0.04068322489750043
9,1.1610107421875,0.9091513510946478,0.04073071504329518
9,1.16094970703125,0.9091513510946478,0.04073071504329518
9,1.160919189453125,0.9091038609488531,0.040714884994696936
9,1.1609039306640625,0.9090880309002549,0.040714884994696936
9,1.1609115600585938,0.9090880309002549,0.040714884994696936
9,1.1609153747558594,0.9090880309002549,0.040714884994696936
9,1.1609172821044922,0.9091038609488531,0.040714884994696936
9,1.1609163284301758,0.9091038609488531,0.040714884994696936
9,1.1609158515930176,0.9090880309002549,0.040714884994696936
9,1.1609160900115967,0.9090880309002549,0.040714884994696936
9,1.1609162092208862,0.9091038609488531,0.040714884994696936
9,1.1609161496162415,0.9090880309002549,0.040714884994696936
9,1.1609161794185638,0.9091038609488531,0.040714884994696936
9,1.1609161645174026,0.9091038609488531,0.040714884994696936
9,1.160916157066822,0.9091038609488531,0.040714884994696936
9,1.1609161533415318,0.9091038609488531,0.040714884994696936
9,1.1609161514788866,0.9091038609488531,0.040714884994696936
9,1.160916150547564,0.9091038609488531,0.040714884994696936
9,1.1609161500819027,0.9091038609488531,0.040714884994696936
9,1.160916149849072,0.9091038609488531,0.040714884994696936
9,1.1609161497326568,0.9091038609488531,0.040714884994696936
9,1.1609161496744491,0.9091038609488531,0.040714884994696936
9,1.1609161496453453,0.9091038609488531,0.040714884994696936
9,1.1609161496307934,0.9091038609488531,0.040714884994696936
9,1.1609161496235174,0.9091038609488531,0.040714884994696936
9,1.1609161496198794,0.9091038609488531,0.040714884994696936
9,1.1609161496180604,0.9091038609488531,0.040714884994696936
9,1.160916149617151,0.9091038609488531,0.040714884994696936
9,1.1609161496166962,0.9091038609488531,0.040714884994696936
9,1.1609161496164688,0.9091038609488531,0.040714884994696936
9,1.1609161496163551,0.9091038609488531,0.040714884994696936
9,1.1609161496162983,0.9091038609488531,0.040714884994696936
9,1.1609161496162699,0.9091038609488531,0.040714884994696936
9,1.1609161496162557,0.9091038609488531,0.040714884994696936
9,1.1609161496162486,0.9091038609488531,0.040714884994696936
9,1.160916149616245,0.9091038609488531,0.040714884994696936
9,1.1609161496162432,0.9091038609488531,0.040714884994696936
9,1.1609161496162423,0.9091038609488531,0.040714884994696936
9,1.160916149616242,0.9091038609488531,0.040714884994696936
9,1.1609161496162417,0.9091038609488531,0.040714884994696936
9,2.0,0.9986069557233541,0.5561729274508873
9,3.0,0.9999683399028035,0.9726773361194219
9,3.5,1.0,0.9950610248373463
9,3.75,1.0,0.9981162242168083
9,3.875,1.0,0.9984169951401751
9,3.9375,1.0,0.9986861059663453
9,3.96875,1.0,0.9987969163065331
9,3.984375,1.0,0.998860236500926
9,3.9921875,1.0,0.9988760665495243
9,3.99609375,1.0,0.9988760665495243
9,3.998046875,1.0,0.9989077266467208
9,3.9990234375,1.0,0.9989077266467208
9,3.99951171875,1.0,0.9989077266467208
9,3.999755859375,1.0,0.9989077266467208
9,3.9998779296875,1.0,0.9989077266467208
9,3.99993896484375,1.0,0.9989077266467208
9,3.999969482421875,1.0,0.9989077266467208
9,3.9999847412109375,1.0,0.9989077266467208
9,3.9999923706054688,1.0,0.9989077266467208
9,3.9999961853027344,1.0,0.9989077266467208
9,3.999998092651367,1.0,0.9989077266467208
9,3.9999990463256836,1.0,0.9989077266467208
9,3.999999523162842,1.0,0.9989077266467208
9,3.999999761581421,1.0,0.9989077266467208
9,3.9999998807907104,1.0,0.9989077266467208
9,3.9999999403953552,1.0,0.9989077266467208
9,3.9999999701976776,1.0,0.9989077266467208
9,3.999999985098839,1.0,0.9989077266467208
9,3.9999999925494194,1.0,0.9989077266467208
9,3.9999999962747097,1.0,0.9989077266467208
9,3.999999998137355,1.0,0.9989077266467208
9,3.9999999990686774,1.0,0.9989077266467208
9,3.9999999995343387,1.0,0.9989077266467208
9,3.9999999997671694,1.0,0.9989077266467208
9,3.9999999998835847,1.0,0.9989077266467208
9,3.9999999999417923,1.0,0.9989077266467208
9,3.999999999970896,1.0,0.9989077266467208
9,3.999999999985448,1.0,0.9989077266467208
9,3.999999999992724,1.0,0.9989077266467208
9,3.999999999996362,1.0,0.9989077266467208
9,3.999999999998181,1.0,0.9989077266467208
9,3.9999999999990905,1.0,0.9989077266467208
9,3.9999999999995453,1.0,0.9989077266467208
9,3.9999999999997726,1.0,0.9989077266467208
9,3.9999999999998863,1.0,0.9989077266467208
9,3.999999999999943,1.0,0.9989077266467208
9,3.9999999999999716,1.0,0.9989077266467208
9,3.999999999999986,1.0,0.9989077266467208
9,3.999999999999993,1.0,0.9989077266467208
9,3.9999999999999964,1.0,0.9989077266467208
9,3.9999999999999982,1.0,0.9989077266467208
9,3.999999999999999,1.0,0.9989077266467208
9,3.9999999999999996,1.0,0.9989077266467208
9,4.0,1.0,0.9989077266467208
10,2.0,0.998232544551563,0.5515045281916447
10,1.0,0.7590709903593339,0.0070844288635699675
10,0.5,0.019500438212094653,0.0
10,0.75,0.2976044405492258,2.9214139643587497e-05
10,0.875,0.5519427402862985,0.0003943908851884312
10,0.8125,0.4236780601811277,7.303534910896874e-05
10,0.84375,0.4883435582822086,0.00021910604732690623
10,0.859375,0.5199824715162138,0.00027753432661408123
10,0.8515625,0.5042944785276073,0.00024832018697049373
10,0.84765625,0.4960414840782939,0.00023371311714869998
10,0.849609375,0.5004382120946538,0.00024832018697049373
10,0.8486328125,0.4982033304119194,0.00024832018697049373
10,0.84912109375,0.49928425357873213,0.00024832018697049373
10,0.849365234375,0.4998539293017821,0.00024832018697049373
10,0.8494873046875,0.5001752848378616,0.00024832018697049373
10,0.84942626953125,0.4999707858603564,0.00024832018697049373
10,0.849456787109375,0.5000438212094653,0.00024832018697049373
10,0.8494415283203125,0.5000146070698218,0.00024832018697049373
10,0.8494338989257812,0.4999853929301782,0.00024832018697049373
10,0.8494377136230469,0.5,0.00024832018697049373
10,0.8494396209716797,0.5000146070698218,0.00024832018697049373
10,0.8494386672973633,0.5000146070698218,0.00024832018697049373
10,0.8494381904602051,0.5,0.00024832018697049373
10,0.8494384288787842,0.5000146070698218,0.00024832018697049373
10,0.8494383096694946,0.5,0.00024832018697049373
10,0.8494383692741394,0.5,0.00024832018697049373
10,0.8494383990764618,0.5000146070698218,0.00024832018697049373
10,0.8494383841753006,0.5,0.00024832018697049373
10,0.8494383916258812,0.5,0.00024832018697049373
10,0.8494383953511715,0.5,0.00024832018697049373
10,0.8494383972138166,0.5,0.00024832018697049373
10,0.8494383981451392,0.5,0.00024832018697049373
10,0.8494383986108005,0.5,0.00024832018697049373
10,0.8494383988436311,0.5,0.00024832018697049373
10,0.8494383989600465,0.5,0.00024832018697049373
10,0.8494383990182541,0.5,0.00024832018697049373
10,0.849438399047358,0.5,0.00024832018697049373
10,0.8494383990619099,0.5,0.00024832018697049373
10,0.8494383990691858,0.5,0.00024832018697049373
10,0.8494383990728238,0.5,0.00024832018697049373
10,0.8494383990746428,0.5,0.00024832018697049373
10,0.8494383990755523,0.5,0.00024832018697049373
10,0.849438399076007,0.5,0.00024832018697049373
10,0.8494383990762344,0.5,0.00024832018697049373
10,0.8494383990763481,0.5,0.00024832018697049373
10,0.849438399076405,0.5,0.00024832018697049373
10,0.8494383990764334,0.5,0.00024832018697049373
10,0.8494383990764476,0.5,0.00024832018697049373
10,0.8494383990764547,0.5,0.00024832018697049373
10,0.8494383990764582,0.5,0.00024832018697049373
10,0.84943839907646,0.5,0.00024832018697049373
10,0.8494383990764609,0.5,0.00024832018697049373
10,0.8494383990764613,0.5,0.00024832018697049373
10,0.8494383990764616,0.5,0.00024832018697049373
10,0.8494383990764617,0.5,0.00024832018697049373
10,2.0,0.998232544551563,0.5515045281916447
10,1.0,0.7590709903593339,0.0070844288635699675
10,0.5,0.019500438212094653,0.0
10,0.75,0.2976044405492258,2.9214139643587497e-05
10,0.875,0.5519427402862985,0.0003943908851884312
10,0.9375,0.6664329535495179,0.0021910604732690623
10,0.96875,0.7150598889862694,0.004513584574934268
10,0.953125,0.6922290388548057,0.003374233128834356
10,0.9453125,0.6793309962021619,0.002731522056675431
10,0.94140625,0.6726993865030675,0.00245398773006135
10,0.939453125,0.6697341513292433,0.0023517382413087936
10,0.9384765625,0.6681419807186678,0.0022787028921998245
10,0.93798828125,0.6672363423897166,0.0022348816827344434
10,0.937744140625,0.6668857727139935,0.002205667543090856
10,0.9376220703125,0.6666958808063103,0.002205667543090856
10,0.93756103515625,0.6665498101080923,0.002205667543090856
10,0.937591552734375,0.6665790242477359,0.002205667543090856
10,0.9376068115234375,0.6666082383873795,0.002205667543090856
10,0.9376144409179688,0.6666374525270231,0.002205667543090856
10,0.9376182556152344,0.6666812737364884,0.002205667543090856
10,0.9376163482666016,0.6666812737364884,0.002205667543090856
10,0.9376153945922852,0.6666520595968449,0.002205667543090856
10,0.9376158714294434,0.6666666666666666,0.002205667543090856
10,0.9376161098480225,0.6666812737364884,0.002205667543090856
10,0.9376159906387329,0.6666812737364884,0.002205667543090856
10,0.9376159310340881,0.6666812737364884,0.002205667543090856
10,0.9376159012317657,0.6666666666666666,0.002205667543090856
10,0.9376159161329269,0.6666812737364884,0.002205667543090856
10,0.9376159086823463,0.6666812737364884,0.002205667543090856
10,0.937615904957056,0.6666812737364884,0.002205667543090856
10,0.9376159030944109,0.6666812737364884,0.002205667543090856
10,0.9376159021630883,0.6666812737364884,0.002205667543090856
10,0.937615901697427,0.6666812737364884,0.002205667543090856
10,0.9376159014645964,0.6666812737364884,0.002205667543090856
10,0.9376159013481811,0.6666812737364884,0.002205667543090856
10,0.9376159012899734,0.6666812737364884,0.002205667543090856
10,0.9376159012608696,0.6666812737364884,0.002205667543090856
10,0.9376159012463177,0.6666812737364884,0.002205667543090856
10,0.9376159012390417,0.6666812737364884,0.002205667543090856
10,0.9376159012354037,0.6666812737364884,0.002205667543090856
10,0.9376159012335847,0.6666812737364884,0.002205667543090856
10,0.9376159012326752,0.6666812737364884,0.002205667543090856
10,0.9376159012322205,0.6666812737364884,0.002205667543090856
10,0.9376159012319931,0.6666812737364884,0.002205667543090856
10,0.9376159012318794,0.6666812737364884,0.002205667543090856
10,0.9376159012318226,0.6666812737364884,0.002205667543090856
10,0.9376159012317942,0.6666812737364884,0.002205667543090856
10,0.93761590123178,0.6666812737364884,0.002205667543090856
10,0.9376159012317729,0.6666812737364884,0.002205667543090856
10,0.9376159012317693,0.6666812737364884,0.002205667543090856
10,0.9376159012317675,0.6666812737364884,0.002205667543090856
10,0.9376159012317666,0.6666812737364884,0.002205667543090856
10,0.9376159012317662,0.6666812737364884,0.002205667543090856
10,0.937615901231766,0.6666812737364884,0.002205667543090856
10,0.9376159012317659,0.6666812737364884,0.002205667543090856
10,2.0,0.998232544551563,0.5515045281916447
10,1.0,0.7590709903593339,0.0070844288635699675
10,1.5,0.9853052877592755,0.16568799298860648
10,1.25,0.9443762781186094,0.06095530236634531
10,1.125,0.8848232544551563,0.028425357873210634
10,1.0625,0.8323254455156296,0.01609699094361671
10,1.03125,0.7981156879929886,0.011101373064563248
10,1.046875,0.8162868828513,0.013730645632486124
10,1.0390625,0.8075518550978674,0.012372188139059305
10,1.03515625,0.8030820917323985,0.011671048787613205
10,1.033203125,0.8003797838153667,0.01130587204206836
10,1.0322265625,0.7991820040899795,0.011174408413672217
10,1.03271484375,0.799780893952673,0.011218229623137599
10,1.032958984375,0.800073035349109,0.011247443762781187
10,1.0328369140625,0.7999415717207128,0.011247443762781187
10,1.03289794921875,0.8000292141396436,0.011247443762781187
10,1.032867431640625,0.7999853929301782,0.011247443762781187
10,1.0328826904296875,0.8000146070698217,0.011247443762781187
10,1.0328750610351562,0.8000146070698217,0.011247443762781187
10,1.0328712463378906,0.8,0.011247443762781187
10,1.0328731536865234,0.8000146070698217,0.011247443762781187
10,1.032872200012207,0.8,0.011247443762781187
10,1.0328726768493652,0.8000146070698217,0.011247443762781187
10,1.0328724384307861,0.8,0.011247443762781187
10,1.0328725576400757,0.8,0.011247443762781187
10,1.0328726172447205,0.8000146070698217,0.011247443762781187
10,1.032872587442398,0.8,0.011247443762781187
10,1.0328726023435593,0.8,0.011247443762781187
10,1.0328726097941399,0.8,0.011247443762781187
10,1.0328726135194302,0.8,0.011247443762781187
10,1.0328726153820753,0.8,0.011247443762781187
10,1.0328726163133979,0.8,0.011247443762781187
10,1.0328726167790592,0.8,0.011247443762781187
10,1.0328726170118898,0.8,0.011247443762781187
10,1.0328726171283051,0.8,0.011247443762781187
10,1.0328726171865128,0.8,0.011247443762781187
10,1.0328726172156166,0.8,0.011247443762781187
10,1.0328726172301685,0.8,0.011247443762781187
10,1.0328726172374445,0.8,0.011247443762781187
10,1.0328726172410825,0.8,0.011247443762781187
10,1.0328726172429015,0.8,0.011247443762781187
10,1.032872617243811,0.8,0.011247443762781187
10,1.0328726172442657,0.8,0.011247443762781187
10,1.032872617244493,0.8,0.011247443762781187
10,1.0328726172446068,0.8,0.011247443762781187
10,1.0328726172446636,0.8,0.011247443762781187
10,1.032872617244692,0.8,0.011247443762781187
10,1.0328726172447062,0.8,0.011247443762781187
10,1.0328726172447134,0.8,0.011247443762781187
10,1.032872617244717,0.8,0.011247443762781187
10,1.0328726172447187,0.8,0.011247443762781187
10,1.0328726172447196,0.8,0.011247443762781187
10,1.03287261724472,0.8,0.011247443762781187
10,1.0328726172447202,0.8,0.011247443762781187
10,2.0,0.998232544551563,0.5515045281916447
10,1.0,0.7590709903593339,0.0070844288635699675
10,1.5,0.9853052877592755,0.16568799298860648
10,1.25,0.9443762781186094,0.06095530236634531
10,1.125,0.8848232544551563,0.028425357873210634
10,1.0625,0.8323254455156296,0.01609699094361671
10,1.09375,0.8618609406952965,0.021574642126789365
10,1.078125,0.8474729769208297,0.01901840490797546
10,1.0859375,0.8553169734151329,0.020216184633362548
10,1.08984375,0.8586181711948583,0.02088810984516506
10,1.087890625,0.8570698217937481,0.02058136137890739
10,1.0888671875,0.8578293894244815,0.020727432077125327
10,1.08837890625,0.8573619631901841,0.02065439672801636
10,1.088134765625,0.8571866783523225,0.020639789658194567
10,1.0880126953125,0.8571428571428571,0.02061057551855098
10,1.08807373046875,0.8571574642126789,0.020625182588372773
10,1.088043212890625,0.8571428571428571,0.020625182588372773
10,1.0880584716796875,0.8571574642126789,0.020625182588372773
10,1.0880508422851562,0.8571428571428571,0.020625182588372773
10,1.0880546569824219,0.8571428571428571,0.020625182588372773
10,1.0880565643310547,0.8571428571428571,0.020625182588372773
10,1.088057518005371,0.8571574642126789,0.020625182588372773
10,1.088057041168213,0.8571574642126789,0.020625182588372773
10,1.0880568027496338,0.8571574642126789,0.020625182588372773
10,1.0880566835403442,0.8571574642126789,0.020625182588372773
10,1.0880566239356995,0.8571428571428571,0.020625182588372773
10,1.0880566537380219,0.8571574642126789,0.020625182588372773
10,1.0880566388368607,0.8571574642126789,0.020625182588372773
10,1.08805663138628,0.8571574642126789,0.020625182588372773
10,1.0880566276609898,0.8571574642126789,0.020625182588372773
10,1.0880566257983446,0.8571574642126789,0.020625182588372773
10,1.088056624867022,0.8571574642126789,0.020625182588372773
10,1.0880566244013608,0.8571574642126789,0.020625182588372773
10,1.08805662416853,0.8571574642126789,0.020625182588372773
10,1.0880566240521148,0.8571574642126789,0.020625182588372773
10,1.0880566239939071,0.8571574642126789,0.020625182588372773
10,1.0880566239648033,0.8571574642126789,0.020625182588372773
10,1.0880566239502514,0.8571574642126789,0.020625182588372773
10,1.0880566239429754,0.8571574642126789,0.020625182588372773
10,1.0880566239393374,0.8571574642126789,0.020625182588372773
10,1.0880566239375185,0.8571574642126789,0.020625182588372773
10,1.088056623936609,0.8571574642126789,0.020625182588372773
10,1.0880566239361542,0.8571574642126789,0.020625182588372773
10,1.0880566239359268,0.8571574642126789,0.020625182588372773
10,1.0880566239358131,0.8571574642126789,0.020625182588372773
10,1.0880566239357563,0.8571574642126789,0.020625182588372773
10,1.0880566239357279,0.8571574642126789,0.020625182588372773
10,1.0880566239357137,0.8571574642126789,0.020625182588372773
10,1.0880566239357066,0.8571574642126789,0.020625182588372773
10,1.088056623935703,0.8571574642126789,0.020625182588372773
10,1.0880566239357012,0.8571574642126789,0.020625182588372773
10,1.0880566239357004,0.8571574642126789,0.020625182588372773
10,1.0880566239357,0.8571574642126789,0.020625182588372773
10,1.0880566239356997,0.8571574642126789,0.020625182588372773
10,2.0,0.998232544551563,0.5515045281916447
10,1.0,0.7590709903593339,0.0070844288635699675
10,1.5,0.9853052877592755,0.16568799298860648
10,1.25,0.9443762781186094,0.06095530236634531
10,1.125,0.8848232544551563,0.028425357873210634
10,1.1875,0.9207128250073036,0.04301782062518259
10,1.15625,0.9051562956470932,0.03529068068945369
10,1.140625,0.8953549517966696,0.03163891323400526
10,1.1328125,0.890300905638329,0.029871457785568215
10,1.12890625,0.8875985977212971,0.029170318434122114
10,1.130859375,0.8889862693543675,0.02957931638913234
10,1.1298828125,0.8883581653520304,0.029360210341805432
10,1.13037109375,0.8887087350277534,0.029433245690914402
10,1.130615234375,0.8888840198656149,0.029550102249488754
10,1.1307373046875,0.8889132340052586,0.029550102249488754
10,1.13067626953125,0.8888986269354368,0.029550102249488754
10,1.130645751953125,0.8888840198656149,0.029550102249488754
10,1.1306610107421875,0.8888986269354368,0.029550102249488754
10,1.1306533813476562,0.8888986269354368,0.029550102249488754
10,1.1306495666503906,0.8888840198656149,0.029550102249488754
10,1.1306514739990234,0.8888986269354368,0.029550102249488754
10,1.130650520324707,0.8888840198656149,0.029550102249488754
10,1.1306509971618652,0.8888840198656149,0.029550102249488754
10,1.1306512355804443,0.8888840198656149,0.029550102249488754
10,1.1306513547897339,0.8888840198656149,0.029550102249488754
10,1.1306514143943787,0.8888986269354368,0.029550102249488754
10,1.1306513845920563,0.8888840198656149,0.029550102249488754
10,1.1306513994932175,0.8888840198656149,0.029550102249488754
10,1.130651406943798,0.8888840198656149,0.029550102249488754
10,1.1306514106690884,0.8888840198656149,0.029550102249488754
10,1.1306514125317335,0.8888840198656149,0.029550102249488754
10,1.130651413463056,0.8888840198656149,0.029550102249488754
10,1.1306514139287174,0.8888840198656149,0.029550102249488754
10,1.130651414161548,0.8888840198656149,0.029550102249488754
10,1.1306514142779633,0.8888840198656149,0.029550102249488754
10,1.130651414336171,0.8888840198656149,0.029550102249488754
10,1.1306514143652748,0.8888840198656149,0.029550102249488754
10,1.1306514143798267,0.8888840198656149,0.029550102249488754
10,1.1306514143871027,0.8888840198656149,0.029550102249488754
10,1.1306514143907407,0.8888840198656149,0.029550102249488754
10,1.1306514143925597,0.8888840198656149,0.029550102249488754
10,1.1306514143934692,0.8888840198656149,0.029550102249488754
10,1.130651414393924,0.8888840198656149,0.029550102249488754
10,1.1306514143941513,0.8888840198656149,0.029550102249488754
10,1.130651414394265,0.8888840198656149,0.029550102249488754
10,1.1306514143943218,0.8888840198656149,0.029550102249488754
10,1.1306514143943502,0.8888840198656149,0.029550102249488754
10,1.1306514143943645,0.8888840198656149,0.029550102249488754
10,1.1306514143943716,0.8888840198656149,0.029550102249488754
10,1.130651414394375,0.8888840198656149,0.029550102249488754
10,1.1306514143943769,0.8888840198656149,0.029550102249488754
10,1.1306514143943778,0.8888840198656149,0.029550102249488754
10,1.1306514143943782,0.8888840198656149,0.029550102249488754
10,1.1306514143943784,0.8888840198656149,0.029550102249488754
10,2.0,0.998232544551563,0.5515045281916447
10,1.0,0.7590709903593339,0.0070844288635699675
10,1.5,0.9853052877592755,0.16568799298860648
10,1.25,0.9443762781186094,0.06095530236634531
10,1.125,0.8848232544551563,0.028425357873210634
10,1.1875,0.9207128250073036,0.04301782062518259
10,1.15625,0.9051562956470932,0.03529068068945369
10,1.171875,0.9130733274905054,0.03923458954133801
10,1.1640625,0.9093339176161263,0.037291849255039436
10,1.16015625,0.9073911773298277,0.03635699678644464
10,1.162109375,0.9083114227286007,0.03673678060181128
10,1.1630859375,0.9088372772421852,0.03708735027753433
10,1.16357421875,0.9090709903593339,0.0371603856266433
10,1.163818359375,0.9092462751971955,0.03720420683610868
10,1.1636962890625,0.9091440257084429,0.03717499269646509
10,1.16363525390625,0.9091148115687993,0.0371603856266433
10,1.163604736328125,0.9090855974291557,0.0371603856266433
10,1.1636199951171875,0.9090855974291557,0.0371603856266433
10,1.1636276245117188,0.9091002044989775,0.0371603856266433
10,1.1636238098144531,0.9091002044989775,0.0371603856266433
10,1.1636219024658203,0.9090855974291557,0.0371603856266433
10,1.1636228561401367,0.9090855974291557,0.0371603856266433
10,1.163623332977295,0.9091002044989775,0.0371603856266433
10,1.1636230945587158,0.9090855974291557,0.0371603856266433
10,1.1636232137680054,0.9090855974291557,0.0371603856266433
10,1.1636232733726501,0.9091002044989775,0.0371603856266433
10,1.1636232435703278,0.9090855974291557,0.0371603856266433
10,1.163623258471489,0.9090855974291557,0.0371603856266433
10,1.1636232659220695,0.9090855974291557,0.0371603856266433
10,1.1636232696473598,0.9090855974291557,0.0371603856266433
10,1.163623271510005,0.9090855974291557,0.0371603856266433
10,1.1636232724413276,0.9090855974291557,0.0371603856266433
10,1.1636232729069889,0.9090855974291557,0.0371603856266433
10,1.1636232731398195,0.9090855974291557,0.0371603856266433
10,1.1636232732562348,0.9090855974291557,0.0371603856266433
10,1.1636232733144425,0.9090855974291557,0.0371603856266433
10,1.1636232733435463,0.9090855974291557,0.0371603856266433
10,1.1636232733580982,0.9090855974291557,0.0371603856266433
10,1.1636232733653742,0.9090855974291557,0.0371603856266433
10,1.1636232733690122,0.9090855974291557,0.0371603856266433
10,1.1636232733708312,0.9090855974291557,0.0371603856266433
10,1.1636232733717407,0.9090855974291557,0.0371603856266433
10,1.1636232733721954,0.9090855974291557,0.0371603856266433
10,1.1636232733724228,0.9090855974291557,0.0371603856266433
10,1.1636232733725365,0.9090855974291557,0.0371603856266433
10,1.1636232733725933,0.9090855974291557,0.0371603856266433
10,1.1636232733726217,0.9090855974291557,0.0371603856266433
10,1.163623273372636,0.9090855974291557,0.0371603856266433
10,1.163623273372643,0.9090855974291557,0.0371603856266433
10,1.1636232733726466,0.9090855974291557,0.0371603856266433
10,1.1636232733726484,0.9090855974291557,0.0371603856266433
10,1.1636232733726493,0.9090855974291557,0.0371603856266433
10,1.1636232733726497,0.9090855974291557,0.0371603856266433
10,1.16362327337265,0.9090855974291557,0.0371603856266433
10,2.0,0.998232544551563,0.5515045281916447
10,3.0,0.9999415717207129,0.9722903885480573
10,3.5,1.0,0.9943908851884312
10,3.75,1.0,0.996596552731522
10,3.875,1.0,0.9976482617586913
10,3.9375,1.0,0.998086473853345
10,3.96875,1.0,0.9982033304119193
10,3.984375,1.0,0.998232544551563
10,3.9921875,1.0,0.9982763657610283
10,3.99609375,1.0,0.9983494011101373
10,3.998046875,1.0,0.9983640081799591
10,3.9990234375,1.0,0.9983640081799591
10,3.99951171875,1.0,0.9983640081799591
10,3.999755859375,1.0,0.9983640081799591
10,3.9998779296875,1.0,0.9983640081799591
10,3.99993896484375,1.0,0.9983640081799591
10,3.999969482421875,1.0,0.9983640081799591
10,3.9999847412109375,1.0,0.9983640081799591
10,3.9999923706054688,1.0,0.9983640081799591
10,3.9999961853027344,1.0,0.9983640081799591
10,3.999998092651367,1.0,0.9983640081799591
10,3.9999990463256836,1.0,0.9983640081799591
10,3.999999523162842,1.0,0.9983640081799591
10,3.999999761581421,1.0,0.9983640081799591
10,3.9999998807907104,1.0,0.9983640081799591
10,3.9999999403953552,1.0,0.9983640081799591
10,3.9999999701976776,1.0,0.9983640081799591
10,3.999999985098839,1.0,0.9983640081799591
10,3.9999999925494194,1.0,0.9983640081799591
10,3.9999999962747097,1.0,0.9983640081799591
10,3.999999998137355,1.0,0.9983640081799591
10,3.9999999990686774,1.0,0.9983640081799591
10,3.9999999995343387,1.0,0.9983640081799591
10,3.9999999997671694,1.0,0.9983640081799591
10,3.9999999998835847,1.0,0.9983640081799591
10,3.9999999999417923,1.0,0.9983640081799591
10,3.999999999970896,1.0,0.9983640081799591
10,3.999999999985448,1.0,0.9983640081799591
10,3.999999999992724,1.0,0.9983640081799591
10,3.999999999996362,1.0,0.9983640081799591
10,3.999999999998181,1.0,0.9983640081799591
10,3.9999999999990905,1.0,0.9983640081799591
10,3.9999999999995453,1.0,0.9983640081799591
10,3.9999999999997726,1.0,0.9983640081799591
10,3.9999999999998863,1.0,0.9983640081799591
10,3.999999999999943,1.0,0.9983640081799591
10,3.9999999999999716,1.0,0.9983640081799591
10,3.999999999999986,1.0,0.9983640081799591
10,3.999999999999993,1.0,0.9983640081799591
10,3.9999999999999964,1.0,0.9983640081799591
10,3.9999999999999982,1.0,0.9983640081799591
10,3.999999999999999,1.0,0.9983640081799591
10,3.9999999999999996,1.0,0.9983640081799591
10,4.0,1.0,0.9983640081799591
