r_size,coeff,TMR,FMR
3,2.0,0.9962382445141066,0.3839080459770115
3,1.0,0.7853709508881923,0.003343782654127482
3,0.5,0.052873563218390804,0.0
3,0.75,0.3467084639498433,0.0
3,0.875,0.574085684430512,0.0008359456635318704
3,0.8125,0.45830721003134794,0.0
3,0.84375,0.5203761755485894,0.0002089864158829676
3,0.828125,0.4875653082549634,0.0
3,0.8359375,0.5026123301985371,0.0
3,0.83203125,0.49634273772204807,0.0
3,0.833984375,0.49843260188087773,0.0
3,0.8349609375,0.5011494252873563,0.0
3,0.83447265625,0.5005224660397074,0.0
3,0.834228515625,0.49926854754440964,0.0
3,0.8343505859375,0.4998955067920585,0.0
3,0.83441162109375,0.5003134796238244,0.0
3,0.834381103515625,0.4998955067920585,0.0
3,0.8343963623046875,0.5001044932079415,0.0
3,0.8343887329101562,0.4998955067920585,0.0
3,0.8343925476074219,0.4998955067920585,0.0
3,0.8343944549560547,0.4998955067920585,0.0
3,0.8343954086303711,0.5001044932079415,0.0
3,0.8343949317932129,0.5001044932079415,0.0
3,0.8343946933746338,0.4998955067920585,0.0
3,0.8343948125839233,0.4998955067920585,0.0
3,0.8343948721885681,0.4998955067920585,0.0
3,0.8343949019908905,0.4998955067920585,0.0
3,0.8343949168920517,0.5001044932079415,0.0
3,0.8343949094414711,0.5001044932079415,0.0
3,0.8343949057161808,0.5001044932079415,0.0
3,0.8343949038535357,0.5001044932079415,0.0
3,0.8343949029222131,0.5001044932079415,0.0
3,0.8343949024565518,0.4998955067920585,0.0
3,0.8343949026893824,0.4998955067920585,0.0
3,0.8343949028057978,0.5001044932079415,0.0
3,0.8343949027475901,0.4998955067920585,0.0
3,0.8343949027766939,0.4998955067920585,0.0
3,0.8343949027912458,0.4998955067920585,0.0
3,0.8343949027985218,0.5001044932079415,0.0
3,0.8343949027948838,0.4998955067920585,0.0
3,0.8343949027967028,0.5001044932079415,0.0
3,0.8343949027957933,0.5001044932079415,0.0
3,0.8343949027953386,0.4998955067920585,0.0
3,0.8343949027955659,0.4998955067920585,0.0
3,0.8343949027956796,0.4998955067920585,0.0
3,0.8343949027957365,0.4998955067920585,0.0
3,0.8343949027957649,0.5001044932079415,0.0
3,0.8343949027957507,0.4998955067920585,0.0
3,0.8343949027957578,0.5001044932079415,0.0
3,0.8343949027957542,0.4998955067920585,0.0
3,0.834394902795756,0.5001044932079415,0.0
3,0.8343949027957551,0.4998955067920585,0.0
3,0.8343949027957556,0.4998955067920585,0.0
3,0.8343949027957558,0.5001044932079415,0.0
3,0.8343949027957557,0.5001044932079415,0.0
3,2.0,0.9962382445141066,0.3839080459770115
3,1.0,0.7853709508881923,0.003343782654127482
3,0.5,0.052873563218390804,0.0
3,0.75,0.3467084639498433,0.0
3,0.875,0.574085684430512,0.0008359456635318704
3,0.9375,0.684012539184953,0.0014629049111807733
3,0.90625,0.6288401253918495,0.0012539184952978057
3,0.921875,0.6572622779519331,0.0012539184952978057
3,0.9296875,0.6702194357366771,0.0014629049111807733
3,0.92578125,0.6649947753396029,0.0014629049111807733
3,0.927734375,0.6681295715778475,0.0014629049111807733
3,0.9267578125,0.6666666666666666,0.0014629049111807733
3,0.92724609375,0.6675026123301986,0.0014629049111807733
3,0.927001953125,0.6672936259143156,0.0014629049111807733
3,0.9268798828125,0.6668756530825496,0.0014629049111807733
3,0.92681884765625,0.6666666666666666,0.0014629049111807733
3,0.926849365234375,0.6668756530825496,0.0014629049111807733
3,0.9268341064453125,0.6666666666666666,0.0014629049111807733
3,0.9268417358398438,0.6666666666666666,0.0014629049111807733
3,0.9268455505371094,0.6668756530825496,0.0014629049111807733
3,0.9268436431884766,0.6666666666666666,0.0014629049111807733
3,0.926844596862793,0.6666666666666666,0.0014629049111807733
3,0.9268450736999512,0.6668756530825496,0.0014629049111807733
3,0.9268448352813721,0.6668756530825496,0.0014629049111807733
3,0.9268447160720825,0.6666666666666666,0.0014629049111807733
3,0.9268447756767273,0.6666666666666666,0.0014629049111807733
3,0.9268448054790497,0.6666666666666666,0.0014629049111807733
3,0.9268448203802109,0.6668756530825496,0.0014629049111807733
3,0.9268448129296303,0.6666666666666666,0.0014629049111807733
3,0.9268448166549206,0.6668756530825496,0.0014629049111807733
3,0.9268448147922754,0.6668756530825496,0.0014629049111807733
3,0.9268448138609529,0.6666666666666666,0.0014629049111807733
3,0.9268448143266141,0.6668756530825496,0.0014629049111807733
3,0.9268448140937835,0.6666666666666666,0.0014629049111807733
3,0.9268448142101988,0.6668756530825496,0.0014629049111807733
3,0.9268448141519912,0.6668756530825496,0.0014629049111807733
3,0.9268448141228873,0.6668756530825496,0.0014629049111807733
3,0.9268448141083354,0.6666666666666666,0.0014629049111807733
3,0.9268448141156114,0.6668756530825496,0.0014629049111807733
3,0.9268448141119734,0.6666666666666666,0.0014629049111807733
3,0.9268448141137924,0.6666666666666666,0.0014629049111807733
3,0.9268448141147019,0.6668756530825496,0.0014629049111807733
3,0.9268448141142471,0.6666666666666666,0.0014629049111807733
3,0.9268448141144745,0.6668756530825496,0.0014629049111807733
3,0.9268448141143608,0.6668756530825496,0.0014629049111807733
3,0.926844814114304,0.6666666666666666,0.0014629049111807733
3,0.9268448141143324,0.6666666666666666,0.0014629049111807733
3,0.9268448141143466,0.6668756530825496,0.0014629049111807733
3,0.9268448141143395,0.6666666666666666,0.0014629049111807733
3,0.926844814114343,0.6666666666666666,0.0014629049111807733
3,0.9268448141143448,0.6666666666666666,0.0014629049111807733
3,0.9268448141143457,0.6668756530825496,0.0014629049111807733
3,0.9268448141143453,0.6666666666666666,0.0014629049111807733
3,0.9268448141143455,0.6666666666666666,0.0014629049111807733
3,0.9268448141143456,0.6666666666666666,0.0014629049111807733
3,2.0,0.9962382445141066,0.3839080459770115
3,1.0,0.7853709508881923,0.003343782654127482
3,1.5,0.9882967607105538,0.12351097178683386
3,1.25,0.9605015673981191,0.03260188087774295
3,1.125,0.9153605015673981,0.010658307210031349
3,1.0625,0.8658307210031349,0.006896551724137931
3,1.03125,0.8284221525600836,0.00438871473354232
3,1.015625,0.807105538140021,0.003970741901776384
3,1.0078125,0.7974921630094044,0.003552769070010449
3,1.01171875,0.8027168234064785,0.003552769070010449
3,1.009765625,0.8,0.003552769070010449
3,1.0107421875,0.8010449320794149,0.003552769070010449
3,1.01025390625,0.8006269592476489,0.003552769070010449
3,1.010009765625,0.800417972831766,0.003552769070010449
3,1.0098876953125,0.8,0.003552769070010449
3,1.00994873046875,0.800208986415883,0.003552769070010449
3,1.009918212890625,0.8,0.003552769070010449
3,1.0099334716796875,0.800208986415883,0.003552769070010449
3,1.0099258422851562,0.800208986415883,0.003552769070010449
3,1.0099220275878906,0.800208986415883,0.003552769070010449
3,1.0099201202392578,0.800208986415883,0.003552769070010449
3,1.0099191665649414,0.800208986415883,0.003552769070010449
3,1.0099186897277832,0.8,0.003552769070010449
3,1.0099189281463623,0.8,0.003552769070010449
3,1.0099190473556519,0.800208986415883,0.003552769070010449
3,1.009918987751007,0.8,0.003552769070010449
3,1.0099190175533295,0.8,0.003552769070010449
3,1.0099190324544907,0.800208986415883,0.003552769070010449
3,1.00991902500391,0.800208986415883,0.003552769070010449
3,1.0099190212786198,0.800208986415883,0.003552769070010449
3,1.0099190194159746,0.800208986415883,0.003552769070010449
3,1.009919018484652,0.8,0.003552769070010449
3,1.0099190189503133,0.800208986415883,0.003552769070010449
3,1.0099190187174827,0.8,0.003552769070010449
3,1.009919018833898,0.800208986415883,0.003552769070010449
3,1.0099190187756903,0.800208986415883,0.003552769070010449
3,1.0099190187465865,0.800208986415883,0.003552769070010449
3,1.0099190187320346,0.8,0.003552769070010449
3,1.0099190187393106,0.8,0.003552769070010449
3,1.0099190187429485,0.8,0.003552769070010449
3,1.0099190187447675,0.800208986415883,0.003552769070010449
3,1.009919018743858,0.800208986415883,0.003552769070010449
3,1.0099190187434033,0.8,0.003552769070010449
3,1.0099190187436307,0.800208986415883,0.003552769070010449
3,1.009919018743517,0.800208986415883,0.003552769070010449
3,1.0099190187434601,0.800208986415883,0.003552769070010449
3,1.0099190187434317,0.800208986415883,0.003552769070010449
3,1.0099190187434175,0.800208986415883,0.003552769070010449
3,1.0099190187434104,0.8,0.003552769070010449
3,1.009919018743414,0.8,0.003552769070010449
3,1.0099190187434157,0.800208986415883,0.003552769070010449
3,1.0099190187434148,0.8,0.003552769070010449
3,1.0099190187434153,0.8,0.003552769070010449
3,1.0099190187434155,0.800208986415883,0.003552769070010449
3,2.0,0.9962382445141066,0.3839080459770115
3,1.0,0.7853709508881923,0.003343782654127482
3,1.5,0.9882967607105538,0.12351097178683386
3,1.25,0.9605015673981191,0.03260188087774295
3,1.125,0.9153605015673981,0.010658307210031349
3,1.0625,0.8658307210031349,0.006896551724137931
3,1.03125,0.8284221525600836,0.00438871473354232
3,1.046875,0.8457680250783699,0.005851619644723093
3,1.0546875,0.8560083594566353,0.006478578892371996
3,1.05859375,0.8603970741901776,0.006687565308254964
3,1.056640625,0.858516196447231,0.006478578892371996
3,1.0556640625,0.8574712643678161,0.006478578892371996
3,1.05517578125,0.8566353187042842,0.006478578892371996
3,1.055419921875,0.8568443051201672,0.006478578892371996
3,1.0555419921875,0.8572622779519331,0.006478578892371996
3,1.05548095703125,0.8568443051201672,0.006478578892371996
3,1.055511474609375,0.8568443051201672,0.006478578892371996
3,1.0555267333984375,0.8570532915360501,0.006478578892371996
3,1.0555343627929688,0.8572622779519331,0.006478578892371996
3,1.0555305480957031,0.8572622779519331,0.006478578892371996
3,1.0555286407470703,0.8572622779519331,0.006478578892371996
3,1.055527687072754,0.8572622779519331,0.006478578892371996
3,1.0555272102355957,0.8570532915360501,0.006478578892371996
3,1.0555274486541748,0.8570532915360501,0.006478578892371996
3,1.0555275678634644,0.8570532915360501,0.006478578892371996
3,1.0555276274681091,0.8570532915360501,0.006478578892371996
3,1.0555276572704315,0.8572622779519331,0.006478578892371996
3,1.0555276423692703,0.8572622779519331,0.006478578892371996
3,1.0555276349186897,0.8570532915360501,0.006478578892371996
3,1.05552763864398,0.8570532915360501,0.006478578892371996
3,1.0555276405066252,0.8572622779519331,0.006478578892371996
3,1.0555276395753026,0.8570532915360501,0.006478578892371996
3,1.0555276400409639,0.8572622779519331,0.006478578892371996
3,1.0555276398081332,0.8572622779519331,0.006478578892371996
3,1.055527639691718,0.8572622779519331,0.006478578892371996
3,1.0555276396335103,0.8570532915360501,0.006478578892371996
3,1.055527639662614,0.8572622779519331,0.006478578892371996
3,1.0555276396480622,0.8570532915360501,0.006478578892371996
3,1.0555276396553381,0.8572622779519331,0.006478578892371996
3,1.0555276396517002,0.8572622779519331,0.006478578892371996
3,1.0555276396498812,0.8572622779519331,0.006478578892371996
3,1.0555276396489717,0.8570532915360501,0.006478578892371996
3,1.0555276396494264,0.8572622779519331,0.006478578892371996
3,1.055527639649199,0.8570532915360501,0.006478578892371996
3,1.0555276396493127,0.8570532915360501,0.006478578892371996
3,1.0555276396493696,0.8572622779519331,0.006478578892371996
3,1.0555276396493412,0.8570532915360501,0.006478578892371996
3,1.0555276396493554,0.8570532915360501,0.006478578892371996
3,1.0555276396493625,0.8572622779519331,0.006478578892371996
3,1.055527639649359,0.8570532915360501,0.006478578892371996
3,1.0555276396493607,0.8570532915360501,0.006478578892371996
3,1.0555276396493616,0.8572622779519331,0.006478578892371996
3,1.0555276396493611,0.8570532915360501,0.006478578892371996
3,1.0555276396493614,0.8572622779519331,0.006478578892371996
3,2.0,0.9962382445141066,0.3839080459770115
3,1.0,0.7853709508881923,0.003343782654127482
3,1.5,0.9882967607105538,0.12351097178683386
3,1.25,0.9605015673981191,0.03260188087774295
3,1.125,0.9153605015673981,0.010658307210031349
3,1.0625,0.8658307210031349,0.006896551724137931
3,1.09375,0.8936259143155695,0.008568443051201672
3,1.078125,0.8804597701149425,0.0073145245559038665
3,1.0859375,0.8867293625914315,0.008150470219435737
3,1.08984375,0.8896551724137931,0.008150470219435737
3,1.087890625,0.8886102403343783,0.008150470219435737
3,1.0888671875,0.8888192267502613,0.008150470219435737
3,1.08935546875,0.8894461859979101,0.008150470219435737
3,1.089111328125,0.8888192267502613,0.008150470219435737
3,1.0892333984375,0.8892371995820272,0.008150470219435737
3,1.08917236328125,0.8888192267502613,0.008150470219435737
3,1.089202880859375,0.8890282131661442,0.008150470219435737
3,1.0891876220703125,0.8890282131661442,0.008150470219435737
3,1.0891799926757812,0.8888192267502613,0.008150470219435737
3,1.0891838073730469,0.8888192267502613,0.008150470219435737
3,1.0891857147216797,0.8890282131661442,0.008150470219435737
3,1.0891847610473633,0.8890282131661442,0.008150470219435737
3,1.089184284210205,0.8890282131661442,0.008150470219435737
3,1.089184045791626,0.8888192267502613,0.008150470219435737
3,1.0891841650009155,0.8890282131661442,0.008150470219435737
3,1.0891841053962708,0.8890282131661442,0.008150470219435737
3,1.0891840755939484,0.8890282131661442,0.008150470219435737
3,1.0891840606927872,0.8888192267502613,0.008150470219435737
3,1.0891840681433678,0.8890282131661442,0.008150470219435737
3,1.0891840644180775,0.8888192267502613,0.008150470219435737
3,1.0891840662807226,0.8890282131661442,0.008150470219435737
3,1.0891840653494,0.8890282131661442,0.008150470219435737
3,1.0891840648837388,0.8890282131661442,0.008150470219435737
3,1.0891840646509081,0.8890282131661442,0.008150470219435737
3,1.0891840645344928,0.8890282131661442,0.008150470219435737
3,1.0891840644762851,0.8888192267502613,0.008150470219435737
3,1.089184064505389,0.8888192267502613,0.008150470219435737
3,1.0891840645199409,0.8890282131661442,0.008150470219435737
3,1.089184064512665,0.8890282131661442,0.008150470219435737
3,1.089184064509027,0.8890282131661442,0.008150470219435737
3,1.089184064507208,0.8890282131661442,0.008150470219435737
3,1.0891840645062985,0.8890282131661442,0.008150470219435737
3,1.0891840645058437,0.8888192267502613,0.008150470219435737
3,1.089184064506071,0.8890282131661442,0.008150470219435737
3,1.0891840645059574,0.8890282131661442,0.008150470219435737
3,1.0891840645059006,0.8888192267502613,0.008150470219435737
3,1.089184064505929,0.8890282131661442,0.008150470219435737
3,1.0891840645059148,0.8890282131661442,0.008150470219435737
3,1.0891840645059077,0.8890282131661442,0.008150470219435737
3,1.089184064505904,0.8888192267502613,0.008150470219435737
3,1.0891840645059059,0.8890282131661442,0.008150470219435737
3,1.089184064505905,0.8890282131661442,0.008150470219435737
3,1.0891840645059045,0.8888192267502613,0.008150470219435737
3,1.0891840645059048,0.8888192267502613,0.008150470219435737
3,2.0,0.9962382445141066,0.3839080459770115
3,1.0,0.7853709508881923,0.003343782654127482
3,1.5,0.9882967607105538,0.12351097178683386
3,1.25,0.9605015673981191,0.03260188087774295
3,1.125,0.9153605015673981,0.010658307210031349
3,1.0625,0.8658307210031349,0.006896551724137931
3,1.09375,0.8936259143155695,0.008568443051201672
3,1.109375,0.9061650992685475,0.009404388714733543
3,1.1171875,0.909926854754441,0.010031347962382446
3,1.11328125,0.9088819226750261,0.00961337513061651
3,1.115234375,0.9090909090909091,0.00961337513061651
3,1.1162109375,0.909299895506792,0.009822361546499478
3,1.11572265625,0.909299895506792,0.009822361546499478
3,1.115478515625,0.909299895506792,0.00961337513061651
3,1.1153564453125,0.9090909090909091,0.00961337513061651
3,1.11541748046875,0.9090909090909091,0.00961337513061651
3,1.115447998046875,0.9090909090909091,0.00961337513061651
3,1.1154632568359375,0.909299895506792,0.00961337513061651
3,1.1154556274414062,0.9090909090909091,0.00961337513061651
3,1.1154594421386719,0.909299895506792,0.00961337513061651
3,1.115457534790039,0.909299895506792,0.00961337513061651
3,1.1154565811157227,0.9090909090909091,0.00961337513061651
3,1.1154570579528809,0.909299895506792,0.00961337513061651
3,1.1154568195343018,0.9090909090909091,0.00961337513061651
3,1.1154569387435913,0.9090909090909091,0.00961337513061651
3,1.115456998348236,0.909299895506792,0.00961337513061651
3,1.1154569685459137,0.9090909090909091,0.00961337513061651
3,1.115456983447075,0.9090909090909091,0.00961337513061651
3,1.1154569908976555,0.909299895506792,0.00961337513061651
3,1.1154569871723652,0.9090909090909091,0.00961337513061651
3,1.1154569890350103,0.9090909090909091,0.00961337513061651
3,1.115456989966333,0.909299895506792,0.00961337513061651
3,1.1154569895006716,0.9090909090909091,0.00961337513061651
3,1.1154569897335023,0.9090909090909091,0.00961337513061651
3,1.1154569898499176,0.909299895506792,0.00961337513061651
3,1.11545698979171,0.9090909090909091,0.00961337513061651
3,1.1154569898208138,0.909299895506792,0.00961337513061651
3,1.1154569898062618,0.9090909090909091,0.00961337513061651
3,1.1154569898135378,0.909299895506792,0.00961337513061651
3,1.1154569898098998,0.9090909090909091,0.00961337513061651
3,1.1154569898117188,0.909299895506792,0.00961337513061651
3,1.1154569898108093,0.909299895506792,0.00961337513061651
3,1.1154569898103546,0.909299895506792,0.00961337513061651
3,1.1154569898101272,0.9090909090909091,0.00961337513061651
3,1.1154569898102409,0.9090909090909091,0.00961337513061651
3,1.1154569898102977,0.9090909090909091,0.00961337513061651
3,1.1154569898103261,0.909299895506792,0.00961337513061651
3,1.115456989810312,0.909299895506792,0.00961337513061651
3,1.1154569898103048,0.909299895506792,0.00961337513061651
3,1.1154569898103013,0.9090909090909091,0.00961337513061651
3,1.115456989810303,0.909299895506792,0.00961337513061651
3,1.1154569898103022,0.909299895506792,0.00961337513061651
3,1.1154569898103017,0.9090909090909091,0.00961337513061651
3,1.115456989810302,0.9090909090909091,0.00961337513061651
3,2.0,0.9962382445141066,0.3839080459770115
3,3.0,0.9991640543364682,0.7469174503657262
3,3.5,0.9995820271682341,0.8338557993730408
3,3.75,0.9995820271682341,0.8704284221525601
3,3.875,0.9995820271682341,0.8869383490073145
3,3.9375,0.9995820271682341,0.8929989550679206
3,3.96875,0.9995820271682341,0.8959247648902822
3,3.984375,0.9995820271682341,0.8988505747126436
3,3.9921875,0.9995820271682341,0.8996865203761756
3,3.99609375,0.9995820271682341,0.8998955067920585
3,3.998046875,0.9995820271682341,0.9001044932079415
3,3.9990234375,0.9995820271682341,0.9005224660397074
3,3.99951171875,0.9995820271682341,0.9005224660397074
3,3.999755859375,0.9995820271682341,0.9005224660397074
3,3.9998779296875,0.9995820271682341,0.9005224660397074
3,3.99993896484375,0.9995820271682341,0.9005224660397074
3,3.999969482421875,0.9995820271682341,0.9005224660397074
3,3.9999847412109375,0.9995820271682341,0.9005224660397074
3,3.9999923706054688,0.9995820271682341,0.9005224660397074
3,3.9999961853027344,0.9995820271682341,0.9005224660397074
3,3.999998092651367,0.9995820271682341,0.9005224660397074
3,3.9999990463256836,0.9995820271682341,0.9005224660397074
3,3.999999523162842,0.9995820271682341,0.9005224660397074
3,3.999999761581421,0.9995820271682341,0.9005224660397074
3,3.9999998807907104,0.9995820271682341,0.9005224660397074
3,3.9999999403953552,0.9995820271682341,0.9005224660397074
3,3.9999999701976776,0.9995820271682341,0.9005224660397074
3,3.999999985098839,0.9995820271682341,0.9005224660397074
3,3.9999999925494194,0.9995820271682341,0.9005224660397074
3,3.9999999962747097,0.9995820271682341,0.9005224660397074
3,3.999999998137355,0.9995820271682341,0.9005224660397074
3,3.9999999990686774,0.9995820271682341,0.9005224660397074
3,3.9999999995343387,0.9995820271682341,0.9005224660397074
3,3.9999999997671694,0.9995820271682341,0.9005224660397074
3,3.9999999998835847,0.9995820271682341,0.9005224660397074
3,3.9999999999417923,0.9995820271682341,0.9005224660397074
3,3.999999999970896,0.9995820271682341,0.9005224660397074
3,3.999999999985448,0.9995820271682341,0.9005224660397074
3,3.999999999992724,0.9995820271682341,0.9005224660397074
3,3.999999999996362,0.9995820271682341,0.9005224660397074
3,3.999999999998181,0.9995820271682341,0.9005224660397074
3,3.9999999999990905,0.9995820271682341,0.9005224660397074
3,3.9999999999995453,0.9995820271682341,0.9005224660397074
3,3.9999999999997726,0.9995820271682341,0.9005224660397074
3,3.9999999999998863,0.9995820271682341,0.9005224660397074
3,3.999999999999943,0.9995820271682341,0.9005224660397074
3,3.9999999999999716,0.9995820271682341,0.9005224660397074
3,3.999999999999986,0.9995820271682341,0.9005224660397074
3,3.999999999999993,0.9995820271682341,0.9005224660397074
3,3.9999999999999964,0.9995820271682341,0.9005224660397074
3,3.9999999999999982,0.9995820271682341,0.9005224660397074
3,3.999999999999999,0.9995820271682341,0.9005224660397074
3,3.9999999999999996,0.9995820271682341,0.9005224660397074
3,4.0,0.9995820271682341,0.9005224660397074
4,2.0,0.9970219435736677,0.3926332288401254
4,1.0,0.7799373040752351,0.001567398119122257
4,0.5,0.05987460815047022,0.0
4,0.75,0.361128526645768,0.0
4,0.875,0.5716300940438871,0.0004702194357366771
4,0.8125,0.46489028213166145,0.00015673981191222572
4,0.84375,0.5172413793103449,0.00015673981191222572
4,0.828125,0.4910658307210031,0.00015673981191222572
4,0.8359375,0.5032915360501568,0.00015673981191222572
4,0.83203125,0.4957680250783699,0.00015673981191222572
4,0.833984375,0.4998432601880878,0.00015673981191222572
4,0.8349609375,0.5015673981191222,0.00015673981191222572
4,0.83447265625,0.5009404388714733,0.00015673981191222572
4,0.834228515625,0.5004702194357367,0.00015673981191222572
4,0.8341064453125,0.5003134796238244,0.00015673981191222572
4,0.83404541015625,0.5003134796238244,0.00015673981191222572
4,0.834014892578125,0.5003134796238244,0.00015673981191222572
4,0.8339996337890625,0.5001567398119122,0.00015673981191222572
4,0.8339920043945312,0.5,0.00015673981191222572
4,0.8339958190917969,0.5,0.00015673981191222572
4,0.8339977264404297,0.5,0.00015673981191222572
4,0.8339986801147461,0.5001567398119122,0.00015673981191222572
4,0.8339982032775879,0.5,0.00015673981191222572
4,0.833998441696167,0.5001567398119122,0.00015673981191222572
4,0.8339983224868774,0.5001567398119122,0.00015673981191222572
4,0.8339982628822327,0.5,0.00015673981191222572
4,0.833998292684555,0.5001567398119122,0.00015673981191222572
4,0.8339982777833939,0.5,0.00015673981191222572
4,0.8339982852339745,0.5001567398119122,0.00015673981191222572
4,0.8339982815086842,0.5,0.00015673981191222572
4,0.8339982833713293,0.5001567398119122,0.00015673981191222572
4,0.8339982824400067,0.5,0.00015673981191222572
4,0.833998282905668,0.5001567398119122,0.00015673981191222572
4,0.8339982826728374,0.5001567398119122,0.00015673981191222572
4,0.833998282556422,0.5001567398119122,0.00015673981191222572
4,0.8339982824982144,0.5001567398119122,0.00015673981191222572
4,0.8339982824691106,0.5001567398119122,0.00015673981191222572
4,0.8339982824545586,0.5001567398119122,0.00015673981191222572
4,0.8339982824472827,0.5001567398119122,0.00015673981191222572
4,0.8339982824436447,0.5,0.00015673981191222572
4,0.8339982824454637,0.5,0.00015673981191222572
4,0.8339982824463732,0.5001567398119122,0.00015673981191222572
4,0.8339982824459184,0.5,0.00015673981191222572
4,0.8339982824461458,0.5,0.00015673981191222572
4,0.8339982824462595,0.5,0.00015673981191222572
4,0.8339982824463164,0.5001567398119122,0.00015673981191222572
4,0.8339982824462879,0.5,0.00015673981191222572
4,0.8339982824463021,0.5001567398119122,0.00015673981191222572
4,0.833998282446295,0.5,0.00015673981191222572
4,0.8339982824462986,0.5,0.00015673981191222572
4,0.8339982824463004,0.5001567398119122,0.00015673981191222572
4,0.8339982824462995,0.5001567398119122,0.00015673981191222572
4,0.833998282446299,0.5,0.00015673981191222572
4,0.8339982824462993,0.5,0.00015673981191222572
4,0.8339982824462994,0.5001567398119122,0.00015673981191222572
4,2.0,0.9970219435736677,0.3926332288401254
4,1.0,0.7799373040752351,0.001567398119122257
4,0.5,0.05987460815047022,0.0
4,0.75,0.361128526645768,0.0
4,0.875,0.5716300940438871,0.0004702194357366771
4,0.9375,0.680564263322884,0.0009404388714733542
4,0.90625,0.6264890282131661,0.0006269592476489029
4,0.921875,0.6536050156739812,0.0009404388714733542
4,0.9296875,0.6691222570532915,0.0009404388714733542
4,0.92578125,0.6633228840125391,0.0009404388714733542
4,0.927734375,0.6658307210031348,0.0009404388714733542
4,0.9287109375,0.6673981191222571,0.0009404388714733542
4,0.92822265625,0.6666144200626959,0.0009404388714733542
4,0.928466796875,0.6667711598746081,0.0009404388714733542
4,0.9283447265625,0.6667711598746081,0.0009404388714733542
4,0.92828369140625,0.6667711598746081,0.0009404388714733542
4,0.928253173828125,0.6667711598746081,0.0009404388714733542
4,0.9282379150390625,0.6667711598746081,0.0009404388714733542
4,0.9282302856445312,0.6666144200626959,0.0009404388714733542
4,0.9282341003417969,0.6667711598746081,0.0009404388714733542
4,0.9282321929931641,0.6667711598746081,0.0009404388714733542
4,0.9282312393188477,0.6666144200626959,0.0009404388714733542
4,0.9282317161560059,0.6666144200626959,0.0009404388714733542
4,0.928231954574585,0.6667711598746081,0.0009404388714733542
4,0.9282318353652954,0.6666144200626959,0.0009404388714733542
4,0.9282318949699402,0.6667711598746081,0.0009404388714733542
4,0.9282318651676178,0.6666144200626959,0.0009404388714733542
4,0.928231880068779,0.6666144200626959,0.0009404388714733542
4,0.9282318875193596,0.6667711598746081,0.0009404388714733542
4,0.9282318837940693,0.6667711598746081,0.0009404388714733542
4,0.9282318819314241,0.6667711598746081,0.0009404388714733542
4,0.9282318810001016,0.6666144200626959,0.0009404388714733542
4,0.9282318814657629,0.6667711598746081,0.0009404388714733542
4,0.9282318812329322,0.6666144200626959,0.0009404388714733542
4,0.9282318813493475,0.6666144200626959,0.0009404388714733542
4,0.9282318814075552,0.6666144200626959,0.0009404388714733542
4,0.928231881436659,0.6666144200626959,0.0009404388714733542
4,0.9282318814512109,0.6667711598746081,0.0009404388714733542
4,0.928231881443935,0.6667711598746081,0.0009404388714733542
4,0.928231881440297,0.6666144200626959,0.0009404388714733542
4,0.928231881442116,0.6667711598746081,0.0009404388714733542
4,0.9282318814412065,0.6666144200626959,0.0009404388714733542
4,0.9282318814416612,0.6667711598746081,0.0009404388714733542
4,0.9282318814414339,0.6666144200626959,0.0009404388714733542
4,0.9282318814415476,0.6667711598746081,0.0009404388714733542
4,0.9282318814414907,0.6667711598746081,0.0009404388714733542
4,0.9282318814414623,0.6667711598746081,0.0009404388714733542
4,0.9282318814414481,0.6666144200626959,0.0009404388714733542
4,0.9282318814414552,0.6666144200626959,0.0009404388714733542
4,0.9282318814414587,0.6666144200626959,0.0009404388714733542
4,0.9282318814414605,0.6667711598746081,0.0009404388714733542
4,0.9282318814414596,0.6667711598746081,0.0009404388714733542
4,0.9282318814414592,0.6667711598746081,0.0009404388714733542
4,0.928231881441459,0.6666144200626959,0.0009404388714733542
4,0.9282318814414591,0.6667711598746081,0.0009404388714733542
4,2.0,0.9970219435736677,0.3926332288401254
4,1.0,0.7799373040752351,0.001567398119122257
4,1.5,0.9858934169278997,0.1231974921630094
4,1.25,0.9554858934169279,0.03463949843260188
4,1.125,0.9072100313479624,0.014106583072100314
4,1.0625,0.8570532915360501,0.005799373040752351
4,1.03125,0.8219435736677116,0.0029780564263322882
4,1.015625,0.8020376175548589,0.0017241379310344827
4,1.0078125,0.7915360501567398,0.001567398119122257
4,1.01171875,0.79717868338558,0.0017241379310344827
4,1.013671875,0.7995297805642633,0.0017241379310344827
4,1.0146484375,0.8004702194357367,0.0017241379310344827
4,1.01416015625,0.8,0.0017241379310344827
4,1.014404296875,0.8001567398119123,0.0017241379310344827
4,1.0142822265625,0.8,0.0017241379310344827
4,1.01434326171875,0.8,0.0017241379310344827
4,1.014373779296875,0.8001567398119123,0.0017241379310344827
4,1.0143585205078125,0.8001567398119123,0.0017241379310344827
4,1.0143508911132812,0.8,0.0017241379310344827
4,1.0143547058105469,0.8,0.0017241379310344827
4,1.0143566131591797,0.8,0.0017241379310344827
4,1.014357566833496,0.8,0.0017241379310344827
4,1.0143580436706543,0.8,0.0017241379310344827
4,1.0143582820892334,0.8001567398119123,0.0017241379310344827
4,1.0143581628799438,0.8001567398119123,0.0017241379310344827
4,1.014358103275299,0.8001567398119123,0.0017241379310344827
4,1.0143580734729767,0.8,0.0017241379310344827
4,1.0143580883741379,0.8,0.0017241379310344827
4,1.0143580958247185,0.8,0.0017241379310344827
4,1.0143580995500088,0.8,0.0017241379310344827
4,1.014358101412654,0.8,0.0017241379310344827
4,1.0143581023439765,0.8001567398119123,0.0017241379310344827
4,1.0143581018783152,0.8,0.0017241379310344827
4,1.0143581021111459,0.8,0.0017241379310344827
4,1.0143581022275612,0.8001567398119123,0.0017241379310344827
4,1.0143581021693535,0.8001567398119123,0.0017241379310344827
4,1.0143581021402497,0.8001567398119123,0.0017241379310344827
4,1.0143581021256978,0.8,0.0017241379310344827
4,1.0143581021329737,0.8,0.0017241379310344827
4,1.0143581021366117,0.8001567398119123,0.0017241379310344827
4,1.0143581021347927,0.8001567398119123,0.0017241379310344827
4,1.0143581021338832,0.8001567398119123,0.0017241379310344827
4,1.0143581021334285,0.8,0.0017241379310344827
4,1.0143581021336558,0.8001567398119123,0.0017241379310344827
4,1.0143581021335422,0.8001567398119123,0.0017241379310344827
4,1.0143581021334853,0.8001567398119123,0.0017241379310344827
4,1.014358102133457,0.8001567398119123,0.0017241379310344827
4,1.0143581021334427,0.8001567398119123,0.0017241379310344827
4,1.0143581021334356,0.8001567398119123,0.0017241379310344827
4,1.014358102133432,0.8001567398119123,0.0017241379310344827
4,1.0143581021334303,0.8,0.0017241379310344827
4,1.0143581021334311,0.8001567398119123,0.0017241379310344827
4,1.0143581021334307,0.8001567398119123,0.0017241379310344827
4,1.0143581021334305,0.8001567398119123,0.0017241379310344827
4,2.0,0.9970219435736677,0.3926332288401254
4,1.0,0.7799373040752351,0.001567398119122257
4,1.5,0.9858934169278997,0.1231974921630094
4,1.25,0.9554858934169279,0.03463949843260188
4,1.125,0.9072100313479624,0.014106583072100314
4,1.0625,0.8570532915360501,0.005799373040752351
4,1.09375,0.8844827586206897,0.01018808777429467
4,1.078125,0.8719435736677116,0.007836990595611285
4,1.0703125,0.8644200626959248,0.006739811912225706
4,1.06640625,0.8614420062695924,0.006426332288401254
4,1.064453125,0.8587774294670847,0.006112852664576803
4,1.0634765625,0.8579937304075235,0.0059561128526645765
4,1.06298828125,0.8575235109717868,0.0059561128526645765
4,1.062744140625,0.8573667711598746,0.005799373040752351
4,1.0626220703125,0.8572100313479624,0.005799373040752351
4,1.06256103515625,0.8570532915360501,0.005799373040752351
4,1.062591552734375,0.8572100313479624,0.005799373040752351
4,1.0625762939453125,0.8570532915360501,0.005799373040752351
4,1.0625839233398438,0.8572100313479624,0.005799373040752351
4,1.0625801086425781,0.8572100313479624,0.005799373040752351
4,1.0625782012939453,0.8572100313479624,0.005799373040752351
4,1.062577247619629,0.8572100313479624,0.005799373040752351
4,1.0625767707824707,0.8572100313479624,0.005799373040752351
4,1.0625765323638916,0.8570532915360501,0.005799373040752351
4,1.0625766515731812,0.8570532915360501,0.005799373040752351
4,1.062576711177826,0.8570532915360501,0.005799373040752351
4,1.0625767409801483,0.8572100313479624,0.005799373040752351
4,1.0625767260789871,0.8572100313479624,0.005799373040752351
4,1.0625767186284065,0.8572100313479624,0.005799373040752351
4,1.0625767149031162,0.8570532915360501,0.005799373040752351
4,1.0625767167657614,0.8572100313479624,0.005799373040752351
4,1.0625767158344388,0.8572100313479624,0.005799373040752351
4,1.0625767153687775,0.8572100313479624,0.005799373040752351
4,1.0625767151359469,0.8570532915360501,0.005799373040752351
4,1.0625767152523622,0.8572100313479624,0.005799373040752351
4,1.0625767151941545,0.8570532915360501,0.005799373040752351
4,1.0625767152232584,0.8572100313479624,0.005799373040752351
4,1.0625767152087064,0.8570532915360501,0.005799373040752351
4,1.0625767152159824,0.8570532915360501,0.005799373040752351
4,1.0625767152196204,0.8572100313479624,0.005799373040752351
4,1.0625767152178014,0.8570532915360501,0.005799373040752351
4,1.0625767152187109,0.8572100313479624,0.005799373040752351
4,1.0625767152182561,0.8570532915360501,0.005799373040752351
4,1.0625767152184835,0.8572100313479624,0.005799373040752351
4,1.0625767152183698,0.8572100313479624,0.005799373040752351
4,1.062576715218313,0.8572100313479624,0.005799373040752351
4,1.0625767152182846,0.8570532915360501,0.005799373040752351
4,1.0625767152182988,0.8570532915360501,0.005799373040752351
4,1.0625767152183059,0.8570532915360501,0.005799373040752351
4,1.0625767152183094,0.8572100313479624,0.005799373040752351
4,1.0625767152183077,0.8570532915360501,0.005799373040752351
4,1.0625767152183085,0.8570532915360501,0.005799373040752351
4,1.062576715218309,0.8572100313479624,0.005799373040752351
4,1.0625767152183088,0.8570532915360501,0.005799373040752351
4,2.0,0.9970219435736677,0.3926332288401254
4,1.0,0.7799373040752351,0.001567398119122257
4,1.5,0.9858934169278997,0.1231974921630094
4,1.25,0.9554858934169279,0.03463949843260188
4,1.125,0.9072100313479624,0.014106583072100314
4,1.0625,0.8570532915360501,0.005799373040752351
4,1.09375,0.8844827586206897,0.01018808777429467
4,1.109375,0.8967084639498433,0.011755485893416929
4,1.1015625,0.8916927899686521,0.01128526645768025
4,1.09765625,0.8887147335423198,0.010344827586206896
4,1.099609375,0.8904388714733542,0.010815047021943573
4,1.0986328125,0.8898119122257053,0.010344827586206896
4,1.09814453125,0.8893416927899687,0.010344827586206896
4,1.097900390625,0.8891849529780564,0.010344827586206896
4,1.0977783203125,0.8890282131661442,0.010344827586206896
4,1.09771728515625,0.888871473354232,0.010344827586206896
4,1.097747802734375,0.8890282131661442,0.010344827586206896
4,1.0977325439453125,0.888871473354232,0.010344827586206896
4,1.0977401733398438,0.8890282131661442,0.010344827586206896
4,1.0977363586425781,0.8890282131661442,0.010344827586206896
4,1.0977344512939453,0.8890282131661442,0.010344827586206896
4,1.097733497619629,0.8890282131661442,0.010344827586206896
4,1.0977330207824707,0.888871473354232,0.010344827586206896
4,1.0977332592010498,0.8890282131661442,0.010344827586206896
4,1.0977331399917603,0.8890282131661442,0.010344827586206896
4,1.0977330803871155,0.8890282131661442,0.010344827586206896
4,1.097733050584793,0.888871473354232,0.010344827586206896
4,1.0977330654859543,0.8890282131661442,0.010344827586206896
4,1.0977330580353737,0.888871473354232,0.010344827586206896
4,1.097733061760664,0.8890282131661442,0.010344827586206896
4,1.0977330598980188,0.8890282131661442,0.010344827586206896
4,1.0977330589666963,0.888871473354232,0.010344827586206896
4,1.0977330594323575,0.888871473354232,0.010344827586206896
4,1.0977330596651882,0.8890282131661442,0.010344827586206896
4,1.0977330595487729,0.888871473354232,0.010344827586206896
4,1.0977330596069805,0.8890282131661442,0.010344827586206896
4,1.0977330595778767,0.8890282131661442,0.010344827586206896
4,1.0977330595633248,0.888871473354232,0.010344827586206896
4,1.0977330595706007,0.888871473354232,0.010344827586206896
4,1.0977330595742387,0.8890282131661442,0.010344827586206896
4,1.0977330595724197,0.8890282131661442,0.010344827586206896
4,1.0977330595715102,0.8890282131661442,0.010344827586206896
4,1.0977330595710555,0.8890282131661442,0.010344827586206896
4,1.0977330595708281,0.8890282131661442,0.010344827586206896
4,1.0977330595707144,0.888871473354232,0.010344827586206896
4,1.0977330595707713,0.8890282131661442,0.010344827586206896
4,1.0977330595707429,0.8890282131661442,0.010344827586206896
4,1.0977330595707286,0.8890282131661442,0.010344827586206896
4,1.0977330595707215,0.8890282131661442,0.010344827586206896
4,1.097733059570718,0.8890282131661442,0.010344827586206896
4,1.0977330595707162,0.888871473354232,0.010344827586206896
4,1.097733059570717,0.8890282131661442,0.010344827586206896
4,1.0977330595707167,0.8890282131661442,0.010344827586206896
4,1.0977330595707164,0.8890282131661442,0.010344827586206896
4,2.0,0.9970219435736677,0.3926332288401254
4,1.0,0.7799373040752351,0.001567398119122257
4,1.5,0.9858934169278997,0.1231974921630094
4,1.25,0.9554858934169279,0.03463949843260188
4,1.125,0.9072100313479624,0.014106583072100314
4,1.1875,0.9368338557993731,0.024921630094043887
4,1.15625,0.9241379310344827,0.018808777429467086
4,1.140625,0.9163009404388714,0.016927899686520375
4,1.1328125,0.9114420062695925,0.015517241379310345
4,1.12890625,0.909717868338558,0.015360501567398118
4,1.126953125,0.9084639498432602,0.014733542319749215
4,1.1279296875,0.9089341692789968,0.014890282131661442
4,1.12841796875,0.9092476489028213,0.015203761755485894
4,1.128173828125,0.9092476489028213,0.015203761755485894
4,1.1280517578125,0.9090909090909091,0.015203761755485894
4,1.12811279296875,0.9092476489028213,0.015203761755485894
4,1.128082275390625,0.9090909090909091,0.015203761755485894
4,1.1280975341796875,0.9090909090909091,0.015203761755485894
4,1.1281051635742188,0.9090909090909091,0.015203761755485894
4,1.1281089782714844,0.9092476489028213,0.015203761755485894
4,1.1281070709228516,0.9092476489028213,0.015203761755485894
4,1.1281061172485352,0.9090909090909091,0.015203761755485894
4,1.1281065940856934,0.9090909090909091,0.015203761755485894
4,1.1281068325042725,0.9090909090909091,0.015203761755485894
4,1.128106951713562,0.9090909090909091,0.015203761755485894
4,1.1281070113182068,0.9092476489028213,0.015203761755485894
4,1.1281069815158844,0.9090909090909091,0.015203761755485894
4,1.1281069964170456,0.9092476489028213,0.015203761755485894
4,1.128106988966465,0.9092476489028213,0.015203761755485894
4,1.1281069852411747,0.9092476489028213,0.015203761755485894
4,1.1281069833785295,0.9092476489028213,0.015203761755485894
4,1.128106982447207,0.9092476489028213,0.015203761755485894
4,1.1281069819815457,0.9092476489028213,0.015203761755485894
4,1.128106981748715,0.9092476489028213,0.015203761755485894
4,1.1281069816322997,0.9090909090909091,0.015203761755485894
4,1.1281069816905074,0.9092476489028213,0.015203761755485894
4,1.1281069816614036,0.9092476489028213,0.015203761755485894
4,1.1281069816468516,0.9092476489028213,0.015203761755485894
4,1.1281069816395757,0.9092476489028213,0.015203761755485894
4,1.1281069816359377,0.9090909090909091,0.015203761755485894
4,1.1281069816377567,0.9090909090909091,0.015203761755485894
4,1.1281069816386662,0.9090909090909091,0.015203761755485894
4,1.128106981639121,0.9092476489028213,0.015203761755485894
4,1.1281069816388936,0.9092476489028213,0.015203761755485894
4,1.1281069816387799,0.9092476489028213,0.015203761755485894
4,1.128106981638723,0.9090909090909091,0.015203761755485894
4,1.1281069816387514,0.9092476489028213,0.015203761755485894
4,1.1281069816387372,0.9090909090909091,0.015203761755485894
4,1.1281069816387443,0.9092476489028213,0.015203761755485894
4,1.1281069816387408,0.9090909090909091,0.015203761755485894
4,1.1281069816387426,0.9092476489028213,0.015203761755485894
4,1.1281069816387417,0.9092476489028213,0.015203761755485894
4,1.1281069816387412,0.9092476489028213,0.015203761755485894
4,1.128106981638741,0.9092476489028213,0.015203761755485894
4,2.0,0.9970219435736677,0.3926332288401254
4,3.0,0.9996865203761756,0.7562695924764891
4,3.5,0.9996865203761756,0.8426332288401254
4,3.75,0.9998432601880878,0.877742946708464
4,3.875,0.9998432601880878,0.8912225705329153
4,3.9375,0.9998432601880878,0.8976489028213166
4,3.96875,0.9998432601880878,0.9007836990595611
4,3.984375,0.9998432601880878,0.9018808777429467
4,3.9921875,0.9998432601880878,0.9025078369905956
4,3.99609375,0.9998432601880878,0.9036050156739812
4,3.998046875,0.9998432601880878,0.9039184952978057
4,3.9990234375,0.9998432601880878,0.9039184952978057
4,3.99951171875,0.9998432601880878,0.9039184952978057
4,3.999755859375,0.9998432601880878,0.9039184952978057
4,3.9998779296875,0.9998432601880878,0.9039184952978057
4,3.99993896484375,0.9998432601880878,0.9039184952978057
4,3.999969482421875,0.9998432601880878,0.9039184952978057
4,3.9999847412109375,0.9998432601880878,0.9039184952978057
4,3.9999923706054688,0.9998432601880878,0.9039184952978057
4,3.9999961853027344,0.9998432601880878,0.9039184952978057
4,3.999998092651367,0.9998432601880878,0.9039184952978057
4,3.9999990463256836,0.9998432601880878,0.9039184952978057
4,3.999999523162842,0.9998432601880878,0.9039184952978057
4,3.999999761581421,0.9998432601880878,0.9039184952978057
4,3.9999998807907104,0.9998432601880878,0.9039184952978057
4,3.9999999403953552,0.9998432601880878,0.9039184952978057
4,3.9999999701976776,0.9998432601880878,0.9039184952978057
4,3.999999985098839,0.9998432601880878,0.9039184952978057
4,3.9999999925494194,0.9998432601880878,0.9039184952978057
4,3.9999999962747097,0.9998432601880878,0.9039184952978057
4,3.999999998137355,0.9998432601880878,0.9039184952978057
4,3.9999999990686774,0.9998432601880878,0.9039184952978057
4,3.9999999995343387,0.9998432601880878,0.9039184952978057
4,3.9999999997671694,0.9998432601880878,0.9039184952978057
4,3.9999999998835847,0.9998432601880878,0.9039184952978057
4,3.9999999999417923,0.9998432601880878,0.9039184952978057
4,3.999999999970896,0.9998432601880878,0.9039184952978057
4,3.999999999985448,0.9998432601880878,0.9039184952978057
4,3.999999999992724,0.9998432601880878,0.9039184952978057
4,3.999999999996362,0.9998432601880878,0.9039184952978057
4,3.999999999998181,0.9998432601880878,0.9039184952978057
4,3.9999999999990905,0.9998432601880878,0.9039184952978057
4,3.9999999999995453,0.9998432601880878,0.9039184952978057
4,3.9999999999997726,0.9998432601880878,0.9039184952978057
4,3.9999999999998863,0.9998432601880878,0.9039184952978057
4,3.999999999999943,0.9998432601880878,0.9039184952978057
4,3.9999999999999716,0.9998432601880878,0.9039184952978057
4,3.999999999999986,0.9998432601880878,0.9039184952978057
4,3.999999999999993,0.9998432601880878,0.9039184952978057
4,3.9999999999999964,0.9998432601880878,0.9039184952978057
4,3.9999999999999982,0.9998432601880878,0.9039184952978057
4,3.999999999999999,0.9998432601880878,0.9039184952978057
4,3.9999999999999996,0.9998432601880878,0.9039184952978057
4,4.0,0.9998432601880878,0.9039184952978057
5,2.0,0.9969905956112852,0.40150470219435735
5,1.0,0.7796865203761756,0.002006269592476489
5,0.5,0.06971786833855799,0.0
5,0.75,0.3641379310344828,0.0
5,0.875,0.5727899686520376,0.0006269592476489029
5,0.8125,0.4636990595611285,0.00012539184952978057
5,0.84375,0.5179937304075235,0.0003761755485893417
5,0.828125,0.48852664576802507,0.00012539184952978057
5,0.8359375,0.5042006269592476,0.00025078369905956113
5,0.83203125,0.49554858934169277,0.00025078369905956113
5,0.833984375,0.49968652037617556,0.00025078369905956113
5,0.8349609375,0.502319749216301,0.00025078369905956113
5,0.83447265625,0.5006896551724138,0.00025078369905956113
5,0.834228515625,0.5001880877742947,0.00025078369905956113
5,0.8341064453125,0.4999373040752351,0.00025078369905956113
5,0.83416748046875,0.5000626959247649,0.00025078369905956113
5,0.834136962890625,0.5000626959247649,0.00025078369905956113
5,0.8341217041015625,0.5000626959247649,0.00025078369905956113
5,0.8341140747070312,0.5000626959247649,0.00025078369905956113
5,0.8341102600097656,0.5000626959247649,0.00025078369905956113
5,0.8341083526611328,0.4999373040752351,0.00025078369905956113
5,0.8341093063354492,0.4999373040752351,0.00025078369905956113
5,0.8341097831726074,0.5000626959247649,0.00025078369905956113
5,0.8341095447540283,0.4999373040752351,0.00025078369905956113
5,0.8341096639633179,0.4999373040752351,0.00025078369905956113
5,0.8341097235679626,0.4999373040752351,0.00025078369905956113
5,0.834109753370285,0.4999373040752351,0.00025078369905956113
5,0.8341097682714462,0.4999373040752351,0.00025078369905956113
5,0.8341097757220268,0.4999373040752351,0.00025078369905956113
5,0.8341097794473171,0.4999373040752351,0.00025078369905956113
5,0.8341097813099623,0.4999373040752351,0.00025078369905956113
5,0.8341097822412848,0.5000626959247649,0.00025078369905956113
5,0.8341097817756236,0.4999373040752351,0.00025078369905956113
5,0.8341097820084542,0.5000626959247649,0.00025078369905956113
5,0.8341097818920389,0.4999373040752351,0.00025078369905956113
5,0.8341097819502465,0.4999373040752351,0.00025078369905956113
5,0.8341097819793504,0.4999373040752351,0.00025078369905956113
5,0.8341097819939023,0.5000626959247649,0.00025078369905956113
5,0.8341097819866263,0.5000626959247649,0.00025078369905956113
5,0.8341097819829884,0.5000626959247649,0.00025078369905956113
5,0.8341097819811694,0.4999373040752351,0.00025078369905956113
5,0.8341097819820789,0.4999373040752351,0.00025078369905956113
5,0.8341097819825336,0.4999373040752351,0.00025078369905956113
5,0.834109781982761,0.5000626959247649,0.00025078369905956113
5,0.8341097819826473,0.5000626959247649,0.00025078369905956113
5,0.8341097819825904,0.5000626959247649,0.00025078369905956113
5,0.834109781982562,0.5000626959247649,0.00025078369905956113
5,0.8341097819825478,0.5000626959247649,0.00025078369905956113
5,0.8341097819825407,0.4999373040752351,0.00025078369905956113
5,0.8341097819825443,0.5000626959247649,0.00025078369905956113
5,0.8341097819825425,0.4999373040752351,0.00025078369905956113
5,0.8341097819825434,0.4999373040752351,0.00025078369905956113
5,0.8341097819825438,0.5000626959247649,0.00025078369905956113
5,0.8341097819825436,0.5000626959247649,0.00025078369905956113
5,0.8341097819825435,0.5000626959247649,0.00025078369905956113
5,2.0,0.9969905956112852,0.40150470219435735
5,1.0,0.7796865203761756,0.002006269592476489
5,0.5,0.06971786833855799,0.0
5,0.75,0.3641379310344828,0.0
5,0.875,0.5727899686520376,0.0006269592476489029
5,0.9375,0.6827586206896552,0.0010031347962382445
5,0.90625,0.6303448275862069,0.0007523510971786833
5,0.921875,0.6569278996865203,0.0008777429467084639
5,0.9296875,0.6719749216300941,0.0010031347962382445
5,0.92578125,0.6653291536050157,0.0010031347962382445
5,0.927734375,0.6689655172413793,0.0010031347962382445
5,0.9267578125,0.6667084639498433,0.0010031347962382445
5,0.92626953125,0.6660815047021944,0.0010031347962382445
5,0.926513671875,0.6663322884012539,0.0010031347962382445
5,0.9266357421875,0.6664576802507837,0.0010031347962382445
5,0.92669677734375,0.6667084639498433,0.0010031347962382445
5,0.926666259765625,0.6665830721003135,0.0010031347962382445
5,0.9266815185546875,0.6665830721003135,0.0010031347962382445
5,0.9266891479492188,0.6665830721003135,0.0010031347962382445
5,0.9266929626464844,0.6667084639498433,0.0010031347962382445
5,0.9266910552978516,0.6667084639498433,0.0010031347962382445
5,0.9266901016235352,0.6667084639498433,0.0010031347962382445
5,0.926689624786377,0.6665830721003135,0.0010031347962382445
5,0.926689863204956,0.6667084639498433,0.0010031347962382445
5,0.9266897439956665,0.6665830721003135,0.0010031347962382445
5,0.9266898036003113,0.6667084639498433,0.0010031347962382445
5,0.9266897737979889,0.6665830721003135,0.0010031347962382445
5,0.9266897886991501,0.6665830721003135,0.0010031347962382445
5,0.9266897961497307,0.6667084639498433,0.0010031347962382445
5,0.9266897924244404,0.6665830721003135,0.0010031347962382445
5,0.9266897942870855,0.6667084639498433,0.0010031347962382445
5,0.926689793355763,0.6667084639498433,0.0010031347962382445
5,0.9266897928901017,0.6665830721003135,0.0010031347962382445
5,0.9266897931229323,0.6667084639498433,0.0010031347962382445
5,0.926689793006517,0.6665830721003135,0.0010031347962382445
5,0.9266897930647247,0.6667084639498433,0.0010031347962382445
5,0.9266897930356208,0.6665830721003135,0.0010031347962382445
5,0.9266897930501727,0.6667084639498433,0.0010031347962382445
5,0.9266897930428968,0.6665830721003135,0.0010031347962382445
5,0.9266897930465348,0.6665830721003135,0.0010031347962382445
5,0.9266897930483537,0.6665830721003135,0.0010031347962382445
5,0.9266897930492632,0.6667084639498433,0.0010031347962382445
5,0.9266897930488085,0.6667084639498433,0.0010031347962382445
5,0.9266897930485811,0.6665830721003135,0.0010031347962382445
5,0.9266897930486948,0.6665830721003135,0.0010031347962382445
5,0.9266897930487517,0.6667084639498433,0.0010031347962382445
5,0.9266897930487232,0.6667084639498433,0.0010031347962382445
5,0.926689793048709,0.6667084639498433,0.0010031347962382445
5,0.9266897930487019,0.6665830721003135,0.0010031347962382445
5,0.9266897930487055,0.6667084639498433,0.0010031347962382445
5,0.9266897930487037,0.6665830721003135,0.0010031347962382445
5,0.9266897930487046,0.6667084639498433,0.0010031347962382445
5,0.9266897930487041,0.6665830721003135,0.0010031347962382445
5,0.9266897930487044,0.6665830721003135,0.0010031347962382445
5,0.9266897930487045,0.6665830721003135,0.0010031347962382445
5,2.0,0.9969905956112852,0.40150470219435735
5,1.0,0.7796865203761756,0.002006269592476489
5,1.5,0.986833855799373,0.12789968652037617
5,1.25,0.9574921630094044,0.03498432601880878
5,1.125,0.9084639498432602,0.014043887147335423
5,1.0625,0.8571786833855799,0.006018808777429467
5,1.03125,0.8225705329153605,0.0032601880877742946
5,1.015625,0.8022570532915361,0.002633228840125392
5,1.0078125,0.7918495297805642,0.0022570532915360503
5,1.01171875,0.798244514106583,0.002382445141065831
5,1.013671875,0.8,0.0025078369905956114
5,1.0146484375,0.8010031347962382,0.002633228840125392
5,1.01416015625,0.8006269592476489,0.0025078369905956114
5,1.013916015625,0.8003761755485893,0.0025078369905956114
5,1.0137939453125,0.8,0.0025078369905956114
5,1.01385498046875,0.8001253918495298,0.0025078369905956114
5,1.013824462890625,0.8001253918495298,0.0025078369905956114
5,1.0138092041015625,0.8,0.0025078369905956114
5,1.0138168334960938,0.8001253918495298,0.0025078369905956114
5,1.0138130187988281,0.8,0.0025078369905956114
5,1.013814926147461,0.8,0.0025078369905956114
5,1.0138158798217773,0.8001253918495298,0.0025078369905956114
5,1.0138154029846191,0.8001253918495298,0.0025078369905956114
5,1.01381516456604,0.8,0.0025078369905956114
5,1.0138152837753296,0.8001253918495298,0.0025078369905956114
5,1.0138152241706848,0.8001253918495298,0.0025078369905956114
5,1.0138151943683624,0.8,0.0025078369905956114
5,1.0138152092695236,0.8001253918495298,0.0025078369905956114
5,1.013815201818943,0.8,0.0025078369905956114
5,1.0138152055442333,0.8,0.0025078369905956114
5,1.0138152074068785,0.8001253918495298,0.0025078369905956114
5,1.013815206475556,0.8001253918495298,0.0025078369905956114
5,1.0138152060098946,0.8,0.0025078369905956114
5,1.0138152062427253,0.8,0.0025078369905956114
5,1.0138152063591406,0.8001253918495298,0.0025078369905956114
5,1.013815206300933,0.8001253918495298,0.0025078369905956114
5,1.013815206271829,0.8,0.0025078369905956114
5,1.013815206286381,0.8001253918495298,0.0025078369905956114
5,1.013815206279105,0.8,0.0025078369905956114
5,1.013815206282743,0.8,0.0025078369905956114
5,1.013815206284562,0.8,0.0025078369905956114
5,1.0138152062854715,0.8,0.0025078369905956114
5,1.0138152062859263,0.8001253918495298,0.0025078369905956114
5,1.0138152062856989,0.8,0.0025078369905956114
5,1.0138152062858126,0.8,0.0025078369905956114
5,1.0138152062858694,0.8001253918495298,0.0025078369905956114
5,1.013815206285841,0.8001253918495298,0.0025078369905956114
5,1.0138152062858268,0.8001253918495298,0.0025078369905956114
5,1.0138152062858197,0.8001253918495298,0.0025078369905956114
5,1.0138152062858161,0.8001253918495298,0.0025078369905956114
5,1.0138152062858143,0.8001253918495298,0.0025078369905956114
5,1.0138152062858135,0.8,0.0025078369905956114
5,1.013815206285814,0.8,0.0025078369905956114
5,1.0138152062858141,0.8001253918495298,0.0025078369905956114
5,2.0,0.9969905956112852,0.40150470219435735
5,1.0,0.7796865203761756,0.002006269592476489
5,1.5,0.986833855799373,0.12789968652037617
5,1.25,0.9574921630094044,0.03498432601880878
5,1.125,0.9084639498432602,0.014043887147335423
5,1.0625,0.8571786833855799,0.006018808777429467
5,1.03125,0.8225705329153605,0.0032601880877742946
5,1.046875,0.8393730407523511,0.00438871473354232
5,1.0546875,0.8478996865203762,0.0051410658307210035
5,1.05859375,0.8537931034482759,0.005642633228840125
5,1.060546875,0.8552978056426332,0.005768025078369906
5,1.0615234375,0.8561755485893416,0.005768025078369906
5,1.06201171875,0.8566771159874608,0.005893416927899686
5,1.062255859375,0.8566771159874608,0.006018808777429467
5,1.0623779296875,0.8570532915360501,0.006018808777429467
5,1.06243896484375,0.8570532915360501,0.006018808777429467
5,1.062469482421875,0.8571786833855799,0.006018808777429467
5,1.0624542236328125,0.8570532915360501,0.006018808777429467
5,1.0624618530273438,0.8570532915360501,0.006018808777429467
5,1.0624656677246094,0.8571786833855799,0.006018808777429467
5,1.0624637603759766,0.8570532915360501,0.006018808777429467
5,1.062464714050293,0.8571786833855799,0.006018808777429467
5,1.0624642372131348,0.8570532915360501,0.006018808777429467
5,1.0624644756317139,0.8570532915360501,0.006018808777429467
5,1.0624645948410034,0.8570532915360501,0.006018808777429467
5,1.0624646544456482,0.8570532915360501,0.006018808777429467
5,1.0624646842479706,0.8570532915360501,0.006018808777429467
5,1.0624646991491318,0.8571786833855799,0.006018808777429467
5,1.0624646916985512,0.8570532915360501,0.006018808777429467
5,1.0624646954238415,0.8570532915360501,0.006018808777429467
5,1.0624646972864866,0.8571786833855799,0.006018808777429467
5,1.062464696355164,0.8570532915360501,0.006018808777429467
5,1.0624646968208253,0.8570532915360501,0.006018808777429467
5,1.062464697053656,0.8570532915360501,0.006018808777429467
5,1.0624646971700713,0.8571786833855799,0.006018808777429467
5,1.0624646971118636,0.8571786833855799,0.006018808777429467
5,1.0624646970827598,0.8570532915360501,0.006018808777429467
5,1.0624646970973117,0.8571786833855799,0.006018808777429467
5,1.0624646970900358,0.8571786833855799,0.006018808777429467
5,1.0624646970863978,0.8570532915360501,0.006018808777429467
5,1.0624646970882168,0.8570532915360501,0.006018808777429467
5,1.0624646970891263,0.8571786833855799,0.006018808777429467
5,1.0624646970886715,0.8571786833855799,0.006018808777429467
5,1.0624646970884442,0.8571786833855799,0.006018808777429467
5,1.0624646970883305,0.8570532915360501,0.006018808777429467
5,1.0624646970883873,0.8570532915360501,0.006018808777429467
5,1.0624646970884157,0.8571786833855799,0.006018808777429467
5,1.0624646970884015,0.8571786833855799,0.006018808777429467
5,1.0624646970883944,0.8570532915360501,0.006018808777429467
5,1.062464697088398,0.8571786833855799,0.006018808777429467
5,1.0624646970883962,0.8571786833855799,0.006018808777429467
5,1.0624646970883953,0.8571786833855799,0.006018808777429467
5,1.0624646970883949,0.8570532915360501,0.006018808777429467
5,1.062464697088395,0.8571786833855799,0.006018808777429467
5,2.0,0.9969905956112852,0.40150470219435735
5,1.0,0.7796865203761756,0.002006269592476489
5,1.5,0.986833855799373,0.12789968652037617
5,1.25,0.9574921630094044,0.03498432601880878
5,1.125,0.9084639498432602,0.014043887147335423
5,1.0625,0.8571786833855799,0.006018808777429467
5,1.09375,0.886896551724138,0.009780564263322885
5,1.109375,0.8988087774294671,0.012037617554858934
5,1.1015625,0.8921630094043888,0.010658307210031349
5,1.09765625,0.8895297805642634,0.010031347962382446
5,1.095703125,0.8882758620689655,0.010031347962382446
5,1.0966796875,0.8886520376175548,0.010031347962382446
5,1.09716796875,0.8890282131661442,0.010031347962382446
5,1.096923828125,0.8890282131661442,0.010031347962382446
5,1.0968017578125,0.8889028213166145,0.010031347962382446
5,1.09674072265625,0.8887774294670846,0.010031347962382446
5,1.096771240234375,0.8887774294670846,0.010031347962382446
5,1.0967864990234375,0.8889028213166145,0.010031347962382446
5,1.0967788696289062,0.8887774294670846,0.010031347962382446
5,1.0967826843261719,0.8887774294670846,0.010031347962382446
5,1.0967845916748047,0.8887774294670846,0.010031347962382446
5,1.096785545349121,0.8887774294670846,0.010031347962382446
5,1.0967860221862793,0.8889028213166145,0.010031347962382446
5,1.0967857837677002,0.8887774294670846,0.010031347962382446
5,1.0967859029769897,0.8889028213166145,0.010031347962382446
5,1.096785843372345,0.8889028213166145,0.010031347962382446
5,1.0967858135700226,0.8889028213166145,0.010031347962382446
5,1.0967857986688614,0.8887774294670846,0.010031347962382446
5,1.096785806119442,0.8889028213166145,0.010031347962382446
5,1.0967858023941517,0.8889028213166145,0.010031347962382446
5,1.0967858005315065,0.8887774294670846,0.010031347962382446
5,1.0967858014628291,0.8887774294670846,0.010031347962382446
5,1.0967858019284904,0.8887774294670846,0.010031347962382446
5,1.096785802161321,0.8889028213166145,0.010031347962382446
5,1.0967858020449057,0.8887774294670846,0.010031347962382446
5,1.0967858021031134,0.8889028213166145,0.010031347962382446
5,1.0967858020740096,0.8887774294670846,0.010031347962382446
5,1.0967858020885615,0.8887774294670846,0.010031347962382446
5,1.0967858020958374,0.8887774294670846,0.010031347962382446
5,1.0967858020994754,0.8887774294670846,0.010031347962382446
5,1.0967858021012944,0.8887774294670846,0.010031347962382446
5,1.0967858021022039,0.8889028213166145,0.010031347962382446
5,1.0967858021017491,0.8887774294670846,0.010031347962382446
5,1.0967858021019765,0.8887774294670846,0.010031347962382446
5,1.0967858021020902,0.8887774294670846,0.010031347962382446
5,1.096785802102147,0.8887774294670846,0.010031347962382446
5,1.0967858021021755,0.8887774294670846,0.010031347962382446
5,1.0967858021021897,0.8887774294670846,0.010031347962382446
5,1.0967858021021968,0.8889028213166145,0.010031347962382446
5,1.0967858021021932,0.8889028213166145,0.010031347962382446
5,1.0967858021021915,0.8887774294670846,0.010031347962382446
5,1.0967858021021923,0.8889028213166145,0.010031347962382446
5,1.096785802102192,0.8889028213166145,0.010031347962382446
5,1.0967858021021917,0.8887774294670846,0.010031347962382446
5,2.0,0.9969905956112852,0.40150470219435735
5,1.0,0.7796865203761756,0.002006269592476489
5,1.5,0.986833855799373,0.12789968652037617
5,1.25,0.9574921630094044,0.03498432601880878
5,1.125,0.9084639498432602,0.014043887147335423
5,1.1875,0.9376802507836991,0.02181818181818182
5,1.15625,0.9257680250783699,0.017178683385579936
5,1.140625,0.9169905956112853,0.015172413793103448
5,1.1328125,0.9121003134796238,0.014545454545454545
5,1.12890625,0.9102194357366771,0.014169278996865204
5,1.126953125,0.9090909090909091,0.014043887147335423
5,1.1279296875,0.909717868338558,0.014169278996865204
5,1.12744140625,0.9092163009404389,0.014043887147335423
5,1.127197265625,0.9092163009404389,0.014043887147335423
5,1.1270751953125,0.9090909090909091,0.014043887147335423
5,1.12713623046875,0.9090909090909091,0.014043887147335423
5,1.127166748046875,0.9090909090909091,0.014043887147335423
5,1.1271820068359375,0.9092163009404389,0.014043887147335423
5,1.1271743774414062,0.9092163009404389,0.014043887147335423
5,1.1271705627441406,0.9090909090909091,0.014043887147335423
5,1.1271724700927734,0.9092163009404389,0.014043887147335423
5,1.127171516418457,0.9090909090909091,0.014043887147335423
5,1.1271719932556152,0.9092163009404389,0.014043887147335423
5,1.1271717548370361,0.9090909090909091,0.014043887147335423
5,1.1271718740463257,0.9090909090909091,0.014043887147335423
5,1.1271719336509705,0.9090909090909091,0.014043887147335423
5,1.1271719634532928,0.9092163009404389,0.014043887147335423
5,1.1271719485521317,0.9092163009404389,0.014043887147335423
5,1.127171941101551,0.9092163009404389,0.014043887147335423
5,1.1271719373762608,0.9092163009404389,0.014043887147335423
5,1.1271719355136156,0.9090909090909091,0.014043887147335423
5,1.1271719364449382,0.9092163009404389,0.014043887147335423
5,1.127171935979277,0.9090909090909091,0.014043887147335423
5,1.1271719362121075,0.9090909090909091,0.014043887147335423
5,1.1271719363285229,0.9092163009404389,0.014043887147335423
5,1.1271719362703152,0.9090909090909091,0.014043887147335423
5,1.127171936299419,0.9090909090909091,0.014043887147335423
5,1.127171936313971,0.9090909090909091,0.014043887147335423
5,1.127171936321247,0.9090909090909091,0.014043887147335423
5,1.1271719363248849,0.9092163009404389,0.014043887147335423
5,1.127171936323066,0.9090909090909091,0.014043887147335423
5,1.1271719363239754,0.9090909090909091,0.014043887147335423
5,1.1271719363244301,0.9092163009404389,0.014043887147335423
5,1.1271719363242028,0.9090909090909091,0.014043887147335423
5,1.1271719363243164,0.9090909090909091,0.014043887147335423
5,1.1271719363243733,0.9092163009404389,0.014043887147335423
5,1.1271719363243449,0.9090909090909091,0.014043887147335423
5,1.127171936324359,0.9090909090909091,0.014043887147335423
5,1.1271719363243662,0.9090909090909091,0.014043887147335423
5,1.1271719363243697,0.9090909090909091,0.014043887147335423
5,1.1271719363243715,0.9092163009404389,0.014043887147335423
5,1.1271719363243706,0.9090909090909091,0.014043887147335423
5,1.127171936324371,0.9090909090909091,0.014043887147335423
5,1.1271719363243713,0.9092163009404389,0.014043887147335423
5,2.0,0.9969905956112852,0.40150470219435735
5,3.0,0.9997492163009405,0.7543573667711598
5,3.5,0.9997492163009405,0.8471473354231975
5,3.75,0.9997492163009405,0.8778683385579937
5,3.875,0.9997492163009405,0.8890282131661442
5,3.9375,0.9997492163009405,0.8952978056426333
5,3.96875,0.9997492163009405,0.8980564263322884
5,3.984375,0.9997492163009405,0.8991849529780565
5,3.9921875,0.9997492163009405,0.8999373040752351
5,3.99609375,0.9997492163009405,0.9004388714733542
5,3.998046875,0.9997492163009405,0.900564263322884
5,3.9990234375,0.9997492163009405,0.9008150470219436
5,3.99951171875,0.9997492163009405,0.9008150470219436
5,3.999755859375,0.9997492163009405,0.9008150470219436
5,3.9998779296875,0.9997492163009405,0.9009404388714733
5,3.99993896484375,0.9997492163009405,0.9009404388714733
5,3.999969482421875,0.9997492163009405,0.9009404388714733
5,3.9999847412109375,0.9997492163009405,0.9009404388714733
5,3.9999923706054688,0.9997492163009405,0.9009404388714733
5,3.9999961853027344,0.9997492163009405,0.9009404388714733
5,3.999998092651367,0.9997492163009405,0.9009404388714733
5,3.9999990463256836,0.9997492163009405,0.9009404388714733
5,3.999999523162842,0.9997492163009405,0.9009404388714733
5,3.999999761581421,0.9997492163009405,0.9009404388714733
5,3.9999998807907104,0.9997492163009405,0.9009404388714733
5,3.9999999403953552,0.9997492163009405,0.9009404388714733
5,3.9999999701976776,0.9997492163009405,0.9009404388714733
5,3.999999985098839,0.9997492163009405,0.9009404388714733
5,3.9999999925494194,0.9997492163009405,0.9009404388714733
5,3.9999999962747097,0.9997492163009405,0.9009404388714733
5,3.999999998137355,0.9997492163009405,0.9009404388714733
5,3.9999999990686774,0.9997492163009405,0.9009404388714733
5,3.9999999995343387,0.9997492163009405,0.9009404388714733
5,3.9999999997671694,0.9997492163009405,0.9009404388714733
5,3.9999999998835847,0.9997492163009405,0.9009404388714733
5,3.9999999999417923,0.9997492163009405,0.9009404388714733
5,3.999999999970896,0.9997492163009405,0.9009404388714733
5,3.999999999985448,0.9997492163009405,0.9009404388714733
5,3.999999999992724,0.9997492163009405,0.9009404388714733
5,3.999999999996362,0.9997492163009405,0.9009404388714733
5,3.999999999998181,0.9997492163009405,0.9009404388714733
5,3.9999999999990905,0.9997492163009405,0.9009404388714733
5,3.9999999999995453,0.9997492163009405,0.9009404388714733
5,3.9999999999997726,0.9997492163009405,0.9009404388714733
5,3.9999999999998863,0.9997492163009405,0.9009404388714733
5,3.999999999999943,0.9997492163009405,0.9009404388714733
5,3.9999999999999716,0.9997492163009405,0.9009404388714733
5,3.999999999999986,0.9997492163009405,0.9009404388714733
5,3.999999999999993,0.9997492163009405,0.9009404388714733
5,3.9999999999999964,0.9997492163009405,0.9009404388714733
5,3.9999999999999982,0.9997492163009405,0.9009404388714733
5,3.999999999999999,0.9997492163009405,0.9009404388714733
5,3.9999999999999996,0.9997492163009405,0.9009404388714733
5,4.0,0.9997492163009405,0.9009404388714733
6,2.0,0.9964472309299895,0.38181818181818183
6,1.0,0.7828631138975967,0.0025078369905956114
6,0.5,0.06374085684430512,0.0
6,0.75,0.35391849529780567,0.0
6,0.875,0.5646812957157785,0.0
6,0.8125,0.4568443051201672,0.0
6,0.84375,0.5075235109717868,0.0
6,0.828125,0.48160919540229885,0.0
6,0.8359375,0.49310344827586206,0.0
6,0.83984375,0.4993730407523511,0.0
6,0.841796875,0.5036572622779519,0.0
6,0.8408203125,0.5015673981191222,0.0
6,0.84033203125,0.5007314524555904,0.0
6,0.840087890625,0.5001044932079415,0.0
6,0.8399658203125,0.49979101358411704,0.0
6,0.84002685546875,0.4998955067920585,0.0
6,0.840057373046875,0.4998955067920585,0.0
6,0.8400726318359375,0.4998955067920585,0.0
6,0.8400802612304688,0.4998955067920585,0.0
6,0.8400840759277344,0.5,0.0
6,0.8400859832763672,0.5,0.0
6,0.8400869369506836,0.5001044932079415,0.0
6,0.8400864601135254,0.5001044932079415,0.0
6,0.8400862216949463,0.5001044932079415,0.0
6,0.8400861024856567,0.5,0.0
6,0.8400861620903015,0.5001044932079415,0.0
6,0.8400861322879791,0.5,0.0
6,0.8400861471891403,0.5,0.0
6,0.8400861546397209,0.5,0.0
6,0.8400861583650112,0.5001044932079415,0.0
6,0.8400861565023661,0.5,0.0
6,0.8400861574336886,0.5,0.0
6,0.8400861578993499,0.5001044932079415,0.0
6,0.8400861576665193,0.5001044932079415,0.0
6,0.840086157550104,0.5001044932079415,0.0
6,0.8400861574918963,0.5001044932079415,0.0
6,0.8400861574627925,0.5,0.0
6,0.8400861574773444,0.5001044932079415,0.0
6,0.8400861574700684,0.5,0.0
6,0.8400861574737064,0.5001044932079415,0.0
6,0.8400861574718874,0.5001044932079415,0.0
6,0.8400861574709779,0.5001044932079415,0.0
6,0.8400861574705232,0.5001044932079415,0.0
6,0.8400861574702958,0.5001044932079415,0.0
6,0.8400861574701821,0.5001044932079415,0.0
6,0.8400861574701253,0.5001044932079415,0.0
6,0.8400861574700969,0.5001044932079415,0.0
6,0.8400861574700826,0.5,0.0
6,0.8400861574700897,0.5001044932079415,0.0
6,0.8400861574700862,0.5001044932079415,0.0
6,0.8400861574700844,0.5,0.0
6,0.8400861574700853,0.5001044932079415,0.0
6,0.8400861574700849,0.5,0.0
6,0.8400861574700851,0.5,0.0
6,0.8400861574700852,0.5001044932079415,0.0
6,2.0,0.9964472309299895,0.38181818181818183
6,1.0,0.7828631138975967,0.0025078369905956114
6,0.5,0.06374085684430512,0.0
6,0.75,0.35391849529780567,0.0
6,0.875,0.5646812957157785,0.0
6,0.9375,0.680564263322884,0.00031347962382445143
6,0.90625,0.6244514106583072,0.0002089864158829676
6,0.921875,0.6515151515151515,0.0002089864158829676
6,0.9296875,0.6663531870428422,0.00031347962382445143
6,0.93359375,0.6733542319749216,0.00031347962382445143
6,0.931640625,0.6696969696969697,0.00031347962382445143
6,0.9306640625,0.668234064785789,0.00031347962382445143
6,0.93017578125,0.6672936259143156,0.00031347962382445143
6,0.929931640625,0.6668756530825496,0.00031347962382445143
6,0.9298095703125,0.6666666666666666,0.00031347962382445143
6,0.92987060546875,0.6668756530825496,0.00031347962382445143
6,0.929840087890625,0.6667711598746081,0.00031347962382445143
6,0.9298248291015625,0.6667711598746081,0.00031347962382445143
6,0.9298171997070312,0.6667711598746081,0.00031347962382445143
6,0.9298133850097656,0.6667711598746081,0.00031347962382445143
6,0.9298114776611328,0.6666666666666666,0.00031347962382445143
6,0.9298124313354492,0.6667711598746081,0.00031347962382445143
6,0.929811954498291,0.6666666666666666,0.00031347962382445143
6,0.9298121929168701,0.6666666666666666,0.00031347962382445143
6,0.9298123121261597,0.6667711598746081,0.00031347962382445143
6,0.9298122525215149,0.6666666666666666,0.00031347962382445143
6,0.9298122823238373,0.6667711598746081,0.00031347962382445143
6,0.9298122674226761,0.6666666666666666,0.00031347962382445143
6,0.9298122748732567,0.6666666666666666,0.00031347962382445143
6,0.929812278598547,0.6667711598746081,0.00031347962382445143
6,0.9298122767359018,0.6666666666666666,0.00031347962382445143
6,0.9298122776672244,0.6666666666666666,0.00031347962382445143
6,0.9298122781328857,0.6667711598746081,0.00031347962382445143
6,0.929812277900055,0.6667711598746081,0.00031347962382445143
6,0.9298122777836397,0.6667711598746081,0.00031347962382445143
6,0.9298122777254321,0.6666666666666666,0.00031347962382445143
6,0.9298122777545359,0.6667711598746081,0.00031347962382445143
6,0.929812277739984,0.6667711598746081,0.00031347962382445143
6,0.929812277732708,0.6667711598746081,0.00031347962382445143
6,0.92981227772907,0.6667711598746081,0.00031347962382445143
6,0.9298122777272511,0.6667711598746081,0.00031347962382445143
6,0.9298122777263416,0.6667711598746081,0.00031347962382445143
6,0.9298122777258868,0.6667711598746081,0.00031347962382445143
6,0.9298122777256594,0.6667711598746081,0.00031347962382445143
6,0.9298122777255458,0.6666666666666666,0.00031347962382445143
6,0.9298122777256026,0.6667711598746081,0.00031347962382445143
6,0.9298122777255742,0.6667711598746081,0.00031347962382445143
6,0.92981227772556,0.6667711598746081,0.00031347962382445143
6,0.9298122777255529,0.6666666666666666,0.00031347962382445143
6,0.9298122777255564,0.6666666666666666,0.00031347962382445143
6,0.9298122777255582,0.6667711598746081,0.00031347962382445143
6,0.9298122777255573,0.6666666666666666,0.00031347962382445143
6,0.9298122777255577,0.6666666666666666,0.00031347962382445143
6,0.929812277725558,0.6667711598746081,0.00031347962382445143
6,0.9298122777255579,0.6667711598746081,0.00031347962382445143
6,2.0,0.9964472309299895,0.38181818181818183
6,1.0,0.7828631138975967,0.0025078369905956114
6,1.5,0.987460815047022,0.12601880877742946
6,1.25,0.9602925809822361,0.03646812957157785
6,1.125,0.9115987460815047,0.011389759665621734
6,1.0625,0.8623824451410659,0.005538140020898642
6,1.03125,0.8278996865203762,0.004284221525600836
6,1.015625,0.8067920585161964,0.0029258098223615466
6,1.0078125,0.7966562173458726,0.0029258098223615466
6,1.01171875,0.8011494252873563,0.0029258098223615466
6,1.009765625,0.7982236154649948,0.0029258098223615466
6,1.0107421875,0.799582027168234,0.0029258098223615466
6,1.01123046875,0.800417972831766,0.0029258098223615466
6,1.010986328125,0.8001044932079415,0.0029258098223615466
6,1.0108642578125,0.7998955067920586,0.0029258098223615466
6,1.01092529296875,0.7998955067920586,0.0029258098223615466
6,1.010955810546875,0.8,0.0029258098223615466
6,1.0109710693359375,0.8,0.0029258098223615466
6,1.0109786987304688,0.8001044932079415,0.0029258098223615466
6,1.0109748840332031,0.8,0.0029258098223615466
6,1.010976791381836,0.8,0.0029258098223615466
6,1.0109777450561523,0.8,0.0029258098223615466
6,1.0109782218933105,0.8001044932079415,0.0029258098223615466
6,1.0109779834747314,0.8,0.0029258098223615466
6,1.010978102684021,0.8001044932079415,0.0029258098223615466
6,1.0109780430793762,0.8,0.0029258098223615466
6,1.0109780728816986,0.8,0.0029258098223615466
6,1.0109780877828598,0.8001044932079415,0.0029258098223615466
6,1.0109780803322792,0.8,0.0029258098223615466
6,1.0109780840575695,0.8,0.0029258098223615466
6,1.0109780859202147,0.8,0.0029258098223615466
6,1.0109780868515372,0.8,0.0029258098223615466
6,1.0109780873171985,0.8001044932079415,0.0029258098223615466
6,1.0109780870843679,0.8,0.0029258098223615466
6,1.0109780872007832,0.8,0.0029258098223615466
6,1.0109780872589909,0.8,0.0029258098223615466
6,1.0109780872880947,0.8,0.0029258098223615466
6,1.0109780873026466,0.8,0.0029258098223615466
6,1.0109780873099226,0.8,0.0029258098223615466
6,1.0109780873135605,0.8,0.0029258098223615466
6,1.0109780873153795,0.8,0.0029258098223615466
6,1.010978087316289,0.8001044932079415,0.0029258098223615466
6,1.0109780873158343,0.8001044932079415,0.0029258098223615466
6,1.010978087315607,0.8001044932079415,0.0029258098223615466
6,1.0109780873154932,0.8001044932079415,0.0029258098223615466
6,1.0109780873154364,0.8001044932079415,0.0029258098223615466
6,1.010978087315408,0.8001044932079415,0.0029258098223615466
6,1.0109780873153937,0.8001044932079415,0.0029258098223615466
6,1.0109780873153866,0.8,0.0029258098223615466
6,1.0109780873153902,0.8001044932079415,0.0029258098223615466
6,1.0109780873153884,0.8001044932079415,0.0029258098223615466
6,1.0109780873153875,0.8,0.0029258098223615466
6,1.010978087315388,0.8001044932079415,0.0029258098223615466
6,1.0109780873153877,0.8,0.0029258098223615466
6,2.0,0.9964472309299895,0.38181818181818183
6,1.0,0.7828631138975967,0.0025078369905956114
6,1.5,0.987460815047022,0.12601880877742946
6,1.25,0.9602925809822361,0.03646812957157785
6,1.125,0.9115987460815047,0.011389759665621734
6,1.0625,0.8623824451410659,0.005538140020898642
6,1.03125,0.8278996865203762,0.004284221525600836
6,1.046875,0.8474399164054337,0.004806687565308255
6,1.0546875,0.8547544409613375,0.005015673981191223
6,1.05859375,0.858516196447231,0.005120167189132706
6,1.056640625,0.8565308254963427,0.005120167189132706
6,1.0576171875,0.8571577847439916,0.005120167189132706
6,1.05712890625,0.8566353187042842,0.005120167189132706
6,1.057373046875,0.8568443051201672,0.005120167189132706
6,1.0574951171875,0.8570532915360501,0.005120167189132706
6,1.05755615234375,0.8570532915360501,0.005120167189132706
6,1.057586669921875,0.8571577847439916,0.005120167189132706
6,1.0575714111328125,0.8571577847439916,0.005120167189132706
6,1.0575637817382812,0.8570532915360501,0.005120167189132706
6,1.0575675964355469,0.8571577847439916,0.005120167189132706
6,1.057565689086914,0.8571577847439916,0.005120167189132706
6,1.0575647354125977,0.8571577847439916,0.005120167189132706
6,1.0575642585754395,0.8570532915360501,0.005120167189132706
6,1.0575644969940186,0.8571577847439916,0.005120167189132706
6,1.057564377784729,0.8570532915360501,0.005120167189132706
6,1.0575644373893738,0.8570532915360501,0.005120167189132706
6,1.0575644671916962,0.8570532915360501,0.005120167189132706
6,1.0575644820928574,0.8571577847439916,0.005120167189132706
6,1.0575644746422768,0.8570532915360501,0.005120167189132706
6,1.057564478367567,0.8570532915360501,0.005120167189132706
6,1.0575644802302122,0.8571577847439916,0.005120167189132706
6,1.0575644792988896,0.8570532915360501,0.005120167189132706
6,1.057564479764551,0.8571577847439916,0.005120167189132706
6,1.0575644795317203,0.8570532915360501,0.005120167189132706
6,1.0575644796481356,0.8571577847439916,0.005120167189132706
6,1.057564479589928,0.8570532915360501,0.005120167189132706
6,1.0575644796190318,0.8571577847439916,0.005120167189132706
6,1.0575644796044799,0.8570532915360501,0.005120167189132706
6,1.0575644796117558,0.8571577847439916,0.005120167189132706
6,1.0575644796081178,0.8570532915360501,0.005120167189132706
6,1.0575644796099368,0.8571577847439916,0.005120167189132706
6,1.0575644796090273,0.8570532915360501,0.005120167189132706
6,1.057564479609482,0.8571577847439916,0.005120167189132706
6,1.0575644796092547,0.8570532915360501,0.005120167189132706
6,1.0575644796093684,0.8571577847439916,0.005120167189132706
6,1.0575644796093115,0.8570532915360501,0.005120167189132706
6,1.05756447960934,0.8571577847439916,0.005120167189132706
6,1.0575644796093258,0.8571577847439916,0.005120167189132706
6,1.0575644796093187,0.8570532915360501,0.005120167189132706
6,1.0575644796093222,0.8571577847439916,0.005120167189132706
6,1.0575644796093204,0.8570532915360501,0.005120167189132706
6,1.0575644796093213,0.8570532915360501,0.005120167189132706
6,1.0575644796093218,0.8571577847439916,0.005120167189132706
6,1.0575644796093215,0.8570532915360501,0.005120167189132706
6,2.0,0.9964472309299895,0.38181818181818183
6,1.0,0.7828631138975967,0.0025078369905956114
6,1.5,0.987460815047022,0.12601880877742946
6,1.25,0.9602925809822361,0.03646812957157785
6,1.125,0.9115987460815047,0.011389759665621734
6,1.0625,0.8623824451410659,0.005538140020898642
6,1.09375,0.8916405433646813,0.007941483803552769
6,1.078125,0.8787878787878788,0.006478578892371996
6,1.0859375,0.8848484848484849,0.007105538140020898
6,1.08984375,0.8882967607105539,0.007732497387669801
6,1.091796875,0.8899686520376175,0.007941483803552769
6,1.0908203125,0.8891327063740857,0.007836990595611285
6,1.09033203125,0.8888192267502613,0.007732497387669801
6,1.090576171875,0.8890282131661442,0.007836990595611285
6,1.0904541015625,0.8889237199582027,0.007732497387669801
6,1.09039306640625,0.8889237199582027,0.007732497387669801
6,1.090362548828125,0.8888192267502613,0.007732497387669801
6,1.0903778076171875,0.8889237199582027,0.007732497387669801
6,1.0903701782226562,0.8889237199582027,0.007732497387669801
6,1.0903663635253906,0.8889237199582027,0.007732497387669801
6,1.0903644561767578,0.8889237199582027,0.007732497387669801
6,1.0903635025024414,0.8888192267502613,0.007732497387669801
6,1.0903639793395996,0.8888192267502613,0.007732497387669801
6,1.0903642177581787,0.8889237199582027,0.007732497387669801
6,1.0903640985488892,0.8889237199582027,0.007732497387669801
6,1.0903640389442444,0.8888192267502613,0.007732497387669801
6,1.0903640687465668,0.8888192267502613,0.007732497387669801
6,1.090364083647728,0.8889237199582027,0.007732497387669801
6,1.0903640761971474,0.8888192267502613,0.007732497387669801
6,1.0903640799224377,0.8888192267502613,0.007732497387669801
6,1.0903640817850828,0.8888192267502613,0.007732497387669801
6,1.0903640827164054,0.8889237199582027,0.007732497387669801
6,1.090364082250744,0.8889237199582027,0.007732497387669801
6,1.0903640820179135,0.8889237199582027,0.007732497387669801
6,1.0903640819014981,0.8889237199582027,0.007732497387669801
6,1.0903640818432905,0.8889237199582027,0.007732497387669801
6,1.0903640818141866,0.8888192267502613,0.007732497387669801
6,1.0903640818287386,0.8888192267502613,0.007732497387669801
6,1.0903640818360145,0.8889237199582027,0.007732497387669801
6,1.0903640818323765,0.8888192267502613,0.007732497387669801
6,1.0903640818341955,0.8888192267502613,0.007732497387669801
6,1.090364081835105,0.8889237199582027,0.007732497387669801
6,1.0903640818346503,0.8888192267502613,0.007732497387669801
6,1.0903640818348777,0.8888192267502613,0.007732497387669801
6,1.0903640818349913,0.8888192267502613,0.007732497387669801
6,1.0903640818350482,0.8888192267502613,0.007732497387669801
6,1.0903640818350766,0.8888192267502613,0.007732497387669801
6,1.0903640818350908,0.8889237199582027,0.007732497387669801
6,1.0903640818350837,0.8888192267502613,0.007732497387669801
6,1.0903640818350873,0.8888192267502613,0.007732497387669801
6,1.090364081835089,0.8889237199582027,0.007732497387669801
6,1.0903640818350882,0.8888192267502613,0.007732497387669801
6,1.0903640818350886,0.8889237199582027,0.007732497387669801
6,1.0903640818350884,0.8888192267502613,0.007732497387669801
6,2.0,0.9964472309299895,0.38181818181818183
6,1.0,0.7828631138975967,0.0025078369905956114
6,1.5,0.987460815047022,0.12601880877742946
6,1.25,0.9602925809822361,0.03646812957157785
6,1.125,0.9115987460815047,0.011389759665621734
6,1.0625,0.8623824451410659,0.005538140020898642
6,1.09375,0.8916405433646813,0.007941483803552769
6,1.109375,0.9033437826541275,0.00961337513061651
6,1.1171875,0.9071055381400209,0.010240334378265412
6,1.12109375,0.909299895506792,0.010553814002089865
6,1.119140625,0.9081504702194357,0.010344827586206896
6,1.1201171875,0.9084639498432602,0.010553814002089865
6,1.12060546875,0.9087774294670846,0.010553814002089865
6,1.120849609375,0.9090909090909091,0.010553814002089865
6,1.1209716796875,0.9090909090909091,0.010553814002089865
6,1.12103271484375,0.909299895506792,0.010553814002089865
6,1.121002197265625,0.9091954022988505,0.010553814002089865
6,1.1209869384765625,0.9091954022988505,0.010553814002089865
6,1.1209793090820312,0.9090909090909091,0.010553814002089865
6,1.1209831237792969,0.9090909090909091,0.010553814002089865
6,1.1209850311279297,0.9091954022988505,0.010553814002089865
6,1.1209840774536133,0.9091954022988505,0.010553814002089865
6,1.120983600616455,0.9090909090909091,0.010553814002089865
6,1.1209838390350342,0.9090909090909091,0.010553814002089865
6,1.1209839582443237,0.9091954022988505,0.010553814002089865
6,1.120983898639679,0.9091954022988505,0.010553814002089865
6,1.1209838688373566,0.9090909090909091,0.010553814002089865
6,1.1209838837385178,0.9091954022988505,0.010553814002089865
6,1.1209838762879372,0.9090909090909091,0.010553814002089865
6,1.1209838800132275,0.9091954022988505,0.010553814002089865
6,1.1209838781505823,0.9091954022988505,0.010553814002089865
6,1.1209838772192597,0.9091954022988505,0.010553814002089865
6,1.1209838767535985,0.9090909090909091,0.010553814002089865
6,1.120983876986429,0.9091954022988505,0.010553814002089865
6,1.1209838768700138,0.9090909090909091,0.010553814002089865
6,1.1209838769282214,0.9091954022988505,0.010553814002089865
6,1.1209838768991176,0.9091954022988505,0.010553814002089865
6,1.1209838768845657,0.9091954022988505,0.010553814002089865
6,1.1209838768772897,0.9091954022988505,0.010553814002089865
6,1.1209838768736518,0.9090909090909091,0.010553814002089865
6,1.1209838768754707,0.9091954022988505,0.010553814002089865
6,1.1209838768745612,0.9091954022988505,0.010553814002089865
6,1.1209838768741065,0.9091954022988505,0.010553814002089865
6,1.1209838768738791,0.9090909090909091,0.010553814002089865
6,1.1209838768739928,0.9091954022988505,0.010553814002089865
6,1.120983876873936,0.9091954022988505,0.010553814002089865
6,1.1209838768739075,0.9091954022988505,0.010553814002089865
6,1.1209838768738933,0.9090909090909091,0.010553814002089865
6,1.1209838768739004,0.9091954022988505,0.010553814002089865
6,1.120983876873897,0.9090909090909091,0.010553814002089865
6,1.1209838768738987,0.9091954022988505,0.010553814002089865
6,1.1209838768738978,0.9091954022988505,0.010553814002089865
6,1.1209838768738973,0.9091954022988505,0.010553814002089865
6,1.1209838768738971,0.9090909090909091,0.010553814002089865
6,2.0,0.9964472309299895,0.38181818181818183
6,3.0,0.9994775339602926,0.7474399164054336
6,3.5,0.999791013584117,0.8374085684430512
6,3.75,0.999791013584117,0.8696969696969697
6,3.875,0.999791013584117,0.8865203761755486
6,3.9375,0.999791013584117,0.8929989550679206
6,3.96875,0.999791013584117,0.8966562173458725
6,3.984375,0.999791013584117,0.8982236154649947
6,3.9921875,0.999791013584117,0.8992685475444097
6,3.99609375,0.999791013584117,0.8997910135841171
6,3.998046875,0.999791013584117,0.9001044932079415
6,3.9990234375,0.999791013584117,0.900417972831766
6,3.99951171875,0.999791013584117,0.900417972831766
6,3.999755859375,0.999791013584117,0.900417972831766
6,3.9998779296875,0.999791013584117,0.900417972831766
6,3.99993896484375,0.999791013584117,0.900417972831766
6,3.999969482421875,0.999791013584117,0.900417972831766
6,3.9999847412109375,0.999791013584117,0.900417972831766
6,3.9999923706054688,0.999791013584117,0.9005224660397074
6,3.9999961853027344,0.999791013584117,0.9005224660397074
6,3.999998092651367,0.999791013584117,0.9005224660397074
6,3.9999990463256836,0.999791013584117,0.9005224660397074
6,3.999999523162842,0.999791013584117,0.9005224660397074
6,3.999999761581421,0.999791013584117,0.9005224660397074
6,3.9999998807907104,0.999791013584117,0.9005224660397074
6,3.9999999403953552,0.999791013584117,0.9005224660397074
6,3.9999999701976776,0.999791013584117,0.9005224660397074
6,3.999999985098839,0.999791013584117,0.9005224660397074
6,3.9999999925494194,0.999791013584117,0.9005224660397074
6,3.9999999962747097,0.999791013584117,0.9005224660397074
6,3.999999998137355,0.999791013584117,0.9005224660397074
6,3.9999999990686774,0.999791013584117,0.9005224660397074
6,3.9999999995343387,0.999791013584117,0.9005224660397074
6,3.9999999997671694,0.999791013584117,0.9005224660397074
6,3.9999999998835847,0.999791013584117,0.9005224660397074
6,3.9999999999417923,0.999791013584117,0.9005224660397074
6,3.999999999970896,0.999791013584117,0.9005224660397074
6,3.999999999985448,0.999791013584117,0.9005224660397074
6,3.999999999992724,0.999791013584117,0.9005224660397074
6,3.999999999996362,0.999791013584117,0.9005224660397074
6,3.999999999998181,0.999791013584117,0.9005224660397074
6,3.9999999999990905,0.999791013584117,0.9005224660397074
6,3.9999999999995453,0.999791013584117,0.9005224660397074
6,3.9999999999997726,0.999791013584117,0.9005224660397074
6,3.9999999999998863,0.999791013584117,0.9005224660397074
6,3.999999999999943,0.999791013584117,0.9005224660397074
6,3.9999999999999716,0.999791013584117,0.9005224660397074
6,3.999999999999986,0.999791013584117,0.9005224660397074
6,3.999999999999993,0.999791013584117,0.9005224660397074
6,3.9999999999999964,0.999791013584117,0.9005224660397074
6,3.9999999999999982,0.999791013584117,0.9005224660397074
6,3.999999999999999,0.999791013584117,0.9005224660397074
6,3.9999999999999996,0.999791013584117,0.9005224660397074
6,4.0,0.999791013584117,0.9005224660397074
7,2.0,0.9974921630094044,0.387192118226601
7,1.0,0.7789520824003583,0.001522615315718764
7,0.5,0.056247201074787284,0.0
7,0.75,0.34205105239587996,0.0
7,0.875,0.5615763546798029,8.956560680698612e-05
7,0.8125,0.4534706672637707,0.0
7,0.84375,0.5072995969547693,0.0
7,0.828125,0.48105687416032245,0.0
7,0.8359375,0.4942230183609494,0.0
7,0.83984375,0.5012987012987012,0.0
7,0.837890625,0.4980743394536498,0.0
7,0.8388671875,0.5002239140170175,0.0
7,0.83837890625,0.4991491267353336,0.0
7,0.838623046875,0.4999552171965965,0.0
7,0.8387451171875,0.5001343484102104,0.0
7,0.83868408203125,0.5001343484102104,0.0
7,0.838653564453125,0.4999552171965965,0.0
7,0.8386688232421875,0.5000447828034035,0.0
7,0.8386611938476562,0.4999552171965965,0.0
7,0.8386650085449219,0.4999552171965965,0.0
7,0.8386669158935547,0.4999552171965965,0.0
7,0.8386678695678711,0.4999552171965965,0.0
7,0.8386683464050293,0.5000447828034035,0.0
7,0.8386681079864502,0.5000447828034035,0.0
7,0.8386679887771606,0.4999552171965965,0.0
7,0.8386680483818054,0.4999552171965965,0.0
7,0.8386680781841278,0.4999552171965965,0.0
7,0.838668093085289,0.5000447828034035,0.0
7,0.8386680856347084,0.4999552171965965,0.0
7,0.8386680893599987,0.5000447828034035,0.0
7,0.8386680874973536,0.4999552171965965,0.0
7,0.8386680884286761,0.5000447828034035,0.0
7,0.8386680879630148,0.5000447828034035,0.0
7,0.8386680877301842,0.5000447828034035,0.0
7,0.8386680876137689,0.4999552171965965,0.0
7,0.8386680876719765,0.5000447828034035,0.0
7,0.8386680876428727,0.5000447828034035,0.0
7,0.8386680876283208,0.5000447828034035,0.0
7,0.8386680876210448,0.5000447828034035,0.0
7,0.8386680876174069,0.4999552171965965,0.0
7,0.8386680876192258,0.4999552171965965,0.0
7,0.8386680876201353,0.4999552171965965,0.0
7,0.8386680876205901,0.5000447828034035,0.0
7,0.8386680876203627,0.5000447828034035,0.0
7,0.838668087620249,0.5000447828034035,0.0
7,0.8386680876201922,0.5000447828034035,0.0
7,0.8386680876201638,0.4999552171965965,0.0
7,0.838668087620178,0.4999552171965965,0.0
7,0.8386680876201851,0.5000447828034035,0.0
7,0.8386680876201815,0.4999552171965965,0.0
7,0.8386680876201833,0.4999552171965965,0.0
7,0.8386680876201842,0.5000447828034035,0.0
7,0.8386680876201837,0.5000447828034035,0.0
7,0.8386680876201835,0.4999552171965965,0.0
7,0.8386680876201836,0.5000447828034035,0.0
7,2.0,0.9974921630094044,0.387192118226601
7,1.0,0.7789520824003583,0.001522615315718764
7,0.5,0.056247201074787284,0.0
7,0.75,0.34205105239587996,0.0
7,0.875,0.5615763546798029,8.956560680698612e-05
7,0.9375,0.6729064039408867,0.00026869682042095835
7,0.90625,0.6163905060456785,8.956560680698612e-05
7,0.921875,0.6438871473354232,0.00017913121361397223
7,0.9296875,0.6573219883564712,0.00017913121361397223
7,0.93359375,0.6654724585759069,0.00017913121361397223
7,0.935546875,0.6688759516345724,0.00026869682042095835
7,0.9345703125,0.6670846394984326,0.00017913121361397223
7,0.93408203125,0.6666368114643977,0.00017913121361397223
7,0.934326171875,0.6670846394984326,0.00017913121361397223
7,0.9342041015625,0.6668159426780117,0.00017913121361397223
7,0.93414306640625,0.6668159426780117,0.00017913121361397223
7,0.934112548828125,0.6667263770712046,0.00017913121361397223
7,0.9340972900390625,0.6667263770712046,0.00017913121361397223
7,0.9340896606445312,0.6667263770712046,0.00017913121361397223
7,0.9340858459472656,0.6667263770712046,0.00017913121361397223
7,0.9340839385986328,0.6666368114643977,0.00017913121361397223
7,0.9340848922729492,0.6667263770712046,0.00017913121361397223
7,0.934084415435791,0.6667263770712046,0.00017913121361397223
7,0.9340841770172119,0.6666368114643977,0.00017913121361397223
7,0.9340842962265015,0.6667263770712046,0.00017913121361397223
7,0.9340842366218567,0.6666368114643977,0.00017913121361397223
7,0.9340842664241791,0.6666368114643977,0.00017913121361397223
7,0.9340842813253403,0.6667263770712046,0.00017913121361397223
7,0.9340842738747597,0.6666368114643977,0.00017913121361397223
7,0.93408427760005,0.6667263770712046,0.00017913121361397223
7,0.9340842757374048,0.6666368114643977,0.00017913121361397223
7,0.9340842766687274,0.6666368114643977,0.00017913121361397223
7,0.9340842771343887,0.6666368114643977,0.00017913121361397223
7,0.9340842773672193,0.6667263770712046,0.00017913121361397223
7,0.934084277250804,0.6667263770712046,0.00017913121361397223
7,0.9340842771925963,0.6666368114643977,0.00017913121361397223
7,0.9340842772217002,0.6667263770712046,0.00017913121361397223
7,0.9340842772071483,0.6667263770712046,0.00017913121361397223
7,0.9340842771998723,0.6667263770712046,0.00017913121361397223
7,0.9340842771962343,0.6667263770712046,0.00017913121361397223
7,0.9340842771944153,0.6666368114643977,0.00017913121361397223
7,0.9340842771953248,0.6667263770712046,0.00017913121361397223
7,0.9340842771948701,0.6666368114643977,0.00017913121361397223
7,0.9340842771950975,0.6666368114643977,0.00017913121361397223
7,0.9340842771952111,0.6667263770712046,0.00017913121361397223
7,0.9340842771951543,0.6667263770712046,0.00017913121361397223
7,0.9340842771951259,0.6666368114643977,0.00017913121361397223
7,0.9340842771951401,0.6666368114643977,0.00017913121361397223
7,0.9340842771951472,0.6667263770712046,0.00017913121361397223
7,0.9340842771951436,0.6667263770712046,0.00017913121361397223
7,0.9340842771951419,0.6666368114643977,0.00017913121361397223
7,0.9340842771951428,0.6667263770712046,0.00017913121361397223
7,0.9340842771951423,0.6666368114643977,0.00017913121361397223
7,0.9340842771951425,0.6666368114643977,0.00017913121361397223
7,0.9340842771951426,0.6667263770712046,0.00017913121361397223
7,2.0,0.9974921630094044,0.387192118226601
7,1.0,0.7789520824003583,0.001522615315718764
7,1.5,0.9869234214061801,0.12046574115539632
7,1.25,0.9577250335871026,0.031437527989252124
7,1.125,0.9089117778772952,0.011912225705329153
7,1.0625,0.858217644424541,0.005105239587998208
7,1.03125,0.8250783699059561,0.003134796238244514
7,1.015625,0.8043887147335423,0.0021495745633676668
7,1.0078125,0.793730407523511,0.0017017465293327361
7,1.01171875,0.799373040752351,0.0019704433497536944
7,1.013671875,0.8022391401701746,0.002060008956560681
7,1.0126953125,0.8008956560680699,0.002060008956560681
7,1.01220703125,0.800268696820421,0.002060008956560681
7,1.011962890625,0.799641737572772,0.002060008956560681
7,1.0120849609375,0.799820868786386,0.002060008956560681
7,1.01214599609375,0.799910434393193,0.002060008956560681
7,1.012176513671875,0.800089565606807,0.002060008956560681
7,1.0121612548828125,0.799910434393193,0.002060008956560681
7,1.0121688842773438,0.8,0.002060008956560681
7,1.0121726989746094,0.800089565606807,0.002060008956560681
7,1.0121707916259766,0.800089565606807,0.002060008956560681
7,1.0121698379516602,0.800089565606807,0.002060008956560681
7,1.012169361114502,0.8,0.002060008956560681
7,1.012169599533081,0.800089565606807,0.002060008956560681
7,1.0121694803237915,0.8,0.002060008956560681
7,1.0121695399284363,0.800089565606807,0.002060008956560681
7,1.012169510126114,0.800089565606807,0.002060008956560681
7,1.0121694952249527,0.800089565606807,0.002060008956560681
7,1.012169487774372,0.800089565606807,0.002060008956560681
7,1.0121694840490818,0.8,0.002060008956560681
7,1.012169485911727,0.8,0.002060008956560681
7,1.0121694868430495,0.800089565606807,0.002060008956560681
7,1.0121694863773882,0.800089565606807,0.002060008956560681
7,1.0121694861445576,0.800089565606807,0.002060008956560681
7,1.0121694860281423,0.8,0.002060008956560681
7,1.01216948608635,0.8,0.002060008956560681
7,1.0121694861154538,0.800089565606807,0.002060008956560681
7,1.0121694861009018,0.800089565606807,0.002060008956560681
7,1.012169486093626,0.800089565606807,0.002060008956560681
7,1.012169486089988,0.8,0.002060008956560681
7,1.012169486091807,0.800089565606807,0.002060008956560681
7,1.0121694860908974,0.8,0.002060008956560681
7,1.0121694860913522,0.800089565606807,0.002060008956560681
7,1.0121694860911248,0.8,0.002060008956560681
7,1.0121694860912385,0.800089565606807,0.002060008956560681
7,1.0121694860911816,0.8,0.002060008956560681
7,1.01216948609121,0.8,0.002060008956560681
7,1.0121694860912243,0.8,0.002060008956560681
7,1.0121694860912314,0.8,0.002060008956560681
7,1.012169486091235,0.8,0.002060008956560681
7,1.0121694860912367,0.800089565606807,0.002060008956560681
7,1.0121694860912358,0.8,0.002060008956560681
7,1.0121694860912362,0.800089565606807,0.002060008956560681
7,1.012169486091236,0.8,0.002060008956560681
7,2.0,0.9974921630094044,0.387192118226601
7,1.0,0.7789520824003583,0.001522615315718764
7,1.5,0.9869234214061801,0.12046574115539632
7,1.25,0.9577250335871026,0.031437527989252124
7,1.125,0.9089117778772952,0.011912225705329153
7,1.0625,0.858217644424541,0.005105239587998208
7,1.03125,0.8250783699059561,0.003134796238244514
7,1.046875,0.8423645320197044,0.004030452306314375
7,1.0546875,0.8504254366323332,0.004567845947156292
7,1.05859375,0.8543663233318406,0.004567845947156292
7,1.060546875,0.8558889386475593,0.0049261083743842365
7,1.0615234375,0.8570532915360501,0.005015673981191223
7,1.06201171875,0.8577698163905061,0.005105239587998208
7,1.061767578125,0.8574115539632781,0.005105239587998208
7,1.0616455078125,0.8570532915360501,0.005105239587998208
7,1.06170654296875,0.8571428571428571,0.005105239587998208
7,1.061737060546875,0.8572324227496642,0.005105239587998208
7,1.0617218017578125,0.8572324227496642,0.005105239587998208
7,1.0617141723632812,0.8571428571428571,0.005105239587998208
7,1.0617179870605469,0.8571428571428571,0.005105239587998208
7,1.0617198944091797,0.8572324227496642,0.005105239587998208
7,1.0617189407348633,0.8572324227496642,0.005105239587998208
7,1.061718463897705,0.8571428571428571,0.005105239587998208
7,1.0617187023162842,0.8571428571428571,0.005105239587998208
7,1.0617188215255737,0.8571428571428571,0.005105239587998208
7,1.0617188811302185,0.8571428571428571,0.005105239587998208
7,1.061718910932541,0.8572324227496642,0.005105239587998208
7,1.0617188960313797,0.8572324227496642,0.005105239587998208
7,1.061718888580799,0.8571428571428571,0.005105239587998208
7,1.0617188923060894,0.8572324227496642,0.005105239587998208
7,1.0617188904434443,0.8572324227496642,0.005105239587998208
7,1.0617188895121217,0.8572324227496642,0.005105239587998208
7,1.0617188890464604,0.8572324227496642,0.005105239587998208
7,1.0617188888136297,0.8572324227496642,0.005105239587998208
7,1.0617188886972144,0.8571428571428571,0.005105239587998208
7,1.061718888755422,0.8572324227496642,0.005105239587998208
7,1.0617188887263183,0.8572324227496642,0.005105239587998208
7,1.0617188887117663,0.8571428571428571,0.005105239587998208
7,1.0617188887190423,0.8572324227496642,0.005105239587998208
7,1.0617188887154043,0.8572324227496642,0.005105239587998208
7,1.0617188887135853,0.8572324227496642,0.005105239587998208
7,1.0617188887126758,0.8571428571428571,0.005105239587998208
7,1.0617188887131306,0.8571428571428571,0.005105239587998208
7,1.061718888713358,0.8572324227496642,0.005105239587998208
7,1.0617188887132443,0.8572324227496642,0.005105239587998208
7,1.0617188887131874,0.8571428571428571,0.005105239587998208
7,1.0617188887132158,0.8571428571428571,0.005105239587998208
7,1.06171888871323,0.8572324227496642,0.005105239587998208
7,1.061718888713223,0.8572324227496642,0.005105239587998208
7,1.0617188887132194,0.8571428571428571,0.005105239587998208
7,1.0617188887132212,0.8572324227496642,0.005105239587998208
7,1.0617188887132203,0.8572324227496642,0.005105239587998208
7,1.0617188887132198,0.8572324227496642,0.005105239587998208
7,1.0617188887132196,0.8572324227496642,0.005105239587998208
7,2.0,0.9974921630094044,0.387192118226601
7,1.0,0.7789520824003583,0.001522615315718764
7,1.5,0.9869234214061801,0.12046574115539632
7,1.25,0.9577250335871026,0.031437527989252124
7,1.125,0.9089117778772952,0.011912225705329153
7,1.0625,0.858217644424541,0.005105239587998208
7,1.09375,0.8872369010300045,0.008240035826242723
7,1.109375,0.8978056426332288,0.010031347962382446
7,1.1015625,0.8921630094043888,0.008956560680698611
7,1.09765625,0.8892969099865652,0.008598298253470667
7,1.095703125,0.8884012539184953,0.00850873264666368
7,1.0966796875,0.8886699507389163,0.00850873264666368
7,1.09716796875,0.8892073443797581,0.008598298253470667
7,1.096923828125,0.8888490819525302,0.008598298253470667
7,1.0970458984375,0.8891177787729512,0.008598298253470667
7,1.09698486328125,0.8888490819525302,0.008598298253470667
7,1.097015380859375,0.8890282131661442,0.008598298253470667
7,1.0970001220703125,0.8889386475593373,0.008598298253470667
7,1.0969924926757812,0.8888490819525302,0.008598298253470667
7,1.0969963073730469,0.8888490819525302,0.008598298253470667
7,1.0969982147216797,0.8889386475593373,0.008598298253470667
7,1.0969972610473633,0.8889386475593373,0.008598298253470667
7,1.096996784210205,0.8888490819525302,0.008598298253470667
7,1.0969970226287842,0.8888490819525302,0.008598298253470667
7,1.0969971418380737,0.8889386475593373,0.008598298253470667
7,1.096997082233429,0.8889386475593373,0.008598298253470667
7,1.0969970524311066,0.8889386475593373,0.008598298253470667
7,1.0969970375299454,0.8888490819525302,0.008598298253470667
7,1.096997044980526,0.8889386475593373,0.008598298253470667
7,1.0969970412552357,0.8888490819525302,0.008598298253470667
7,1.0969970431178808,0.8889386475593373,0.008598298253470667
7,1.0969970421865582,0.8888490819525302,0.008598298253470667
7,1.0969970426522195,0.8889386475593373,0.008598298253470667
7,1.096997042419389,0.8889386475593373,0.008598298253470667
7,1.0969970423029736,0.8888490819525302,0.008598298253470667
7,1.0969970423611812,0.8888490819525302,0.008598298253470667
7,1.096997042390285,0.8889386475593373,0.008598298253470667
7,1.0969970423757331,0.8888490819525302,0.008598298253470667
7,1.096997042383009,0.8889386475593373,0.008598298253470667
7,1.0969970423793711,0.8888490819525302,0.008598298253470667
7,1.0969970423811901,0.8889386475593373,0.008598298253470667
7,1.0969970423802806,0.8889386475593373,0.008598298253470667
7,1.0969970423798259,0.8889386475593373,0.008598298253470667
7,1.0969970423795985,0.8888490819525302,0.008598298253470667
7,1.0969970423797122,0.8889386475593373,0.008598298253470667
7,1.0969970423796553,0.8888490819525302,0.008598298253470667
7,1.0969970423796838,0.8889386475593373,0.008598298253470667
7,1.0969970423796696,0.8888490819525302,0.008598298253470667
7,1.0969970423796767,0.8889386475593373,0.008598298253470667
7,1.096997042379673,0.8888490819525302,0.008598298253470667
7,1.0969970423796749,0.8888490819525302,0.008598298253470667
7,1.0969970423796758,0.8888490819525302,0.008598298253470667
7,1.0969970423796762,0.8889386475593373,0.008598298253470667
7,1.096997042379676,0.8889386475593373,0.008598298253470667
7,2.0,0.9974921630094044,0.387192118226601
7,1.0,0.7789520824003583,0.001522615315718764
7,1.5,0.9869234214061801,0.12046574115539632
7,1.25,0.9577250335871026,0.031437527989252124
7,1.125,0.9089117778772952,0.011912225705329153
7,1.1875,0.9398119122257054,0.021137483206448725
7,1.15625,0.9245857590685177,0.016927899686520375
7,1.140625,0.9165248544558889,0.014061800268696821
7,1.1328125,0.9128526645768025,0.013255709807433945
7,1.12890625,0.9109717868338558,0.012539184952978056
7,1.126953125,0.910076130765786,0.012091356918943126
7,1.1259765625,0.909717868338558,0.01200179131213614
7,1.12548828125,0.90935960591133,0.011912225705329153
7,1.125244140625,0.9090909090909091,0.011912225705329153
7,1.1253662109375,0.9092700403045231,0.011912225705329153
7,1.12530517578125,0.9092700403045231,0.011912225705329153
7,1.125274658203125,0.9091804746977161,0.011912225705329153
7,1.1252593994140625,0.9091804746977161,0.011912225705329153
7,1.1252517700195312,0.9090909090909091,0.011912225705329153
7,1.1252555847167969,0.9091804746977161,0.011912225705329153
7,1.125253677368164,0.9091804746977161,0.011912225705329153
7,1.1252527236938477,0.9090909090909091,0.011912225705329153
7,1.1252532005310059,0.9090909090909091,0.011912225705329153
7,1.125253438949585,0.9090909090909091,0.011912225705329153
7,1.1252535581588745,0.9090909090909091,0.011912225705329153
7,1.1252536177635193,0.9091804746977161,0.011912225705329153
7,1.125253587961197,0.9090909090909091,0.011912225705329153
7,1.125253602862358,0.9091804746977161,0.011912225705329153
7,1.1252535954117775,0.9091804746977161,0.011912225705329153
7,1.1252535916864872,0.9091804746977161,0.011912225705329153
7,1.125253589823842,0.9091804746977161,0.011912225705329153
7,1.1252535888925195,0.9090909090909091,0.011912225705329153
7,1.1252535893581808,0.9090909090909091,0.011912225705329153
7,1.1252535895910114,0.9091804746977161,0.011912225705329153
7,1.125253589474596,0.9091804746977161,0.011912225705329153
7,1.1252535894163884,0.9091804746977161,0.011912225705329153
7,1.1252535893872846,0.9091804746977161,0.011912225705329153
7,1.1252535893727327,0.9091804746977161,0.011912225705329153
7,1.1252535893654567,0.9090909090909091,0.011912225705329153
7,1.1252535893690947,0.9091804746977161,0.011912225705329153
7,1.1252535893672757,0.9090909090909091,0.011912225705329153
7,1.1252535893681852,0.9091804746977161,0.011912225705329153
7,1.1252535893677305,0.9090909090909091,0.011912225705329153
7,1.1252535893679578,0.9090909090909091,0.011912225705329153
7,1.1252535893680715,0.9091804746977161,0.011912225705329153
7,1.1252535893680147,0.9091804746977161,0.011912225705329153
7,1.1252535893679863,0.9090909090909091,0.011912225705329153
7,1.1252535893680005,0.9091804746977161,0.011912225705329153
7,1.1252535893679934,0.9090909090909091,0.011912225705329153
7,1.125253589367997,0.9091804746977161,0.011912225705329153
7,1.1252535893679951,0.9091804746977161,0.011912225705329153
7,1.1252535893679942,0.9090909090909091,0.011912225705329153
7,1.1252535893679947,0.9091804746977161,0.011912225705329153
7,1.1252535893679945,0.9090909090909091,0.011912225705329153
7,2.0,0.9974921630094044,0.387192118226601
7,3.0,0.999820868786386,0.7469771607702642
7,3.5,1.0,0.838781907747425
7,3.75,1.0,0.8761307657859382
7,3.875,1.0,0.8935064935064935
7,3.9375,1.0,0.9025526197939991
7,3.96875,1.0,0.9071204657411553
7,3.984375,1.0,0.9084639498432602
7,3.9921875,1.0,0.909807433945365
7,3.99609375,1.0,0.9102552619793999
7,3.998046875,1.0,0.9103448275862069
7,3.9990234375,1.0,0.9104343931930139
7,3.99951171875,1.0,0.9104343931930139
7,3.999755859375,1.0,0.9104343931930139
7,3.9998779296875,1.0,0.9104343931930139
7,3.99993896484375,1.0,0.9104343931930139
7,3.999969482421875,1.0,0.9105239587998208
7,3.9999847412109375,1.0,0.9105239587998208
7,3.9999923706054688,1.0,0.9105239587998208
7,3.9999961853027344,1.0,0.9105239587998208
7,3.999998092651367,1.0,0.9105239587998208
7,3.9999990463256836,1.0,0.9105239587998208
7,3.999999523162842,1.0,0.9105239587998208
7,3.999999761581421,1.0,0.9105239587998208
7,3.9999998807907104,1.0,0.9105239587998208
7,3.9999999403953552,1.0,0.9105239587998208
7,3.9999999701976776,1.0,0.9105239587998208
7,3.999999985098839,1.0,0.9105239587998208
7,3.9999999925494194,1.0,0.9105239587998208
7,3.9999999962747097,1.0,0.9105239587998208
7,3.999999998137355,1.0,0.9105239587998208
7,3.9999999990686774,1.0,0.9105239587998208
7,3.9999999995343387,1.0,0.9105239587998208
7,3.9999999997671694,1.0,0.9105239587998208
7,3.9999999998835847,1.0,0.9105239587998208
7,3.9999999999417923,1.0,0.9105239587998208
7,3.999999999970896,1.0,0.9105239587998208
7,3.999999999985448,1.0,0.9105239587998208
7,3.999999999992724,1.0,0.9105239587998208
7,3.999999999996362,1.0,0.9105239587998208
7,3.999999999998181,1.0,0.9105239587998208
7,3.9999999999990905,1.0,0.9105239587998208
7,3.9999999999995453,1.0,0.9105239587998208
7,3.9999999999997726,1.0,0.9105239587998208
7,3.9999999999998863,1.0,0.9105239587998208
7,3.999999999999943,1.0,0.9105239587998208
7,3.9999999999999716,1.0,0.9105239587998208
7,3.999999999999986,1.0,0.9105239587998208
7,3.999999999999993,1.0,0.9105239587998208
7,3.9999999999999964,1.0,0.9105239587998208
7,3.9999999999999982,1.0,0.9105239587998208
7,3.999999999999999,1.0,0.9105239587998208
7,3.9999999999999996,1.0,0.9105239587998208
7,4.0,1.0,0.9105239587998208
8,2.0,0.9956896551724138,0.3894984326018809
8,1.0,0.8012539184952978,0.0018808777429467085
8,0.5,0.0659090909090909,0.0
8,0.75,0.3659090909090909,0.0
8,0.875,0.5842476489028213,0.00031347962382445143
8,0.8125,0.4724137931034483,0.0
8,0.84375,0.5294670846394984,0.0
8,0.828125,0.5021943573667712,0.0
8,0.8203125,0.4877742946708464,0.0
8,0.82421875,0.49482758620689654,0.0
8,0.826171875,0.4981191222570533,0.0
8,0.8271484375,0.5001567398119122,0.0
8,0.82666015625,0.4994514106583072,0.0
8,0.826904296875,0.49968652037617556,0.0
8,0.8270263671875,0.4998432601880878,0.0
8,0.82708740234375,0.5000783699059561,0.0
8,0.827056884765625,0.4998432601880878,0.0
8,0.8270721435546875,0.5,0.0
8,0.8270797729492188,0.5,0.0
8,0.8270835876464844,0.5,0.0
8,0.8270854949951172,0.5000783699059561,0.0
8,0.8270845413208008,0.5,0.0
8,0.827085018157959,0.5000783699059561,0.0
8,0.8270847797393799,0.5,0.0
8,0.8270848989486694,0.5000783699059561,0.0
8,0.8270848393440247,0.5000783699059561,0.0
8,0.8270848095417023,0.5,0.0
8,0.8270848244428635,0.5,0.0
8,0.8270848318934441,0.5,0.0
8,0.8270848356187344,0.5,0.0
8,0.8270848374813795,0.5000783699059561,0.0
8,0.8270848365500569,0.5,0.0
8,0.8270848370157182,0.5000783699059561,0.0
8,0.8270848367828876,0.5,0.0
8,0.8270848368993029,0.5,0.0
8,0.8270848369575106,0.5,0.0
8,0.8270848369866144,0.5,0.0
8,0.8270848370011663,0.5,0.0
8,0.8270848370084423,0.5,0.0
8,0.8270848370120802,0.5,0.0
8,0.8270848370138992,0.5000783699059561,0.0
8,0.8270848370129897,0.5,0.0
8,0.8270848370134445,0.5,0.0
8,0.8270848370136719,0.5,0.0
8,0.8270848370137855,0.5000783699059561,0.0
8,0.8270848370137287,0.5,0.0
8,0.8270848370137571,0.5,0.0
8,0.8270848370137713,0.5,0.0
8,0.8270848370137784,0.5000783699059561,0.0
8,0.8270848370137749,0.5000783699059561,0.0
8,0.8270848370137731,0.5000783699059561,0.0
8,0.8270848370137722,0.5,0.0
8,0.8270848370137727,0.5000783699059561,0.0
8,0.8270848370137724,0.5,0.0
8,0.8270848370137726,0.5,0.0
8,2.0,0.9956896551724138,0.3894984326018809
8,1.0,0.8012539184952978,0.0018808777429467085
8,0.5,0.0659090909090909,0.0
8,0.75,0.3659090909090909,0.0
8,0.875,0.5842476489028213,0.00031347962382445143
8,0.9375,0.6994514106583072,0.0011755485893416929
8,0.90625,0.6431034482758621,0.0008620689655172414
8,0.921875,0.6730407523510972,0.00109717868338558
8,0.9140625,0.657601880877743,0.0010188087774294671
8,0.91796875,0.6654388714733542,0.0010188087774294671
8,0.919921875,0.6690438871473354,0.00109717868338558
8,0.9189453125,0.6671630094043887,0.0010188087774294671
8,0.91845703125,0.6665360501567398,0.0010188087774294671
8,0.918701171875,0.6669278996865203,0.0010188087774294671
8,0.9185791015625,0.6669278996865203,0.0010188087774294671
8,0.91851806640625,0.666692789968652,0.0010188087774294671
8,0.918487548828125,0.6665360501567398,0.0010188087774294671
8,0.9185028076171875,0.6666144200626959,0.0010188087774294671
8,0.9185104370117188,0.6666144200626959,0.0010188087774294671
8,0.9185142517089844,0.6666144200626959,0.0010188087774294671
8,0.9185161590576172,0.666692789968652,0.0010188087774294671
8,0.9185152053833008,0.666692789968652,0.0010188087774294671
8,0.9185147285461426,0.666692789968652,0.0010188087774294671
8,0.9185144901275635,0.666692789968652,0.0010188087774294671
8,0.9185143709182739,0.666692789968652,0.0010188087774294671
8,0.9185143113136292,0.6666144200626959,0.0010188087774294671
8,0.9185143411159515,0.6666144200626959,0.0010188087774294671
8,0.9185143560171127,0.6666144200626959,0.0010188087774294671
8,0.9185143634676933,0.666692789968652,0.0010188087774294671
8,0.918514359742403,0.666692789968652,0.0010188087774294671
8,0.9185143578797579,0.666692789968652,0.0010188087774294671
8,0.9185143569484353,0.6666144200626959,0.0010188087774294671
8,0.9185143574140966,0.6666144200626959,0.0010188087774294671
8,0.9185143576469272,0.6666144200626959,0.0010188087774294671
8,0.9185143577633426,0.666692789968652,0.0010188087774294671
8,0.9185143577051349,0.6666144200626959,0.0010188087774294671
8,0.9185143577342387,0.666692789968652,0.0010188087774294671
8,0.9185143577196868,0.6666144200626959,0.0010188087774294671
8,0.9185143577269628,0.6666144200626959,0.0010188087774294671
8,0.9185143577306008,0.6666144200626959,0.0010188087774294671
8,0.9185143577324197,0.6666144200626959,0.0010188087774294671
8,0.9185143577333292,0.6666144200626959,0.0010188087774294671
8,0.918514357733784,0.666692789968652,0.0010188087774294671
8,0.9185143577335566,0.6666144200626959,0.0010188087774294671
8,0.9185143577336703,0.666692789968652,0.0010188087774294671
8,0.9185143577336135,0.6666144200626959,0.0010188087774294671
8,0.9185143577336419,0.666692789968652,0.0010188087774294671
8,0.9185143577336277,0.6666144200626959,0.0010188087774294671
8,0.9185143577336348,0.666692789968652,0.0010188087774294671
8,0.9185143577336312,0.6666144200626959,0.0010188087774294671
8,0.918514357733633,0.666692789968652,0.0010188087774294671
8,0.9185143577336321,0.6666144200626959,0.0010188087774294671
8,0.9185143577336325,0.6666144200626959,0.0010188087774294671
8,0.9185143577336328,0.666692789968652,0.0010188087774294671
8,0.9185143577336327,0.666692789968652,0.0010188087774294671
8,2.0,0.9956896551724138,0.3894984326018809
8,1.0,0.8012539184952978,0.0018808777429467085
8,0.5,0.0659090909090909,0.0
8,0.75,0.3659090909090909,0.0
8,0.875,0.5842476489028213,0.00031347962382445143
8,0.9375,0.6994514106583072,0.0011755485893416929
8,0.96875,0.7509404388714733,0.0012539184952978057
8,0.984375,0.7766457680250783,0.0013322884012539186
8,0.9921875,0.7892633228840126,0.0014106583072100312
8,0.99609375,0.7956112852664576,0.001567398119122257
8,0.998046875,0.7985109717868338,0.0017241379310344827
8,0.9990234375,0.7997648902821317,0.0018025078369905956
8,0.99951171875,0.800705329153605,0.0018808777429467085
8,0.999267578125,0.8002351097178684,0.0018025078369905956
8,0.9991455078125,0.8,0.0018025078369905956
8,0.99920654296875,0.8001567398119123,0.0018025078369905956
8,0.999176025390625,0.8000783699059562,0.0018025078369905956
8,0.9991607666015625,0.8000783699059562,0.0018025078369905956
8,0.9991531372070312,0.8,0.0018025078369905956
8,0.9991569519042969,0.8000783699059562,0.0018025078369905956
8,0.9991550445556641,0.8,0.0018025078369905956
8,0.9991559982299805,0.8000783699059562,0.0018025078369905956
8,0.9991555213928223,0.8000783699059562,0.0018025078369905956
8,0.9991552829742432,0.8,0.0018025078369905956
8,0.9991554021835327,0.8000783699059562,0.0018025078369905956
8,0.9991553425788879,0.8000783699059562,0.0018025078369905956
8,0.9991553127765656,0.8,0.0018025078369905956
8,0.9991553276777267,0.8,0.0018025078369905956
8,0.9991553351283073,0.8000783699059562,0.0018025078369905956
8,0.999155331403017,0.8000783699059562,0.0018025078369905956
8,0.9991553295403719,0.8000783699059562,0.0018025078369905956
8,0.9991553286090493,0.8000783699059562,0.0018025078369905956
8,0.999155328143388,0.8000783699059562,0.0018025078369905956
8,0.9991553279105574,0.8,0.0018025078369905956
8,0.9991553280269727,0.8000783699059562,0.0018025078369905956
8,0.999155327968765,0.8,0.0018025078369905956
8,0.9991553279978689,0.8,0.0018025078369905956
8,0.9991553280124208,0.8,0.0018025078369905956
8,0.9991553280196968,0.8,0.0018025078369905956
8,0.9991553280233347,0.8,0.0018025078369905956
8,0.9991553280251537,0.8,0.0018025078369905956
8,0.9991553280260632,0.8000783699059562,0.0018025078369905956
8,0.9991553280256085,0.8000783699059562,0.0018025078369905956
8,0.9991553280253811,0.8000783699059562,0.0018025078369905956
8,0.9991553280252674,0.8000783699059562,0.0018025078369905956
8,0.9991553280252106,0.8000783699059562,0.0018025078369905956
8,0.9991553280251821,0.8,0.0018025078369905956
8,0.9991553280251964,0.8000783699059562,0.0018025078369905956
8,0.9991553280251892,0.8000783699059562,0.0018025078369905956
8,0.9991553280251857,0.8,0.0018025078369905956
8,0.9991553280251875,0.8,0.0018025078369905956
8,0.9991553280251884,0.8000783699059562,0.0018025078369905956
8,0.9991553280251879,0.8,0.0018025078369905956
8,0.9991553280251881,0.8000783699059562,0.0018025078369905956
8,0.999155328025188,0.8000783699059562,0.0018025078369905956
8,2.0,0.9956896551724138,0.3894984326018809
8,1.0,0.8012539184952978,0.0018808777429467085
8,1.5,0.9844043887147336,0.12445141065830721
8,1.25,0.9597962382445141,0.03769592476489028
8,1.125,0.9154388714733542,0.009717868338557993
8,1.0625,0.8721003134796238,0.004467084639498433
8,1.03125,0.8411442006269593,0.003369905956112853
8,1.046875,0.8570532915360501,0.0041536050156739815
8,1.0546875,0.8643416927899686,0.004231974921630094
8,1.05078125,0.8600313479623825,0.004231974921630094
8,1.048828125,0.8587774294670847,0.004231974921630094
8,1.0478515625,0.8575235109717868,0.0041536050156739815
8,1.04736328125,0.8572884012539185,0.0041536050156739815
8,1.047119140625,0.8571316614420063,0.0041536050156739815
8,1.0472412109375,0.8572100313479624,0.0041536050156739815
8,1.04718017578125,0.8571316614420063,0.0041536050156739815
8,1.047210693359375,0.8571316614420063,0.0041536050156739815
8,1.0472259521484375,0.8572100313479624,0.0041536050156739815
8,1.0472183227539062,0.8571316614420063,0.0041536050156739815
8,1.0472221374511719,0.8572100313479624,0.0041536050156739815
8,1.047220230102539,0.8572100313479624,0.0041536050156739815
8,1.0472192764282227,0.8572100313479624,0.0041536050156739815
8,1.0472187995910645,0.8571316614420063,0.0041536050156739815
8,1.0472190380096436,0.8572100313479624,0.0041536050156739815
8,1.047218918800354,0.8571316614420063,0.0041536050156739815
8,1.0472189784049988,0.8572100313479624,0.0041536050156739815
8,1.0472189486026764,0.8571316614420063,0.0041536050156739815
8,1.0472189635038376,0.8572100313479624,0.0041536050156739815
8,1.047218956053257,0.8572100313479624,0.0041536050156739815
8,1.0472189523279667,0.8572100313479624,0.0041536050156739815
8,1.0472189504653215,0.8572100313479624,0.0041536050156739815
8,1.047218949533999,0.8572100313479624,0.0041536050156739815
8,1.0472189490683377,0.8571316614420063,0.0041536050156739815
8,1.0472189493011683,0.8572100313479624,0.0041536050156739815
8,1.047218949184753,0.8571316614420063,0.0041536050156739815
8,1.0472189492429607,0.8572100313479624,0.0041536050156739815
8,1.0472189492138568,0.8571316614420063,0.0041536050156739815
8,1.0472189492284087,0.8572100313479624,0.0041536050156739815
8,1.0472189492211328,0.8571316614420063,0.0041536050156739815
8,1.0472189492247708,0.8571316614420063,0.0041536050156739815
8,1.0472189492265898,0.8571316614420063,0.0041536050156739815
8,1.0472189492274993,0.8572100313479624,0.0041536050156739815
8,1.0472189492270445,0.8571316614420063,0.0041536050156739815
8,1.0472189492272719,0.8572100313479624,0.0041536050156739815
8,1.0472189492271582,0.8571316614420063,0.0041536050156739815
8,1.047218949227215,0.8571316614420063,0.0041536050156739815
8,1.0472189492272435,0.8571316614420063,0.0041536050156739815
8,1.0472189492272577,0.8571316614420063,0.0041536050156739815
8,1.0472189492272648,0.8572100313479624,0.0041536050156739815
8,1.0472189492272612,0.8572100313479624,0.0041536050156739815
8,1.0472189492272594,0.8572100313479624,0.0041536050156739815
8,1.0472189492272586,0.8571316614420063,0.0041536050156739815
8,1.047218949227259,0.8572100313479624,0.0041536050156739815
8,1.0472189492272588,0.8572100313479624,0.0041536050156739815
8,2.0,0.9956896551724138,0.3894984326018809
8,1.0,0.8012539184952978,0.0018808777429467085
8,1.5,0.9844043887147336,0.12445141065830721
8,1.25,0.9597962382445141,0.03769592476489028
8,1.125,0.9154388714733542,0.009717868338557993
8,1.0625,0.8721003134796238,0.004467084639498433
8,1.09375,0.8950626959247648,0.006818181818181818
8,1.078125,0.8851097178683386,0.005564263322884013
8,1.0859375,0.8905172413793103,0.006426332288401254
8,1.08203125,0.887539184952978,0.0059561128526645765
8,1.083984375,0.8890282131661442,0.006269592476489028
8,1.0830078125,0.8884796238244514,0.00603448275862069
8,1.08349609375,0.8886363636363637,0.006191222570532916
8,1.083740234375,0.8889498432601881,0.006269592476489028
8,1.0836181640625,0.8887931034482759,0.006191222570532916
8,1.08367919921875,0.888871473354232,0.006269592476489028
8,1.083709716796875,0.888871473354232,0.006269592476489028
8,1.0837249755859375,0.8889498432601881,0.006269592476489028
8,1.0837173461914062,0.888871473354232,0.006269592476489028
8,1.0837211608886719,0.888871473354232,0.006269592476489028
8,1.0837230682373047,0.8889498432601881,0.006269592476489028
8,1.0837221145629883,0.8889498432601881,0.006269592476489028
8,1.08372163772583,0.8889498432601881,0.006269592476489028
8,1.083721399307251,0.888871473354232,0.006269592476489028
8,1.0837215185165405,0.8889498432601881,0.006269592476489028
8,1.0837214589118958,0.888871473354232,0.006269592476489028
8,1.0837214887142181,0.888871473354232,0.006269592476489028
8,1.0837215036153793,0.8889498432601881,0.006269592476489028
8,1.0837214961647987,0.8889498432601881,0.006269592476489028
8,1.0837214924395084,0.888871473354232,0.006269592476489028
8,1.0837214943021536,0.8889498432601881,0.006269592476489028
8,1.083721493370831,0.8889498432601881,0.006269592476489028
8,1.0837214929051697,0.888871473354232,0.006269592476489028
8,1.0837214931380004,0.888871473354232,0.006269592476489028
8,1.0837214932544157,0.8889498432601881,0.006269592476489028
8,1.083721493196208,0.8889498432601881,0.006269592476489028
8,1.0837214931671042,0.888871473354232,0.006269592476489028
8,1.0837214931816561,0.8889498432601881,0.006269592476489028
8,1.0837214931743802,0.888871473354232,0.006269592476489028
8,1.0837214931780181,0.888871473354232,0.006269592476489028
8,1.0837214931798371,0.8889498432601881,0.006269592476489028
8,1.0837214931789276,0.8889498432601881,0.006269592476489028
8,1.0837214931784729,0.8889498432601881,0.006269592476489028
8,1.0837214931782455,0.888871473354232,0.006269592476489028
8,1.0837214931783592,0.888871473354232,0.006269592476489028
8,1.083721493178416,0.888871473354232,0.006269592476489028
8,1.0837214931784445,0.8889498432601881,0.006269592476489028
8,1.0837214931784303,0.8889498432601881,0.006269592476489028
8,1.0837214931784231,0.888871473354232,0.006269592476489028
8,1.0837214931784267,0.888871473354232,0.006269592476489028
8,1.0837214931784285,0.8889498432601881,0.006269592476489028
8,1.0837214931784276,0.888871473354232,0.006269592476489028
8,1.083721493178428,0.8889498432601881,0.006269592476489028
8,1.0837214931784278,0.8889498432601881,0.006269592476489028
8,2.0,0.9956896551724138,0.3894984326018809
8,1.0,0.8012539184952978,0.0018808777429467085
8,1.5,0.9844043887147336,0.12445141065830721
8,1.25,0.9597962382445141,0.03769592476489028
8,1.125,0.9154388714733542,0.009717868338557993
8,1.0625,0.8721003134796238,0.004467084639498433
8,1.09375,0.8950626959247648,0.006818181818181818
8,1.109375,0.9064263322884013,0.008385579937304075
8,1.1171875,0.9115203761755486,0.009482758620689655
8,1.11328125,0.9093260188087774,0.00877742946708464
8,1.111328125,0.9078369905956113,0.008385579937304075
8,1.1123046875,0.9084639498432602,0.008463949843260187
8,1.11279296875,0.909012539184953,0.008542319749216301
8,1.113037109375,0.9091692789968652,0.008620689655172414
8,1.1129150390625,0.9090909090909091,0.008620689655172414
8,1.11297607421875,0.9091692789968652,0.008620689655172414
8,1.112945556640625,0.9090909090909091,0.008620689655172414
8,1.1129608154296875,0.9090909090909091,0.008620689655172414
8,1.1129684448242188,0.9090909090909091,0.008620689655172414
8,1.1129722595214844,0.9090909090909091,0.008620689655172414
8,1.1129741668701172,0.9091692789968652,0.008620689655172414
8,1.1129732131958008,0.9090909090909091,0.008620689655172414
8,1.112973690032959,0.9091692789968652,0.008620689655172414
8,1.1129734516143799,0.9091692789968652,0.008620689655172414
8,1.1129733324050903,0.9091692789968652,0.008620689655172414
8,1.1129732728004456,0.9091692789968652,0.008620689655172414
8,1.1129732429981232,0.9091692789968652,0.008620689655172414
8,1.112973228096962,0.9091692789968652,0.008620689655172414
8,1.1129732206463814,0.9090909090909091,0.008620689655172414
8,1.1129732243716717,0.9090909090909091,0.008620689655172414
8,1.1129732262343168,0.9091692789968652,0.008620689655172414
8,1.1129732253029943,0.9091692789968652,0.008620689655172414
8,1.112973224837333,0.9091692789968652,0.008620689655172414
8,1.1129732246045023,0.9090909090909091,0.008620689655172414
8,1.1129732247209176,0.9090909090909091,0.008620689655172414
8,1.1129732247791253,0.9091692789968652,0.008620689655172414
8,1.1129732247500215,0.9090909090909091,0.008620689655172414
8,1.1129732247645734,0.9091692789968652,0.008620689655172414
8,1.1129732247572974,0.9090909090909091,0.008620689655172414
8,1.1129732247609354,0.9091692789968652,0.008620689655172414
8,1.1129732247591164,0.9090909090909091,0.008620689655172414
8,1.112973224760026,0.9091692789968652,0.008620689655172414
8,1.1129732247595712,0.9091692789968652,0.008620689655172414
8,1.1129732247593438,0.9091692789968652,0.008620689655172414
8,1.11297322475923,0.9090909090909091,0.008620689655172414
8,1.112973224759287,0.9091692789968652,0.008620689655172414
8,1.1129732247592585,0.9091692789968652,0.008620689655172414
8,1.1129732247592443,0.9090909090909091,0.008620689655172414
8,1.1129732247592514,0.9090909090909091,0.008620689655172414
8,1.112973224759255,0.9090909090909091,0.008620689655172414
8,1.1129732247592568,0.9091692789968652,0.008620689655172414
8,1.1129732247592559,0.9090909090909091,0.008620689655172414
8,1.1129732247592563,0.9091692789968652,0.008620689655172414
8,1.112973224759256,0.9091692789968652,0.008620689655172414
8,2.0,0.9956896551724138,0.3894984326018809
8,3.0,0.9986677115987461,0.7533699059561129
8,3.5,0.9995297805642633,0.8497648902821316
8,3.75,0.9996081504702194,0.8896551724137931
8,3.875,0.9996865203761756,0.9054858934169279
8,3.9375,0.9996865203761756,0.9121473354231975
8,3.96875,0.9996865203761756,0.9139498432601881
8,3.984375,0.9996865203761756,0.9159090909090909
8,3.9921875,0.9996865203761756,0.9163793103448276
8,3.99609375,0.9996865203761756,0.9169278996865203
8,3.998046875,0.9996865203761756,0.9170062695924764
8,3.9990234375,0.9996865203761756,0.9170062695924764
8,3.99951171875,0.9996865203761756,0.9170062695924764
8,3.999755859375,0.9996865203761756,0.9170062695924764
8,3.9998779296875,0.9996865203761756,0.9170062695924764
8,3.99993896484375,0.9996865203761756,0.9170062695924764
8,3.999969482421875,0.9996865203761756,0.9170062695924764
8,3.9999847412109375,0.9996865203761756,0.9170062695924764
8,3.9999923706054688,0.9996865203761756,0.9170062695924764
8,3.9999961853027344,0.9996865203761756,0.9170062695924764
8,3.999998092651367,0.9996865203761756,0.9170062695924764
8,3.9999990463256836,0.9996865203761756,0.9170062695924764
8,3.999999523162842,0.9996865203761756,0.9170062695924764
8,3.999999761581421,0.9996865203761756,0.9170062695924764
8,3.9999998807907104,0.9996865203761756,0.9170062695924764
8,3.9999999403953552,0.9996865203761756,0.9170062695924764
8,3.9999999701976776,0.9996865203761756,0.9170062695924764
8,3.999999985098839,0.9996865203761756,0.9170062695924764
8,3.9999999925494194,0.9996865203761756,0.9170062695924764
8,3.9999999962747097,0.9996865203761756,0.9170062695924764
8,3.999999998137355,0.9996865203761756,0.9170062695924764
8,3.9999999990686774,0.9996865203761756,0.9170062695924764
8,3.9999999995343387,0.9996865203761756,0.9170062695924764
8,3.9999999997671694,0.9996865203761756,0.9170062695924764
8,3.9999999998835847,0.9996865203761756,0.9170062695924764
8,3.9999999999417923,0.9996865203761756,0.9170062695924764
8,3.999999999970896,0.9996865203761756,0.9170062695924764
8,3.999999999985448,0.9996865203761756,0.9170062695924764
8,3.999999999992724,0.9996865203761756,0.9170062695924764
8,3.999999999996362,0.9996865203761756,0.9170062695924764
8,3.999999999998181,0.9996865203761756,0.9170062695924764
8,3.9999999999990905,0.9996865203761756,0.9170062695924764
8,3.9999999999995453,0.9996865203761756,0.9170062695924764
8,3.9999999999997726,0.9996865203761756,0.9170062695924764
8,3.9999999999998863,0.9996865203761756,0.9170062695924764
8,3.999999999999943,0.9996865203761756,0.9170062695924764
8,3.9999999999999716,0.9996865203761756,0.9170062695924764
8,3.999999999999986,0.9996865203761756,0.9170062695924764
8,3.999999999999993,0.9996865203761756,0.9170062695924764
8,3.9999999999999964,0.9996865203761756,0.9170062695924764
8,3.9999999999999982,0.9996865203761756,0.9170062695924764
8,3.999999999999999,0.9996865203761756,0.9170062695924764
8,3.9999999999999996,0.9996865203761756,0.9170062695924764
8,4.0,0.9996865203761756,0.9170062695924764
9,2.0,0.9956809474050853,0.3876698014629049
9,1.0,0.7850923023336817,0.0011842563566701499
9,0.5,0.0539881574364333,0.0
9,0.75,0.3504702194357367,0.0
9,0.875,0.569627307558342,0.0
9,0.8125,0.45914315569487985,0.0
9,0.84375,0.5154301637060258,0.0
9,0.828125,0.4879136189481017,0.0
9,0.8359375,0.5008707767328457,0.0
9,0.83203125,0.4943921978404737,0.0
9,0.833984375,0.496760710553814,0.0
9,0.8349609375,0.49843260188087773,0.0
9,0.83544921875,0.4994078718216649,0.0
9,0.835693359375,0.5002438174851968,0.0
9,0.8355712890625,0.4998955067920585,0.0
9,0.83563232421875,0.49996516893068615,0.0
9,0.835662841796875,0.5001741553465692,0.0
9,0.8356475830078125,0.5001044932079415,0.0
9,0.8356399536132812,0.49996516893068615,0.0
9,0.8356437683105469,0.5000348310693138,0.0
9,0.8356418609619141,0.5000348310693138,0.0
9,0.8356409072875977,0.5000348310693138,0.0
9,0.8356404304504395,0.49996516893068615,0.0
9,0.8356406688690186,0.5000348310693138,0.0
9,0.835640549659729,0.49996516893068615,0.0
9,0.8356406092643738,0.5000348310693138,0.0
9,0.8356405794620514,0.5000348310693138,0.0
9,0.8356405645608902,0.49996516893068615,0.0
9,0.8356405720114708,0.49996516893068615,0.0
9,0.8356405757367611,0.5000348310693138,0.0
9,0.8356405738741159,0.5000348310693138,0.0
9,0.8356405729427934,0.49996516893068615,0.0
9,0.8356405734084547,0.5000348310693138,0.0
9,0.835640573175624,0.49996516893068615,0.0
9,0.8356405732920393,0.5000348310693138,0.0
9,0.8356405732338317,0.5000348310693138,0.0
9,0.8356405732047278,0.49996516893068615,0.0
9,0.8356405732192798,0.5000348310693138,0.0
9,0.8356405732120038,0.5000348310693138,0.0
9,0.8356405732083658,0.49996516893068615,0.0
9,0.8356405732101848,0.49996516893068615,0.0
9,0.8356405732110943,0.5000348310693138,0.0
9,0.8356405732106396,0.5000348310693138,0.0
9,0.8356405732104122,0.49996516893068615,0.0
9,0.8356405732105259,0.49996516893068615,0.0
9,0.8356405732105827,0.5000348310693138,0.0
9,0.8356405732105543,0.5000348310693138,0.0
9,0.8356405732105401,0.49996516893068615,0.0
9,0.8356405732105472,0.5000348310693138,0.0
9,0.8356405732105436,0.49996516893068615,0.0
9,0.8356405732105454,0.49996516893068615,0.0
9,0.8356405732105463,0.49996516893068615,0.0
9,0.8356405732105467,0.49996516893068615,0.0
9,0.835640573210547,0.49996516893068615,0.0
9,0.8356405732105471,0.49996516893068615,0.0
9,2.0,0.9956809474050853,0.3876698014629049
9,1.0,0.7850923023336817,0.0011842563566701499
9,0.5,0.0539881574364333,0.0
9,0.75,0.3504702194357367,0.0
9,0.875,0.569627307558342,0.0
9,0.9375,0.6819923371647509,6.966213862765588e-05
9,0.90625,0.6264716126785093,0.0
9,0.921875,0.6559386973180077,6.966213862765588e-05
9,0.9296875,0.6686868686868687,6.966213862765588e-05
9,0.92578125,0.6631138975966562,6.966213862765588e-05
9,0.927734375,0.6661093695576454,6.966213862765588e-05
9,0.9287109375,0.6670846394984326,6.966213862765588e-05
9,0.92822265625,0.6663183559735284,6.966213862765588e-05
9,0.928466796875,0.666597004528039,6.966213862765588e-05
9,0.9285888671875,0.667014977359805,6.966213862765588e-05
9,0.92852783203125,0.6668756530825496,6.966213862765588e-05
9,0.928497314453125,0.6668756530825496,6.966213862765588e-05
9,0.9284820556640625,0.666597004528039,6.966213862765588e-05
9,0.9284896850585938,0.6667363288052943,6.966213862765588e-05
9,0.9284858703613281,0.6666666666666666,6.966213862765588e-05
9,0.9284877777099609,0.6667363288052943,6.966213862765588e-05
9,0.9284868240356445,0.6666666666666666,6.966213862765588e-05
9,0.9284873008728027,0.6667363288052943,6.966213862765588e-05
9,0.9284870624542236,0.6666666666666666,6.966213862765588e-05
9,0.9284871816635132,0.6667363288052943,6.966213862765588e-05
9,0.9284871220588684,0.6666666666666666,6.966213862765588e-05
9,0.9284871518611908,0.6666666666666666,6.966213862765588e-05
9,0.928487166762352,0.6666666666666666,6.966213862765588e-05
9,0.9284871742129326,0.6667363288052943,6.966213862765588e-05
9,0.9284871704876423,0.6667363288052943,6.966213862765588e-05
9,0.9284871686249971,0.6666666666666666,6.966213862765588e-05
9,0.9284871695563197,0.6667363288052943,6.966213862765588e-05
9,0.9284871690906584,0.6667363288052943,6.966213862765588e-05
9,0.9284871688578278,0.6667363288052943,6.966213862765588e-05
9,0.9284871687414125,0.6666666666666666,6.966213862765588e-05
9,0.9284871687996201,0.6666666666666666,6.966213862765588e-05
9,0.928487168828724,0.6667363288052943,6.966213862765588e-05
9,0.928487168814172,0.6667363288052943,6.966213862765588e-05
9,0.9284871688068961,0.6666666666666666,6.966213862765588e-05
9,0.9284871688105341,0.6666666666666666,6.966213862765588e-05
9,0.928487168812353,0.6667363288052943,6.966213862765588e-05
9,0.9284871688114436,0.6667363288052943,6.966213862765588e-05
9,0.9284871688109888,0.6667363288052943,6.966213862765588e-05
9,0.9284871688107614,0.6667363288052943,6.966213862765588e-05
9,0.9284871688106477,0.6666666666666666,6.966213862765588e-05
9,0.9284871688107046,0.6666666666666666,6.966213862765588e-05
9,0.928487168810733,0.6666666666666666,6.966213862765588e-05
9,0.9284871688107472,0.6667363288052943,6.966213862765588e-05
9,0.9284871688107401,0.6667363288052943,6.966213862765588e-05
9,0.9284871688107366,0.6667363288052943,6.966213862765588e-05
9,0.9284871688107348,0.6666666666666666,6.966213862765588e-05
9,0.9284871688107357,0.6667363288052943,6.966213862765588e-05
9,0.9284871688107352,0.6666666666666666,6.966213862765588e-05
9,0.9284871688107355,0.6666666666666666,6.966213862765588e-05
9,0.9284871688107356,0.6667363288052943,6.966213862765588e-05
9,2.0,0.9956809474050853,0.3876698014629049
9,1.0,0.7850923023336817,0.0011842563566701499
9,1.5,0.9862068965517241,0.12448624172762104
9,1.25,0.9588296760710554,0.031765935214211075
9,1.125,0.9115987460815047,0.011772901428073843
9,1.0625,0.8625566004876349,0.004876349703935911
9,1.03125,0.8282828282828283,0.0025078369905956114
9,1.015625,0.808289794496691,0.001602229188436085
9,1.0078125,0.7974225008707767,0.0013235806339254616
9,1.01171875,0.8028561476837339,0.0015325670498084292
9,1.009765625,0.7999303378613724,0.0014629049111807733
9,1.0107421875,0.8015325670498085,0.0015325670498084292
9,1.01025390625,0.8009056078021596,0.0014629049111807733
9,1.010009765625,0.8002786485545106,0.0014629049111807733
9,1.0098876953125,0.800208986415883,0.0014629049111807733
9,1.00982666015625,0.8000696621386276,0.0014629049111807733
9,1.009796142578125,0.8,0.0014629049111807733
9,1.0098114013671875,0.8,0.0014629049111807733
9,1.0098190307617188,0.8000696621386276,0.0014629049111807733
9,1.0098152160644531,0.8,0.0014629049111807733
9,1.009817123413086,0.8000696621386276,0.0014629049111807733
9,1.0098161697387695,0.8,0.0014629049111807733
9,1.0098166465759277,0.8,0.0014629049111807733
9,1.0098168849945068,0.8,0.0014629049111807733
9,1.0098170042037964,0.8,0.0014629049111807733
9,1.0098170638084412,0.8,0.0014629049111807733
9,1.0098170936107635,0.8,0.0014629049111807733
9,1.0098171085119247,0.8000696621386276,0.0014629049111807733
9,1.0098171010613441,0.8,0.0014629049111807733
9,1.0098171047866344,0.8,0.0014629049111807733
9,1.0098171066492796,0.8,0.0014629049111807733
9,1.0098171075806022,0.8000696621386276,0.0014629049111807733
9,1.0098171071149409,0.8000696621386276,0.0014629049111807733
9,1.0098171068821102,0.8,0.0014629049111807733
9,1.0098171069985256,0.8000696621386276,0.0014629049111807733
9,1.009817106940318,0.8,0.0014629049111807733
9,1.0098171069694217,0.8,0.0014629049111807733
9,1.0098171069839736,0.8000696621386276,0.0014629049111807733
9,1.0098171069766977,0.8000696621386276,0.0014629049111807733
9,1.0098171069730597,0.8000696621386276,0.0014629049111807733
9,1.0098171069712407,0.8000696621386276,0.0014629049111807733
9,1.0098171069703312,0.8,0.0014629049111807733
9,1.009817106970786,0.8000696621386276,0.0014629049111807733
9,1.0098171069705586,0.8,0.0014629049111807733
9,1.0098171069706723,0.8,0.0014629049111807733
9,1.0098171069707291,0.8,0.0014629049111807733
9,1.0098171069707575,0.8,0.0014629049111807733
9,1.0098171069707718,0.8,0.0014629049111807733
9,1.0098171069707789,0.8000696621386276,0.0014629049111807733
9,1.0098171069707753,0.8000696621386276,0.0014629049111807733
9,1.0098171069707735,0.8000696621386276,0.0014629049111807733
9,1.0098171069707726,0.8000696621386276,0.0014629049111807733
9,1.0098171069707722,0.8,0.0014629049111807733
9,1.0098171069707724,0.8,0.0014629049111807733
9,2.0,0.9956809474050853,0.3876698014629049
9,1.0,0.7850923023336817,0.0011842563566701499
9,1.5,0.9862068965517241,0.12448624172762104
9,1.25,0.9588296760710554,0.031765935214211075
9,1.125,0.9115987460815047,0.011772901428073843
9,1.0625,0.8625566004876349,0.004876349703935911
9,1.03125,0.8282828282828283,0.0025078369905956114
9,1.046875,0.8466039707419017,0.003134796238244514
9,1.0546875,0.8546847788227099,0.0041100661790316965
9,1.05859375,0.8594218042493904,0.004876349703935911
9,1.056640625,0.8568443051201672,0.004597701149425287
9,1.0576171875,0.8584465343086033,0.004806687565308255
9,1.05712890625,0.857680250783699,0.004806687565308255
9,1.056884765625,0.8571926158133054,0.0047370254266805994
9,1.0567626953125,0.8569836293974225,0.0047370254266805994
9,1.05682373046875,0.8569836293974225,0.0047370254266805994
9,1.056854248046875,0.8571229536746778,0.0047370254266805994
9,1.0568695068359375,0.8571229536746778,0.0047370254266805994
9,1.0568771362304688,0.8571229536746778,0.0047370254266805994
9,1.0568809509277344,0.8571229536746778,0.0047370254266805994
9,1.0568828582763672,0.8571229536746778,0.0047370254266805994
9,1.0568838119506836,0.8571926158133054,0.0047370254266805994
9,1.0568833351135254,0.8571229536746778,0.0047370254266805994
9,1.0568835735321045,0.8571926158133054,0.0047370254266805994
9,1.056883454322815,0.8571229536746778,0.0047370254266805994
9,1.0568835139274597,0.8571926158133054,0.0047370254266805994
9,1.0568834841251373,0.8571926158133054,0.0047370254266805994
9,1.0568834692239761,0.8571926158133054,0.0047370254266805994
9,1.0568834617733955,0.8571926158133054,0.0047370254266805994
9,1.0568834580481052,0.8571926158133054,0.0047370254266805994
9,1.05688345618546,0.8571926158133054,0.0047370254266805994
9,1.0568834552541375,0.8571229536746778,0.0047370254266805994
9,1.0568834557197988,0.8571926158133054,0.0047370254266805994
9,1.0568834554869682,0.8571229536746778,0.0047370254266805994
9,1.0568834556033835,0.8571229536746778,0.0047370254266805994
9,1.0568834556615911,0.8571926158133054,0.0047370254266805994
9,1.0568834556324873,0.8571229536746778,0.0047370254266805994
9,1.0568834556470392,0.8571926158133054,0.0047370254266805994
9,1.0568834556397633,0.8571926158133054,0.0047370254266805994
9,1.0568834556361253,0.8571229536746778,0.0047370254266805994
9,1.0568834556379443,0.8571229536746778,0.0047370254266805994
9,1.0568834556388538,0.8571926158133054,0.0047370254266805994
9,1.056883455638399,0.8571926158133054,0.0047370254266805994
9,1.0568834556381717,0.8571229536746778,0.0047370254266805994
9,1.0568834556382853,0.8571229536746778,0.0047370254266805994
9,1.0568834556383422,0.8571229536746778,0.0047370254266805994
9,1.0568834556383706,0.8571926158133054,0.0047370254266805994
9,1.0568834556383564,0.8571229536746778,0.0047370254266805994
9,1.0568834556383635,0.8571229536746778,0.0047370254266805994
9,1.056883455638367,0.8571926158133054,0.0047370254266805994
9,1.0568834556383653,0.8571229536746778,0.0047370254266805994
9,1.0568834556383662,0.8571229536746778,0.0047370254266805994
9,1.0568834556383666,0.8571926158133054,0.0047370254266805994
9,1.0568834556383664,0.8571229536746778,0.0047370254266805994
9,2.0,0.9956809474050853,0.3876698014629049
9,1.0,0.7850923023336817,0.0011842563566701499
9,1.5,0.9862068965517241,0.12448624172762104
9,1.25,0.9588296760710554,0.031765935214211075
9,1.125,0.9115987460815047,0.011772901428073843
9,1.0625,0.8625566004876349,0.004876349703935911
9,1.09375,0.8918843608498781,0.008011145942180425
9,1.078125,0.8776732845698363,0.006060606060606061
9,1.0859375,0.8854057819575061,0.007105538140020898
9,1.08984375,0.8890978753047719,0.007662835249042145
9,1.087890625,0.8870776732845699,0.007523510971786834
9,1.0888671875,0.8881226053639847,0.00759317311041449
9,1.08935546875,0.8887495646116336,0.007662835249042145
9,1.089599609375,0.8888192267502613,0.007662835249042145
9,1.0897216796875,0.8890282131661442,0.007662835249042145
9,1.08966064453125,0.8888888888888888,0.007662835249042145
9,1.089691162109375,0.8888888888888888,0.007662835249042145
9,1.0897064208984375,0.8889585510275165,0.007662835249042145
9,1.0896987915039062,0.8888888888888888,0.007662835249042145
9,1.0897026062011719,0.8888888888888888,0.007662835249042145
9,1.0897045135498047,0.8888888888888888,0.007662835249042145
9,1.089705467224121,0.8889585510275165,0.007662835249042145
9,1.089704990386963,0.8889585510275165,0.007662835249042145
9,1.0897047519683838,0.8889585510275165,0.007662835249042145
9,1.0897046327590942,0.8889585510275165,0.007662835249042145
9,1.0897045731544495,0.8888888888888888,0.007662835249042145
9,1.0897046029567719,0.8889585510275165,0.007662835249042145
9,1.0897045880556107,0.8888888888888888,0.007662835249042145
9,1.0897045955061913,0.8889585510275165,0.007662835249042145
9,1.089704591780901,0.8889585510275165,0.007662835249042145
9,1.0897045899182558,0.8889585510275165,0.007662835249042145
9,1.0897045889869332,0.8889585510275165,0.007662835249042145
9,1.089704588521272,0.8888888888888888,0.007662835249042145
9,1.0897045887541026,0.8889585510275165,0.007662835249042145
9,1.0897045886376873,0.8888888888888888,0.007662835249042145
9,1.089704588695895,0.8889585510275165,0.007662835249042145
9,1.089704588666791,0.8889585510275165,0.007662835249042145
9,1.0897045886522392,0.8889585510275165,0.007662835249042145
9,1.0897045886449632,0.8889585510275165,0.007662835249042145
9,1.0897045886413252,0.8888888888888888,0.007662835249042145
9,1.0897045886431442,0.8889585510275165,0.007662835249042145
9,1.0897045886422347,0.8889585510275165,0.007662835249042145
9,1.08970458864178,0.8889585510275165,0.007662835249042145
9,1.0897045886415526,0.8889585510275165,0.007662835249042145
9,1.089704588641439,0.8888888888888888,0.007662835249042145
9,1.0897045886414958,0.8888888888888888,0.007662835249042145
9,1.0897045886415242,0.8888888888888888,0.007662835249042145
9,1.0897045886415384,0.8888888888888888,0.007662835249042145
9,1.0897045886415455,0.8889585510275165,0.007662835249042145
9,1.089704588641542,0.8889585510275165,0.007662835249042145
9,1.0897045886415402,0.8889585510275165,0.007662835249042145
9,1.0897045886415393,0.8889585510275165,0.007662835249042145
9,1.0897045886415389,0.8888888888888888,0.007662835249042145
9,1.089704588641539,0.8889585510275165,0.007662835249042145
9,2.0,0.9956809474050853,0.3876698014629049
9,1.0,0.7850923023336817,0.0011842563566701499
9,1.5,0.9862068965517241,0.12448624172762104
9,1.25,0.9588296760710554,0.031765935214211075
9,1.125,0.9115987460815047,0.011772901428073843
9,1.0625,0.8625566004876349,0.004876349703935911
9,1.09375,0.8918843608498781,0.008011145942180425
9,1.109375,0.9028213166144201,0.010101010101010102
9,1.1171875,0.9072100313479624,0.010588645071403693
9,1.12109375,0.909926854754441,0.011076280041797283
9,1.119140625,0.9088122605363985,0.010867293625914315
9,1.1201171875,0.9094392197840474,0.011006617903169627
9,1.11962890625,0.9091605712295368,0.010867293625914315
9,1.119384765625,0.9090212469522815,0.010867293625914315
9,1.1195068359375,0.9091605712295368,0.010867293625914315
9,1.11944580078125,0.9090909090909091,0.010867293625914315
9,1.119476318359375,0.9090909090909091,0.010867293625914315
9,1.1194915771484375,0.9091605712295368,0.010867293625914315
9,1.1194839477539062,0.9090909090909091,0.010867293625914315
9,1.1194877624511719,0.9090909090909091,0.010867293625914315
9,1.1194896697998047,0.9090909090909091,0.010867293625914315
9,1.119490623474121,0.9090909090909091,0.010867293625914315
9,1.1194911003112793,0.9090909090909091,0.010867293625914315
9,1.1194913387298584,0.9090909090909091,0.010867293625914315
9,1.119491457939148,0.9091605712295368,0.010867293625914315
9,1.1194913983345032,0.9091605712295368,0.010867293625914315
9,1.1194913685321808,0.9090909090909091,0.010867293625914315
9,1.119491383433342,0.9091605712295368,0.010867293625914315
9,1.1194913759827614,0.9091605712295368,0.010867293625914315
9,1.119491372257471,0.9091605712295368,0.010867293625914315
9,1.119491370394826,0.9091605712295368,0.010867293625914315
9,1.1194913694635034,0.9090909090909091,0.010867293625914315
9,1.1194913699291646,0.9090909090909091,0.010867293625914315
9,1.1194913701619953,0.9091605712295368,0.010867293625914315
9,1.11949137004558,0.9090909090909091,0.010867293625914315
9,1.1194913701037876,0.9090909090909091,0.010867293625914315
9,1.1194913701328915,0.9090909090909091,0.010867293625914315
9,1.1194913701474434,0.9091605712295368,0.010867293625914315
9,1.1194913701401674,0.9091605712295368,0.010867293625914315
9,1.1194913701365294,0.9090909090909091,0.010867293625914315
9,1.1194913701383484,0.9090909090909091,0.010867293625914315
9,1.119491370139258,0.9090909090909091,0.010867293625914315
9,1.1194913701397127,0.9091605712295368,0.010867293625914315
9,1.1194913701394853,0.9090909090909091,0.010867293625914315
9,1.119491370139599,0.9090909090909091,0.010867293625914315
9,1.1194913701396558,0.9091605712295368,0.010867293625914315
9,1.1194913701396274,0.9090909090909091,0.010867293625914315
9,1.1194913701396416,0.9090909090909091,0.010867293625914315
9,1.1194913701396487,0.9090909090909091,0.010867293625914315
9,1.1194913701396523,0.9090909090909091,0.010867293625914315
9,1.119491370139654,0.9090909090909091,0.010867293625914315
9,1.119491370139655,0.9090909090909091,0.010867293625914315
9,1.1194913701396554,0.9090909090909091,0.010867293625914315
9,1.1194913701396556,0.9090909090909091,0.010867293625914315
9,2.0,0.9956809474050853,0.3876698014629049
9,3.0,0.9994427028909788,0.7420411006617903
9,3.5,0.9997213514454893,0.8376175548589342
9,3.75,0.9998606757227447,0.8752351097178683
9,3.875,0.9998606757227447,0.888052943225357
9,3.9375,0.9998606757227447,0.8948798328108672
9,3.96875,0.9998606757227447,0.8985022640195054
9,3.984375,0.9998606757227447,0.9005224660397074
9,3.9921875,0.9998606757227447,0.901219087425984
9,3.99609375,0.9998606757227447,0.9017067223963776
9,3.998046875,0.9998606757227447,0.9018460466736329
9,3.9990234375,0.9998606757227447,0.9019157088122606
9,3.99951171875,0.9998606757227447,0.9019853709508882
9,3.999755859375,0.9998606757227447,0.9019853709508882
9,3.9998779296875,0.9998606757227447,0.9019853709508882
9,3.99993896484375,0.9998606757227447,0.9019853709508882
9,3.999969482421875,0.9998606757227447,0.9020550330895158
9,3.9999847412109375,0.9998606757227447,0.9020550330895158
9,3.9999923706054688,0.9998606757227447,0.9020550330895158
9,3.9999961853027344,0.9998606757227447,0.9020550330895158
9,3.999998092651367,0.9998606757227447,0.9020550330895158
9,3.9999990463256836,0.9998606757227447,0.9020550330895158
9,3.999999523162842,0.9998606757227447,0.9020550330895158
9,3.999999761581421,0.9998606757227447,0.9020550330895158
9,3.9999998807907104,0.9998606757227447,0.9020550330895158
9,3.9999999403953552,0.9998606757227447,0.9020550330895158
9,3.9999999701976776,0.9998606757227447,0.9020550330895158
9,3.999999985098839,0.9998606757227447,0.9020550330895158
9,3.9999999925494194,0.9998606757227447,0.9020550330895158
9,3.9999999962747097,0.9998606757227447,0.9020550330895158
9,3.999999998137355,0.9998606757227447,0.9020550330895158
9,3.9999999990686774,0.9998606757227447,0.9020550330895158
9,3.9999999995343387,0.9998606757227447,0.9020550330895158
9,3.9999999997671694,0.9998606757227447,0.9020550330895158
9,3.9999999998835847,0.9998606757227447,0.9020550330895158
9,3.9999999999417923,0.9998606757227447,0.9020550330895158
9,3.999999999970896,0.9998606757227447,0.9020550330895158
9,3.999999999985448,0.9998606757227447,0.9020550330895158
9,3.999999999992724,0.9998606757227447,0.9020550330895158
9,3.999999999996362,0.9998606757227447,0.9020550330895158
9,3.999999999998181,0.9998606757227447,0.9020550330895158
9,3.9999999999990905,0.9998606757227447,0.9020550330895158
9,3.9999999999995453,0.9998606757227447,0.9020550330895158
9,3.9999999999997726,0.9998606757227447,0.9020550330895158
9,3.9999999999998863,0.9998606757227447,0.9020550330895158
9,3.999999999999943,0.9998606757227447,0.9020550330895158
9,3.9999999999999716,0.9998606757227447,0.9020550330895158
9,3.999999999999986,0.9998606757227447,0.9020550330895158
9,3.999999999999993,0.9998606757227447,0.9020550330895158
9,3.9999999999999964,0.9998606757227447,0.9020550330895158
9,3.9999999999999982,0.9998606757227447,0.9020550330895158
9,3.999999999999999,0.9998606757227447,0.9020550330895158
9,3.9999999999999996,0.9998606757227447,0.9020550330895158
9,4.0,0.9998606757227447,0.9020550330895158
10,2.0,0.996614420062696,0.3873981191222571
10,1.0,0.7876489028213166,0.0025078369905956114
10,0.5,0.06376175548589341,0.0
10,0.75,0.3504702194357367,0.00018808777429467084
10,0.875,0.569717868338558,0.00043887147335423197
10,0.8125,0.45586206896551723,0.00025078369905956113
10,0.84375,0.5118495297805643,0.00025078369905956113
10,0.828125,0.48545454545454547,0.00025078369905956113
10,0.8359375,0.4979310344827586,0.00025078369905956113
10,0.83984375,0.5042006269592476,0.00025078369905956113
10,0.837890625,0.5008777429467085,0.00025078369905956113
10,0.8369140625,0.49949843260188087,0.00025078369905956113
10,0.83740234375,0.5000626959247649,0.00025078369905956113
10,0.837158203125,0.4998119122257053,0.00025078369905956113
10,0.8372802734375,0.4999373040752351,0.00025078369905956113
10,0.83734130859375,0.5,0.00025078369905956113
10,0.837371826171875,0.5000626959247649,0.00025078369905956113
10,0.8373565673828125,0.5,0.00025078369905956113
10,0.8373641967773438,0.5000626959247649,0.00025078369905956113
10,0.8373603820800781,0.5,0.00025078369905956113
10,0.8373622894287109,0.5000626959247649,0.00025078369905956113
10,0.8373613357543945,0.5,0.00025078369905956113
10,0.8373618125915527,0.5000626959247649,0.00025078369905956113
10,0.8373615741729736,0.5000626959247649,0.00025078369905956113
10,0.8373614549636841,0.5000626959247649,0.00025078369905956113
10,0.8373613953590393,0.5000626959247649,0.00025078369905956113
10,0.8373613655567169,0.5000626959247649,0.00025078369905956113
10,0.8373613506555557,0.5,0.00025078369905956113
10,0.8373613581061363,0.5,0.00025078369905956113
10,0.8373613618314266,0.5,0.00025078369905956113
10,0.8373613636940718,0.5,0.00025078369905956113
10,0.8373613646253943,0.5,0.00025078369905956113
10,0.8373613650910556,0.5000626959247649,0.00025078369905956113
10,0.837361364858225,0.5,0.00025078369905956113
10,0.8373613649746403,0.5000626959247649,0.00025078369905956113
10,0.8373613649164326,0.5,0.00025078369905956113
10,0.8373613649455365,0.5000626959247649,0.00025078369905956113
10,0.8373613649309846,0.5,0.00025078369905956113
10,0.8373613649382605,0.5,0.00025078369905956113
10,0.8373613649418985,0.5000626959247649,0.00025078369905956113
10,0.8373613649400795,0.5000626959247649,0.00025078369905956113
10,0.83736136493917,0.5000626959247649,0.00025078369905956113
10,0.8373613649387153,0.5000626959247649,0.00025078369905956113
10,0.8373613649384879,0.5000626959247649,0.00025078369905956113
10,0.8373613649383742,0.5000626959247649,0.00025078369905956113
10,0.8373613649383174,0.5,0.00025078369905956113
10,0.8373613649383458,0.5,0.00025078369905956113
10,0.83736136493836,0.5000626959247649,0.00025078369905956113
10,0.8373613649383529,0.5000626959247649,0.00025078369905956113
10,0.8373613649383493,0.5,0.00025078369905956113
10,0.8373613649383511,0.5,0.00025078369905956113
10,0.837361364938352,0.5,0.00025078369905956113
10,0.8373613649383524,0.5000626959247649,0.00025078369905956113
10,0.8373613649383522,0.5000626959247649,0.00025078369905956113
10,0.8373613649383521,0.5000626959247649,0.00025078369905956113
10,2.0,0.996614420062696,0.3873981191222571
10,1.0,0.7876489028213166,0.0025078369905956114
10,0.5,0.06376175548589341,0.0
10,0.75,0.3504702194357367,0.00018808777429467084
10,0.875,0.569717868338558,0.00043887147335423197
10,0.9375,0.6843260188087774,0.0010031347962382445
10,0.90625,0.627962382445141,0.0008777429467084639
10,0.921875,0.6552351097178684,0.0009404388714733542
10,0.9296875,0.6698432601880878,0.0010031347962382445
10,0.92578125,0.6620689655172414,0.0010031347962382445
10,0.927734375,0.6658307210031348,0.0010031347962382445
10,0.9287109375,0.6678369905956113,0.0010031347962382445
10,0.92822265625,0.6669592476489028,0.0010031347962382445
10,0.927978515625,0.6663322884012539,0.0010031347962382445
10,0.9281005859375,0.6667084639498433,0.0010031347962382445
10,0.92803955078125,0.6663949843260188,0.0010031347962382445
10,0.928070068359375,0.6665830721003135,0.0010031347962382445
10,0.9280853271484375,0.6666457680250784,0.0010031347962382445
10,0.9280929565429688,0.6667084639498433,0.0010031347962382445
10,0.9280891418457031,0.6666457680250784,0.0010031347962382445
10,0.9280910491943359,0.6667084639498433,0.0010031347962382445
10,0.9280900955200195,0.6666457680250784,0.0010031347962382445
10,0.9280905723571777,0.6667084639498433,0.0010031347962382445
10,0.9280903339385986,0.6667084639498433,0.0010031347962382445
10,0.9280902147293091,0.6666457680250784,0.0010031347962382445
10,0.9280902743339539,0.6666457680250784,0.0010031347962382445
10,0.9280903041362762,0.6667084639498433,0.0010031347962382445
10,0.928090289235115,0.6667084639498433,0.0010031347962382445
10,0.9280902817845345,0.6667084639498433,0.0010031347962382445
10,0.9280902780592442,0.6666457680250784,0.0010031347962382445
10,0.9280902799218893,0.6667084639498433,0.0010031347962382445
10,0.9280902789905667,0.6667084639498433,0.0010031347962382445
10,0.9280902785249054,0.6666457680250784,0.0010031347962382445
10,0.9280902787577361,0.6667084639498433,0.0010031347962382445
10,0.9280902786413208,0.6666457680250784,0.0010031347962382445
10,0.9280902786995284,0.6666457680250784,0.0010031347962382445
10,0.9280902787286323,0.6666457680250784,0.0010031347962382445
10,0.9280902787431842,0.6666457680250784,0.0010031347962382445
10,0.9280902787504601,0.6667084639498433,0.0010031347962382445
10,0.9280902787468222,0.6666457680250784,0.0010031347962382445
10,0.9280902787486411,0.6667084639498433,0.0010031347962382445
10,0.9280902787477316,0.6667084639498433,0.0010031347962382445
10,0.9280902787472769,0.6667084639498433,0.0010031347962382445
10,0.9280902787470495,0.6666457680250784,0.0010031347962382445
10,0.9280902787471632,0.6667084639498433,0.0010031347962382445
10,0.9280902787471064,0.6667084639498433,0.0010031347962382445
10,0.928090278747078,0.6667084639498433,0.0010031347962382445
10,0.9280902787470637,0.6666457680250784,0.0010031347962382445
10,0.9280902787470708,0.6666457680250784,0.0010031347962382445
10,0.9280902787470744,0.6666457680250784,0.0010031347962382445
10,0.9280902787470762,0.6666457680250784,0.0010031347962382445
10,0.9280902787470771,0.6666457680250784,0.0010031347962382445
10,0.9280902787470775,0.6666457680250784,0.0010031347962382445
10,0.9280902787470777,0.6666457680250784,0.0010031347962382445
10,0.9280902787470778,0.6667084639498433,0.0010031347962382445
10,2.0,0.996614420062696,0.3873981191222571
10,1.0,0.7876489028213166,0.0025078369905956114
10,1.5,0.9867084639498432,0.12200626959247649
10,1.25,0.9594984326018808,0.036112852664576804
10,1.125,0.9129153605015674,0.010658307210031349
10,1.0625,0.8643887147335423,0.005078369905956113
10,1.03125,0.8315987460815047,0.0032601880877742946
10,1.015625,0.8106583072100313,0.0030094043887147334
10,1.0078125,0.8003134796238245,0.002758620689655172
10,1.00390625,0.7944200626959248,0.002633228840125392
10,1.005859375,0.7974921630094044,0.0026959247648902823
10,1.0068359375,0.7986833855799373,0.0026959247648902823
10,1.00732421875,0.7991849529780565,0.0026959247648902823
10,1.007568359375,0.7996865203761756,0.002758620689655172
10,1.0076904296875,0.8000626959247649,0.002758620689655172
10,1.00762939453125,0.8,0.002758620689655172
10,1.007659912109375,0.8,0.002758620689655172
10,1.0076751708984375,0.8000626959247649,0.002758620689655172
10,1.0076675415039062,0.8,0.002758620689655172
10,1.0076713562011719,0.8,0.002758620689655172
10,1.0076732635498047,0.8,0.002758620689655172
10,1.007674217224121,0.8000626959247649,0.002758620689655172
10,1.007673740386963,0.8000626959247649,0.002758620689655172
10,1.0076735019683838,0.8000626959247649,0.002758620689655172
10,1.0076733827590942,0.8,0.002758620689655172
10,1.007673442363739,0.8000626959247649,0.002758620689655172
10,1.0076734125614166,0.8,0.002758620689655172
10,1.0076734274625778,0.8000626959247649,0.002758620689655172
10,1.0076734200119972,0.8000626959247649,0.002758620689655172
10,1.007673416286707,0.8,0.002758620689655172
10,1.007673418149352,0.8000626959247649,0.002758620689655172
10,1.0076734172180295,0.8000626959247649,0.002758620689655172
10,1.0076734167523682,0.8,0.002758620689655172
10,1.0076734169851989,0.8000626959247649,0.002758620689655172
10,1.0076734168687835,0.8,0.002758620689655172
10,1.0076734169269912,0.8,0.002758620689655172
10,1.007673416956095,0.8000626959247649,0.002758620689655172
10,1.007673416941543,0.8,0.002758620689655172
10,1.007673416948819,0.8000626959247649,0.002758620689655172
10,1.007673416945181,0.8000626959247649,0.002758620689655172
10,1.007673416943362,0.8000626959247649,0.002758620689655172
10,1.0076734169424526,0.8000626959247649,0.002758620689655172
10,1.0076734169419979,0.8000626959247649,0.002758620689655172
10,1.0076734169417705,0.8,0.002758620689655172
10,1.0076734169418842,0.8000626959247649,0.002758620689655172
10,1.0076734169418273,0.8000626959247649,0.002758620689655172
10,1.007673416941799,0.8,0.002758620689655172
10,1.0076734169418131,0.8,0.002758620689655172
10,1.0076734169418202,0.8000626959247649,0.002758620689655172
10,1.0076734169418167,0.8000626959247649,0.002758620689655172
10,1.007673416941815,0.8,0.002758620689655172
10,1.0076734169418158,0.8000626959247649,0.002758620689655172
10,1.0076734169418153,0.8000626959247649,0.002758620689655172
10,1.0076734169418151,0.8,0.002758620689655172
10,2.0,0.996614420062696,0.3873981191222571
10,1.0,0.7876489028213166,0.0025078369905956114
10,1.5,0.9867084639498432,0.12200626959247649
10,1.25,0.9594984326018808,0.036112852664576804
10,1.125,0.9129153605015674,0.010658307210031349
10,1.0625,0.8643887147335423,0.005078369905956113
10,1.03125,0.8315987460815047,0.0032601880877742946
10,1.046875,0.8496551724137931,0.0038871473354231975
10,1.0546875,0.8572413793103448,0.004137931034482759
10,1.05078125,0.8533542319749217,0.004012539184952978
10,1.052734375,0.8554858934169279,0.0040752351097178684
10,1.0537109375,0.856614420062696,0.004137931034482759
10,1.05419921875,0.8568025078369906,0.004137931034482759
10,1.054443359375,0.8570532915360501,0.004137931034482759
10,1.0545654296875,0.8571159874608151,0.004137931034482759
10,1.05462646484375,0.8572413793103448,0.004137931034482759
10,1.054595947265625,0.8571786833855799,0.004137931034482759
10,1.0545806884765625,0.8571786833855799,0.004137931034482759
10,1.0545730590820312,0.8571159874608151,0.004137931034482759
10,1.0545768737792969,0.8571786833855799,0.004137931034482759
10,1.054574966430664,0.8571786833855799,0.004137931034482759
10,1.0545740127563477,0.8571786833855799,0.004137931034482759
10,1.0545735359191895,0.8571159874608151,0.004137931034482759
10,1.0545737743377686,0.8571786833855799,0.004137931034482759
10,1.054573655128479,0.8571786833855799,0.004137931034482759
10,1.0545735955238342,0.8571159874608151,0.004137931034482759
10,1.0545736253261566,0.8571159874608151,0.004137931034482759
10,1.0545736402273178,0.8571786833855799,0.004137931034482759
10,1.0545736327767372,0.8571159874608151,0.004137931034482759
10,1.0545736365020275,0.8571159874608151,0.004137931034482759
10,1.0545736383646727,0.8571786833855799,0.004137931034482759
10,1.05457363743335,0.8571786833855799,0.004137931034482759
10,1.0545736369676888,0.8571786833855799,0.004137931034482759
10,1.0545736367348582,0.8571786833855799,0.004137931034482759
10,1.0545736366184428,0.8571159874608151,0.004137931034482759
10,1.0545736366766505,0.8571786833855799,0.004137931034482759
10,1.0545736366475467,0.8571159874608151,0.004137931034482759
10,1.0545736366620986,0.8571159874608151,0.004137931034482759
10,1.0545736366693745,0.8571159874608151,0.004137931034482759
10,1.0545736366730125,0.8571159874608151,0.004137931034482759
10,1.0545736366748315,0.8571159874608151,0.004137931034482759
10,1.054573636675741,0.8571159874608151,0.004137931034482759
10,1.0545736366761957,0.8571159874608151,0.004137931034482759
10,1.0545736366764231,0.8571786833855799,0.004137931034482759
10,1.0545736366763094,0.8571159874608151,0.004137931034482759
10,1.0545736366763663,0.8571786833855799,0.004137931034482759
10,1.0545736366763379,0.8571786833855799,0.004137931034482759
10,1.0545736366763236,0.8571786833855799,0.004137931034482759
10,1.0545736366763165,0.8571159874608151,0.004137931034482759
10,1.05457363667632,0.8571159874608151,0.004137931034482759
10,1.0545736366763219,0.8571786833855799,0.004137931034482759
10,1.054573636676321,0.8571159874608151,0.004137931034482759
10,1.0545736366763214,0.8571159874608151,0.004137931034482759
10,1.0545736366763216,0.8571159874608151,0.004137931034482759
10,2.0,0.996614420062696,0.3873981191222571
10,1.0,0.7876489028213166,0.0025078369905956114
10,1.5,0.9867084639498432,0.12200626959247649
10,1.25,0.9594984326018808,0.036112852664576804
10,1.125,0.9129153605015674,0.010658307210031349
10,1.0625,0.8643887147335423,0.005078369905956113
10,1.09375,0.8928526645768025,0.007335423197492163
10,1.078125,0.8795611285266458,0.006081504702194357
10,1.0859375,0.8863322884012539,0.0065830721003134795
10,1.08984375,0.8895297805642634,0.006959247648902821
10,1.087890625,0.8880877742946709,0.00664576802507837
10,1.0888671875,0.8886520376175548,0.00670846394984326
10,1.08935546875,0.889153605015674,0.006959247648902821
10,1.089111328125,0.8887774294670846,0.00677115987460815
10,1.0892333984375,0.8889028213166145,0.006896551724137931
10,1.08917236328125,0.8888401253918495,0.006896551724137931
10,1.089202880859375,0.8889028213166145,0.006896551724137931
10,1.0891876220703125,0.8889028213166145,0.006896551724137931
10,1.0891799926757812,0.8889028213166145,0.006896551724137931
10,1.0891761779785156,0.8889028213166145,0.006896551724137931
10,1.0891742706298828,0.8889028213166145,0.006896551724137931
10,1.0891733169555664,0.8888401253918495,0.006896551724137931
10,1.0891737937927246,0.8888401253918495,0.006896551724137931
10,1.0891740322113037,0.8888401253918495,0.006896551724137931
10,1.0891741514205933,0.8889028213166145,0.006896551724137931
10,1.0891740918159485,0.8889028213166145,0.006896551724137931
10,1.089174062013626,0.8889028213166145,0.006896551724137931
10,1.089174047112465,0.8888401253918495,0.006896551724137931
10,1.0891740545630455,0.8888401253918495,0.006896551724137931
10,1.0891740582883358,0.8888401253918495,0.006896551724137931
10,1.089174060150981,0.8889028213166145,0.006896551724137931
10,1.0891740592196584,0.8888401253918495,0.006896551724137931
10,1.0891740596853197,0.8889028213166145,0.006896551724137931
10,1.089174059452489,0.8889028213166145,0.006896551724137931
10,1.0891740593360737,0.8888401253918495,0.006896551724137931
10,1.0891740593942814,0.8889028213166145,0.006896551724137931
10,1.0891740593651775,0.8889028213166145,0.006896551724137931
10,1.0891740593506256,0.8889028213166145,0.006896551724137931
10,1.0891740593433497,0.8888401253918495,0.006896551724137931
10,1.0891740593469876,0.8889028213166145,0.006896551724137931
10,1.0891740593451686,0.8888401253918495,0.006896551724137931
10,1.0891740593460781,0.8889028213166145,0.006896551724137931
10,1.0891740593456234,0.8889028213166145,0.006896551724137931
10,1.089174059345396,0.8889028213166145,0.006896551724137931
10,1.0891740593452823,0.8889028213166145,0.006896551724137931
10,1.0891740593452255,0.8888401253918495,0.006896551724137931
10,1.089174059345254,0.8888401253918495,0.006896551724137931
10,1.0891740593452681,0.8889028213166145,0.006896551724137931
10,1.089174059345261,0.8888401253918495,0.006896551724137931
10,1.0891740593452646,0.8888401253918495,0.006896551724137931
10,1.0891740593452663,0.8889028213166145,0.006896551724137931
10,1.0891740593452655,0.8888401253918495,0.006896551724137931
10,1.089174059345266,0.8889028213166145,0.006896551724137931
10,1.0891740593452657,0.8889028213166145,0.006896551724137931
10,2.0,0.996614420062696,0.3873981191222571
10,1.0,0.7876489028213166,0.0025078369905956114
10,1.5,0.9867084639498432,0.12200626959247649
10,1.25,0.9594984326018808,0.036112852664576804
10,1.125,0.9129153605015674,0.010658307210031349
10,1.0625,0.8643887147335423,0.005078369905956113
10,1.09375,0.8928526645768025,0.007335423197492163
10,1.109375,0.9041379310344828,0.00890282131661442
10,1.1171875,0.9083385579937304,0.009529780564263323
10,1.12109375,0.9108463949843261,0.010094043887147335
10,1.119140625,0.9094043887147335,0.009780564263322885
10,1.1181640625,0.9088401253918496,0.009717868338557993
10,1.11865234375,0.9090909090909091,0.009717868338557993
10,1.118896484375,0.9093416927899687,0.009780564263322885
10,1.1187744140625,0.9093416927899687,0.009780564263322885
10,1.11871337890625,0.9092163009404389,0.009780564263322885
10,1.118682861328125,0.9090909090909091,0.009717868338557993
10,1.1186981201171875,0.909153605015674,0.009717868338557993
10,1.1186904907226562,0.909153605015674,0.009717868338557993
10,1.1186866760253906,0.909153605015674,0.009717868338557993
10,1.1186847686767578,0.909153605015674,0.009717868338557993
10,1.1186838150024414,0.909153605015674,0.009717868338557993
10,1.1186833381652832,0.909153605015674,0.009717868338557993
10,1.118683099746704,0.909153605015674,0.009717868338557993
10,1.1186829805374146,0.9090909090909091,0.009717868338557993
10,1.1186830401420593,0.909153605015674,0.009717868338557993
10,1.118683010339737,0.909153605015674,0.009717868338557993
10,1.1186829954385757,0.909153605015674,0.009717868338557993
10,1.1186829879879951,0.909153605015674,0.009717868338557993
10,1.1186829842627048,0.909153605015674,0.009717868338557993
10,1.1186829824000597,0.909153605015674,0.009717868338557993
10,1.1186829814687371,0.9090909090909091,0.009717868338557993
10,1.1186829819343984,0.9090909090909091,0.009717868338557993
10,1.118682982167229,0.909153605015674,0.009717868338557993
10,1.1186829820508137,0.9090909090909091,0.009717868338557993
10,1.1186829821090214,0.9090909090909091,0.009717868338557993
10,1.1186829821381252,0.9090909090909091,0.009717868338557993
10,1.1186829821526771,0.909153605015674,0.009717868338557993
10,1.1186829821454012,0.909153605015674,0.009717868338557993
10,1.1186829821417632,0.9090909090909091,0.009717868338557993
10,1.1186829821435822,0.9090909090909091,0.009717868338557993
10,1.1186829821444917,0.9090909090909091,0.009717868338557993
10,1.1186829821449464,0.909153605015674,0.009717868338557993
10,1.118682982144719,0.9090909090909091,0.009717868338557993
10,1.1186829821448327,0.9090909090909091,0.009717868338557993
10,1.1186829821448896,0.9090909090909091,0.009717868338557993
10,1.118682982144918,0.909153605015674,0.009717868338557993
10,1.1186829821449038,0.9090909090909091,0.009717868338557993
10,1.118682982144911,0.9090909090909091,0.009717868338557993
10,1.1186829821449145,0.9090909090909091,0.009717868338557993
10,1.1186829821449162,0.909153605015674,0.009717868338557993
10,1.1186829821449153,0.9090909090909091,0.009717868338557993
10,1.1186829821449158,0.909153605015674,0.009717868338557993
10,1.1186829821449156,0.9090909090909091,0.009717868338557993
10,2.0,0.996614420062696,0.3873981191222571
10,3.0,0.9991849529780564,0.7453291536050157
10,3.5,0.9995611285266458,0.8421316614420062
10,3.75,0.9996238244514106,0.8803761755485894
10,3.875,0.9996238244514106,0.8972413793103449
10,3.9375,0.9996238244514106,0.9043260188087774
10,3.96875,0.9996238244514106,0.9069592476489028
10,3.984375,0.9996238244514106,0.9089655172413793
10,3.9921875,0.9996238244514106,0.9104075235109718
10,3.99609375,0.9996238244514106,0.9107210031347962
10,3.998046875,0.9996238244514106,0.9110344827586206
10,3.9990234375,0.9996238244514106,0.9111598746081505
10,3.99951171875,0.9996238244514106,0.9111598746081505
10,3.999755859375,0.9996238244514106,0.9111598746081505
10,3.9998779296875,0.9996238244514106,0.9112225705329153
10,3.99993896484375,0.9996238244514106,0.9112225705329153
10,3.999969482421875,0.9996238244514106,0.9112225705329153
10,3.9999847412109375,0.9996238244514106,0.9112225705329153
10,3.9999923706054688,0.9996238244514106,0.9112225705329153
10,3.9999961853027344,0.9996238244514106,0.9112225705329153
10,3.999998092651367,0.9996238244514106,0.9112225705329153
10,3.9999990463256836,0.9996238244514106,0.9112225705329153
10,3.999999523162842,0.9996238244514106,0.9112225705329153
10,3.999999761581421,0.9996238244514106,0.9112225705329153
10,3.9999998807907104,0.9996238244514106,0.9112225705329153
10,3.9999999403953552,0.9996238244514106,0.9112225705329153
10,3.9999999701976776,0.9996238244514106,0.9112225705329153
10,3.999999985098839,0.9996238244514106,0.9112225705329153
10,3.9999999925494194,0.9996238244514106,0.9112225705329153
10,3.9999999962747097,0.9996238244514106,0.9112225705329153
10,3.999999998137355,0.9996238244514106,0.9112225705329153
10,3.9999999990686774,0.9996238244514106,0.9112225705329153
10,3.9999999995343387,0.9996238244514106,0.9112225705329153
10,3.9999999997671694,0.9996238244514106,0.9112225705329153
10,3.9999999998835847,0.9996238244514106,0.9112225705329153
10,3.9999999999417923,0.9996238244514106,0.9112225705329153
10,3.999999999970896,0.9996238244514106,0.9112225705329153
10,3.999999999985448,0.9996238244514106,0.9112225705329153
10,3.999999999992724,0.9996238244514106,0.9112225705329153
10,3.999999999996362,0.9996238244514106,0.9112225705329153
10,3.999999999998181,0.9996238244514106,0.9112225705329153
10,3.9999999999990905,0.9996238244514106,0.9112225705329153
10,3.9999999999995453,0.9996238244514106,0.9112225705329153
10,3.9999999999997726,0.9996238244514106,0.9112225705329153
10,3.9999999999998863,0.9996238244514106,0.9112225705329153
10,3.999999999999943,0.9996238244514106,0.9112225705329153
10,3.9999999999999716,0.9996238244514106,0.9112225705329153
10,3.999999999999986,0.9996238244514106,0.9112225705329153
10,3.999999999999993,0.9996238244514106,0.9112225705329153
10,3.9999999999999964,0.9996238244514106,0.9112225705329153
10,3.9999999999999982,0.9996238244514106,0.9112225705329153
10,3.999999999999999,0.9996238244514106,0.9112225705329153
10,3.9999999999999996,0.9996238244514106,0.9112225705329153
10,4.0,0.9996238244514106,0.9112225705329153
